task_type,task_id,difficulty,model,strain_true,strain_pred,resistance_true,resistance_pred,strain_error,resistance_error,normalized_error,score,fatigue_true,fatigue_pred,fatigue_error,horizon,mean_strain_error,mean_resistance_error
forward,F_easy_000,easy,Random baseline,0.13403312415720978,0.26577451449239203,135.1267639889491,195.2726963938641,0.13174139033518226,60.14593240491499,5.0406651029002445,0.16554468472683248,,,,,,
forward,F_easy_000,easy,Last-value baseline,0.13403312415720978,0.13403312415720978,135.1267639889491,141.75167927303792,0.0,6.624915284088814,0.26499661136355257,0.7905159515977594,,,,,,
forward,F_easy_000,easy,Curve-fit baseline,0.13403312415720978,0.13403312415720978,135.1267639889491,133.54302094049686,0.0,1.5837430484522486,0.06334972193808994,0.9404243772005442,,,,,,
forward,F_easy_000,easy,Oracle simulator,0.13403312415720978,0.13403312415720978,135.1267639889491,135.1267639889491,0.0,0.0,0.0,1.0,,,,,,
forward,F_easy_001,easy,Random baseline,0.15697250442213564,0.36009868196139344,131.46267643868737,153.97693326197478,0.2031261775392578,22.51425682328741,4.963093823716652,0.16769818311809226,,,,,,
forward,F_easy_001,easy,Last-value baseline,0.15697250442213564,0.15697250442213564,131.46267643868737,126.56526018382571,0.0,4.897416254861653,0.19589665019446614,0.8361926591544419,,,,,,
forward,F_easy_001,easy,Curve-fit baseline,0.15697250442213564,0.15697250442213564,131.46267643868737,130.64172655162218,0.0,0.8209498870651828,0.03283799548260731,0.9682060539733889,,,,,,
forward,F_easy_001,easy,Oracle simulator,0.15697250442213564,0.15697250442213564,131.46267643868737,131.46267643868737,0.0,0.0,0.0,1.0,,,,,,
forward,F_easy_002,easy,Random baseline,0.06317902652367571,0.11166406928767386,115.5081001847042,286.39866785772216,0.04848504276399815,170.89056767301796,7.805323562200681,0.1135676608515308,,,,,,
forward,F_easy_002,easy,Last-value baseline,0.06317902652367571,0.06317902652367571,115.5081001847042,116.36170405681929,0.0,0.8536038721150874,0.0341441548846035,0.9669831766457999,,,,,,
forward,F_easy_002,easy,Curve-fit baseline,0.06317902652367571,0.06317902652367571,115.5081001847042,115.37576282956033,0.0,0.1323373551438749,0.005293494205754996,0.9947343793267684,,,,,,
forward,F_easy_002,easy,Oracle simulator,0.06317902652367571,0.06317902652367571,115.5081001847042,115.5081001847042,0.0,0.0,0.0,1.0,,,,,,
forward,F_easy_003,easy,Random baseline,0.09863137266497976,0.10595767696940808,124.23756792243107,292.90536304061277,0.007326304304428322,168.6677951181817,6.893237890815834,0.12669072107449703,,,,,,
forward,F_easy_003,easy,Last-value baseline,0.09863137266497976,0.09863137266497976,124.23756792243107,130.58792568684345,0.0,6.350357764412379,0.25401431057649515,0.7974390655400737,,,,,,
forward,F_easy_003,easy,Curve-fit baseline,0.09863137266497976,0.09863137266497976,124.23756792243107,122.64051713819612,0.0,1.597050784234952,0.06388203136939807,0.9399538393489256,,,,,,
forward,F_easy_003,easy,Oracle simulator,0.09863137266497976,0.09863137266497976,124.23756792243107,124.23756792243107,0.0,0.0,0.0,1.0,,,,,,
forward,F_easy_004,easy,Random baseline,0.09373078362396212,0.36025725060590075,125.04347103420078,236.0417533861391,0.2665264669819386,110.99828235193833,9.770460633716304,0.09284653962427176,,,,,,
forward,F_easy_004,easy,Last-value baseline,0.09373078362396212,0.09373078362396212,125.04347103420078,125.95684195234081,0.0,0.913370918140032,0.03653483672560128,0.9647529099542719,,,,,,
forward,F_easy_004,easy,Curve-fit baseline,0.09373078362396212,0.09373078362396212,125.04347103420078,124.18903246109159,0.0,0.8544385731091921,0.034177542924367685,0.9669519579513176,,,,,,
forward,F_easy_004,easy,Oracle simulator,0.09373078362396212,0.09373078362396212,125.04347103420078,125.04347103420078,0.0,0.0,0.0,1.0,,,,,,
forward,F_easy_005,easy,Random baseline,0.0394936747607225,0.23494733968265186,113.32120199196542,277.051121366123,0.19545366492192937,163.7299193741576,10.45827007340489,0.08727320909646218,,,,,,
forward,F_easy_005,easy,Last-value baseline,0.0394936747607225,0.0394936747607225,113.32120199196542,123.29792040752372,0.0,9.976718415558295,0.39906873662233183,0.7147611649261966,,,,,,
forward,F_easy_005,easy,Curve-fit baseline,0.0394936747607225,0.0394936747607225,113.32120199196542,115.10218965810007,0.0,1.7809876661346493,0.07123950664538597,0.9334980588342244,,,,,,
forward,F_easy_005,easy,Oracle simulator,0.0394936747607225,0.0394936747607225,113.32120199196542,113.32120199196542,0.0,0.0,0.0,1.0,,,,,,
forward,F_easy_006,easy,Random baseline,0.14085520983636318,0.22765506450717982,138.84799648652967,84.32124104621012,0.08679985467081663,54.52675544031955,3.9170673110291148,0.20337325823402355,,,,,,
forward,F_easy_006,easy,Last-value baseline,0.14085520983636318,0.14085520983636318,138.84799648652967,149.55155681839346,0.0,10.703560331863798,0.42814241327455194,0.7002102806449989,,,,,,
forward,F_easy_006,easy,Curve-fit baseline,0.14085520983636318,0.14085520983636318,138.84799648652967,131.98901992491196,0.0,6.858976561617709,0.27435906246470837,0.784708195244379,,,,,,
forward,F_easy_006,easy,Oracle simulator,0.14085520983636318,0.14085520983636318,138.84799648652967,138.84799648652967,0.0,0.0,0.0,1.0,,,,,,
forward,F_easy_007,easy,Random baseline,0.08798295535964831,0.21677593847327636,119.42797224082103,294.21773766192837,0.12879298311362805,174.78976542110735,9.567450279116855,0.09463020630209884,,,,,,
forward,F_easy_007,easy,Last-value baseline,0.08798295535964831,0.08798295535964831,119.42797224082103,120.2734001369501,0.0,0.8454278961290669,0.03381711584516268,0.9672890733507379,,,,,,
forward,F_easy_007,easy,Curve-fit baseline,0.08798295535964831,0.08798295535964831,119.42797224082103,119.346104636847,0.0,0.08186760397403248,0.0032747041589612992,0.996735984526086,,,,,,
forward,F_easy_007,easy,Oracle simulator,0.08798295535964831,0.08798295535964831,119.42797224082103,119.42797224082103,0.0,0.0,0.0,1.0,,,,,,
forward,F_easy_008,easy,Random baseline,0.18770047378305596,0.2974104202522851,145.89759664541342,252.85556607726193,0.10970994646922913,106.95796943184851,6.4725177066585236,0.1338237043063721,,,,,,
forward,F_easy_008,easy,Last-value baseline,0.18770047378305596,0.18770047378305596,145.89759664541342,140.2376580336388,0.0,5.659938611774606,0.22639754447098426,0.8153962836180967,,,,,,
forward,F_easy_008,easy,Curve-fit baseline,0.18770047378305596,0.18770047378305596,145.89759664541342,144.69196740516847,0.0,1.2056292402449458,0.04822516960979783,0.9539935015796753,,,,,,
forward,F_easy_008,easy,Oracle simulator,0.18770047378305596,0.18770047378305596,145.89759664541342,145.89759664541342,0.0,0.0,0.0,1.0,,,,,,
forward,F_easy_009,easy,Random baseline,0.08539831732488459,0.0046643353927629414,121.5952770062562,170.23402244174903,0.08073398193212165,48.63874543549284,3.5602294560621464,0.2192872112324631,,,,,,
forward,F_easy_009,easy,Last-value baseline,0.08539831732488459,0.08539831732488459,121.5952770062562,112.78594319656722,0.0,8.80933380968898,0.3523733523875592,0.7394407751635607,,,,,,
forward,F_easy_009,easy,Curve-fit baseline,0.08539831732488459,0.08539831732488459,121.5952770062562,120.48949641387183,0.0,1.105780592384363,0.04423122369537452,0.9576423088184942,,,,,,
forward,F_easy_009,easy,Oracle simulator,0.08539831732488459,0.08539831732488459,121.5952770062562,121.5952770062562,0.0,0.0,0.0,1.0,,,,,,
forward,F_easy_010,easy,Random baseline,0.23905005217033187,0.33920482934898083,152.8002270883293,86.71355303716669,0.10015477717864896,66.08667405116262,4.6465625056194835,0.17709889848997432,,,,,,
forward,F_easy_010,easy,Last-value baseline,0.23905005217033187,0.23905005217033187,152.8002270883293,146.62585268699527,0.0,6.174374401334035,0.24697497605336138,0.8019407118857911,,,,,,
forward,F_easy_010,easy,Curve-fit baseline,0.23905005217033187,0.23905005217033187,152.8002270883293,151.85178646082605,0.0,0.9484406275032597,0.03793762510013039,0.9634490318274467,,,,,,
forward,F_easy_010,easy,Oracle simulator,0.23905005217033187,0.23905005217033187,152.8002270883293,152.8002270883293,0.0,0.0,0.0,1.0,,,,,,
forward,F_easy_011,easy,Random baseline,0.0,0.03189748784942057,106.14571917026862,140.7583212593288,0.03189748784942057,34.612602089060175,2.0224538405508183,0.33085699658452283,,,,,,
forward,F_easy_011,easy,Last-value baseline,0.0,0.0,106.14571917026862,116.05864922818655,0.0,9.912930057917933,0.39651720231671733,0.7160670834137058,,,,,,
forward,F_easy_011,easy,Curve-fit baseline,0.0,0.0,106.14571917026862,104.94895817345746,0.0,1.1967609968111645,0.04787043987244658,0.9543164516805401,,,,,,
forward,F_easy_011,easy,Oracle simulator,0.0,0.0,106.14571917026862,106.14571917026862,0.0,0.0,0.0,1.0,,,,,,
forward,F_easy_012,easy,Random baseline,0.2768712916445823,0.27257890631262266,160.6976973554598,266.93095060659215,0.004292385331959636,106.23325325113234,4.335177836684486,0.18743517659787026,,,,,,
forward,F_easy_012,easy,Last-value baseline,0.2768712916445823,0.2768712916445823,160.6976973554598,154.87989287144302,0.0,5.81780448401679,0.2327121793606716,0.8112193720018532,,,,,,
forward,F_easy_012,easy,Curve-fit baseline,0.2768712916445823,0.2768712916445823,160.6976973554598,160.55296527640073,0.0,0.14473207905908225,0.0057892831623632904,0.9942440397215598,,,,,,
forward,F_easy_012,easy,Oracle simulator,0.2768712916445823,0.2768712916445823,160.6976973554598,160.6976973554598,0.0,0.0,0.0,1.0,,,,,,
forward,F_easy_013,easy,Random baseline,0.1278816105980719,0.08112922138163753,131.10046405313813,281.36086391358066,0.046752389216434376,150.26039986044253,6.945463778746388,0.12585797731215345,,,,,,
forward,F_easy_013,easy,Last-value baseline,0.1278816105980719,0.1278816105980719,131.10046405313813,125.78784205275679,0.0,5.312622000381339,0.21250488001525356,0.8247389486691549,,,,,,
forward,F_easy_013,easy,Curve-fit baseline,0.1278816105980719,0.1278816105980719,131.10046405313813,129.10913128271818,0.0,1.9913327704199446,0.07965331081679779,0.9262232514652902,,,,,,
forward,F_easy_013,easy,Oracle simulator,0.1278816105980719,0.1278816105980719,131.10046405313813,131.10046405313813,0.0,0.0,0.0,1.0,,,,,,
forward,F_easy_014,easy,Random baseline,0.03788017511959713,0.1931167239026809,110.29930400053404,159.88109393252927,0.15523654878308377,49.58178993199523,5.088002572941484,0.16425748642823573,,,,,,
forward,F_easy_014,easy,Last-value baseline,0.03788017511959713,0.03788017511959713,110.29930400053404,116.45502867000762,0.0,6.155724669473585,0.24622898677894342,0.8024207514099336,,,,,,
forward,F_easy_014,easy,Curve-fit baseline,0.03788017511959713,0.03788017511959713,110.29930400053404,111.21686692529576,0.0,0.9175629247617252,0.03670251699046901,0.9645968670964397,,,,,,
forward,F_easy_014,easy,Oracle simulator,0.03788017511959713,0.03788017511959713,110.29930400053404,110.29930400053404,0.0,0.0,0.0,1.0,,,,,,
forward,F_easy_015,easy,Random baseline,0.09067829721194631,0.11544958998452835,124.56292349045226,210.1376153676022,0.02477129277258204,85.57469187714993,3.918413530537638,0.20331759291713902,,,,,,
forward,F_easy_015,easy,Last-value baseline,0.09067829721194631,0.09067829721194631,124.56292349045226,131.01065906570395,0.0,6.447735575251684,0.25790942301006736,0.7949697980694725,,,,,,
forward,F_easy_015,easy,Curve-fit baseline,0.09067829721194631,0.09067829721194631,124.56292349045226,123.46239628768511,0.0,1.1005272027671538,0.04402108811068615,0.957835058494509,,,,,,
forward,F_easy_015,easy,Oracle simulator,0.09067829721194631,0.09067829721194631,124.56292349045226,124.56292349045226,0.0,0.0,0.0,1.0,,,,,,
forward,F_easy_016,easy,Random baseline,0.08960000000000001,0.3434434320777047,123.51158249049216,191.6938417723949,0.2538434320777047,68.18225928190274,7.804159012830203,0.11358268274604208,,,,,,
forward,F_easy_016,easy,Last-value baseline,0.08960000000000001,0.08960000000000001,123.51158249049216,113.8509416682522,0.0,9.660640822239955,0.3864256328895982,0.7212792206645754,,,,,,
forward,F_easy_016,easy,Curve-fit baseline,0.08960000000000001,0.08960000000000001,123.51158249049216,118.01894643663812,0.0,5.492636053854042,0.21970544215416168,0.8198700812827949,,,,,,
forward,F_easy_016,easy,Oracle simulator,0.08960000000000001,0.08960000000000001,123.51158249049216,123.51158249049216,0.0,0.0,0.0,1.0,,,,,,
forward,F_easy_017,easy,Random baseline,0.0888655991049919,0.0890618732775474,123.8487112254843,82.74014179350031,0.00019627417255550783,41.10856943198398,1.6482682607304695,0.37760525050591776,,,,,,
forward,F_easy_017,easy,Last-value baseline,0.0888655991049919,0.0888655991049919,123.8487112254843,134.00259794723408,0.0,10.153886721749785,0.40615546886999143,0.7111589167331659,,,,,,
forward,F_easy_017,easy,Curve-fit baseline,0.0888655991049919,0.0888655991049919,123.8487112254843,122.3988199388722,0.0,1.4498912866121003,0.057995651464484016,0.9451834689639735,,,,,,
forward,F_easy_017,easy,Oracle simulator,0.0888655991049919,0.0888655991049919,123.8487112254843,123.8487112254843,0.0,0.0,0.0,1.0,,,,,,
forward,F_medium_018,medium,Random baseline,0.08190517710078529,0.3648289970215784,134.76679538560248,307.44514242806923,0.2829238199207931,172.67834704246675,12.565610280114532,0.07371581368999472,,,,,,
forward,F_medium_018,medium,Last-value baseline,0.08190517710078529,0.08190517710078529,134.76679538560248,142.8967152803284,0.0,8.12991989472593,0.3251967957890372,0.7546049033453848,,,,,,
forward,F_medium_018,medium,Curve-fit baseline,0.08190517710078529,0.08190517710078529,134.76679538560248,128.89505005569197,0.0,5.87174532991051,0.23486981319642042,0.8098019639912749,,,,,,
forward,F_medium_018,medium,Oracle simulator,0.08190517710078529,0.08190517710078529,134.76679538560248,134.76679538560248,0.0,0.0,0.0,1.0,,,,,,
forward,F_medium_019,medium,Random baseline,0.04877544365384271,0.006201119928440946,122.77500592482924,93.09233905561985,0.042574323725401764,29.6826668692094,2.0387931492764113,0.3290780092215612,,,,,,
forward,F_medium_019,medium,Last-value baseline,0.04877544365384271,0.04877544365384271,122.77500592482924,113.0724582076608,0.0,9.702547717168443,0.3881019086867377,0.720408201834464,,,,,,
forward,F_medium_019,medium,Curve-fit baseline,0.04877544365384271,0.04877544365384271,122.77500592482924,120.27303580881855,0.0,2.501970116010696,0.10007880464042784,0.9090257859543619,,,,,,
forward,F_medium_019,medium,Oracle simulator,0.04877544365384271,0.04877544365384271,122.77500592482924,122.77500592482924,0.0,0.0,0.0,1.0,,,,,,
forward,F_medium_020,medium,Random baseline,0.2221534195422615,0.04235190250198593,180.71981349051111,207.62581581320651,0.17980151704027558,26.9060023226954,4.672270433713328,0.1762962488629715,,,,,,
forward,F_medium_020,medium,Last-value baseline,0.2221534195422615,0.2221534195422615,180.71981349051111,180.16705420277512,0.0,0.552759287735995,0.0221103715094398,0.9783679217766009,,,,,,
forward,F_medium_020,medium,Curve-fit baseline,0.2221534195422615,0.2221534195422615,180.71981349051111,176.72153860812043,0.0,3.998274882390689,0.15993099529562754,0.8621202503043153,,,,,,
forward,F_medium_020,medium,Oracle simulator,0.2221534195422615,0.2221534195422615,180.71981349051111,180.71981349051111,0.0,0.0,0.0,1.0,,,,,,
forward,F_medium_021,medium,Random baseline,0.04428193608165355,0.3633687618371175,120.42445316043599,137.11464690192966,0.319086825755464,16.690193741493673,7.049344264769027,0.12423372228926462,,,,,,
forward,F_medium_021,medium,Last-value baseline,0.04428193608165355,0.04428193608165355,120.42445316043599,132.87985218546385,0.0,12.455399025027859,0.49821596100111437,0.6674605170617698,,,,,,
forward,F_medium_021,medium,Curve-fit baseline,0.04428193608165355,0.04428193608165355,120.42445316043599,117.63650803618197,0.0,2.7879451242540227,0.11151780497016091,0.8996706985065753,,,,,,
forward,F_medium_021,medium,Oracle simulator,0.04428193608165355,0.04428193608165355,120.42445316043599,120.42445316043599,0.0,0.0,0.0,1.0,,,,,,
forward,F_medium_022,medium,Random baseline,0.21458739714237315,0.24819823095519725,196.02029148548553,292.1744868967721,0.03361083381282409,96.1541954112866,4.518384492707946,0.181212454717755,,,,,,
forward,F_medium_022,medium,Last-value baseline,0.21458739714237315,0.21458739714237315,196.02029148548553,204.77405953403516,0.0,8.753768048549631,0.35015072194198527,0.740658049318859,,,,,,
forward,F_medium_022,medium,Curve-fit baseline,0.21458739714237315,0.21458739714237315,196.02029148548553,195.04736429327866,0.0,0.9729271922068676,0.038917087688274704,0.9625407184563012,,,,,,
forward,F_medium_022,medium,Oracle simulator,0.21458739714237315,0.21458739714237315,196.02029148548553,196.02029148548553,0.0,0.0,0.0,1.0,,,,,,
forward,F_medium_023,medium,Random baseline,0.15266714417563254,0.2865375792809794,150.3712389252024,88.77823868825789,0.13387043510534685,61.593000236944505,5.141128711584717,0.1628365153971753,,,,,,
forward,F_medium_023,medium,Last-value baseline,0.15266714417563254,0.15266714417563254,150.3712389252024,139.33439497322897,0.0,11.036843951973424,0.44147375807893696,0.6937344467045363,,,,,,
forward,F_medium_023,medium,Curve-fit baseline,0.15266714417563254,0.15266714417563254,150.3712389252024,139.94225065951954,0.0,10.428988265682847,0.41715953062731387,0.7056368590749583,,,,,,
forward,F_medium_023,medium,Oracle simulator,0.15266714417563254,0.15266714417563254,150.3712389252024,150.3712389252024,0.0,0.0,0.0,1.0,,,,,,
forward,F_medium_024,medium,Random baseline,0.07929999999999998,0.08304314468493952,126.14778585496892,104.79468165961664,0.0037431446849395394,21.353104195352273,0.9289870615128817,0.5184067949194598,,,,,,
forward,F_medium_024,medium,Last-value baseline,0.07929999999999998,0.07929999999999998,126.14778585496892,129.9163283474555,0.0,3.7685424924865885,0.15074169969946355,0.869004747339188,,,,,,
forward,F_medium_024,medium,Curve-fit baseline,0.07929999999999998,0.07929999999999998,126.14778585496892,123.65388077902877,0.0,2.493905075940148,0.09975620303760593,0.909292438849563,,,,,,
forward,F_medium_024,medium,Oracle simulator,0.07929999999999998,0.07929999999999998,126.14778585496892,126.14778585496892,0.0,0.0,0.0,1.0,,,,,,
forward,F_medium_025,medium,Random baseline,0.0604,0.2849940774808762,130.00435097129963,163.2773859153104,0.22459407748087618,33.27303494401076,5.822802947377953,0.1465673283711508,,,,,,
forward,F_medium_025,medium,Last-value baseline,0.0604,0.0604,130.00435097129963,113.88131788896685,0.0,16.123033082332782,0.6449213232933113,0.607931811594424,,,,,,
forward,F_medium_025,medium,Curve-fit baseline,0.0604,0.0604,130.00435097129963,125.03158980524225,0.0,4.972761166057381,0.19891044664229526,0.8340906552283618,,,,,,
forward,F_medium_025,medium,Oracle simulator,0.0604,0.0604,130.00435097129963,130.00435097129963,0.0,0.0,0.0,1.0,,,,,,
forward,F_medium_026,medium,Random baseline,0.1761302976142902,0.3284678610789997,144.27276879033005,236.975788053391,0.15233756346470953,92.70301926306095,6.754872039816629,0.1289511928585795,,,,,,
forward,F_medium_026,medium,Last-value baseline,0.1761302976142902,0.1761302976142902,144.27276879033005,144.85954275243685,0.0,0.586773962106804,0.02347095848427216,0.9770672941037508,,,,,,
forward,F_medium_026,medium,Curve-fit baseline,0.1761302976142902,0.1761302976142902,144.27276879033005,141.74086329994486,0.0,2.531905490385185,0.10127621961540739,0.9080374044117874,,,,,,
forward,F_medium_026,medium,Oracle simulator,0.1761302976142902,0.1761302976142902,144.27276879033005,144.27276879033005,0.0,0.0,0.0,1.0,,,,,,
forward,F_medium_027,medium,Random baseline,0.24637240597219887,0.050333879332661806,183.04140189909626,117.39154247965453,0.19603852663953705,65.64985941944173,6.5467649095684095,0.13250710893778045,,,,,,
forward,F_medium_027,medium,Last-value baseline,0.24637240597219887,0.24637240597219887,183.04140189909626,168.76380101360257,0.0,14.277600885493683,0.5711040354197473,0.6364950871842379,,,,,,
forward,F_medium_027,medium,Curve-fit baseline,0.24637240597219887,0.24637240597219887,183.04140189909626,178.42468359963902,0.0,4.616718299457233,0.1846687319782893,0.8441178305855095,,,,,,
forward,F_medium_027,medium,Oracle simulator,0.24637240597219887,0.24637240597219887,183.04140189909626,183.04140189909626,0.0,0.0,0.0,1.0,,,,,,
forward,F_medium_028,medium,Random baseline,0.15137215274586846,0.20564998551060643,148.1294882239752,243.74844910727094,0.054277832764737965,95.61896088329576,4.9103150906265896,0.16919571709229866,,,,,,
forward,F_medium_028,medium,Last-value baseline,0.15137215274586846,0.15137215274586846,148.1294882239752,152.18785119679916,0.0,4.058362972823971,0.16233451891295886,0.860337522226581,,,,,,
forward,F_medium_028,medium,Curve-fit baseline,0.15137215274586846,0.15137215274586846,148.1294882239752,143.53452634861137,0.0,4.594961875363822,0.18379847501455288,0.8447383749060047,,,,,,
forward,F_medium_028,medium,Oracle simulator,0.15137215274586846,0.15137215274586846,148.1294882239752,148.1294882239752,0.0,0.0,0.0,1.0,,,,,,
forward,F_medium_029,medium,Random baseline,0.049300000000000004,0.2519002894388849,123.54238049099422,120.60531435388457,0.20260028943888486,2.937066137109653,4.169488434262083,0.19344273862230718,,,,,,
forward,F_medium_029,medium,Last-value baseline,0.049300000000000004,0.049300000000000004,123.54238049099422,131.3363857584205,0.0,7.794005267426286,0.31176021069705145,0.7623344509501578,,,,,,
forward,F_medium_029,medium,Curve-fit baseline,0.049300000000000004,0.049300000000000004,123.54238049099422,119.97588678263513,0.0,3.56649370835909,0.1426597483343636,0.8751511562892484,,,,,,
forward,F_medium_029,medium,Oracle simulator,0.049300000000000004,0.049300000000000004,123.54238049099422,123.54238049099422,0.0,0.0,0.0,1.0,,,,,,
forward,F_medium_030,medium,Random baseline,0.06074186638090516,0.3155430917151265,127.23762300250809,310.68587456973466,0.25480122533422134,183.44825156722658,12.43395456937349,0.0744382448843309,,,,,,
forward,F_medium_030,medium,Last-value baseline,0.06074186638090516,0.06074186638090516,127.23762300250809,140.05380682323036,0.0,12.816183820722273,0.512647352828891,0.6610926189305399,,,,,,
forward,F_medium_030,medium,Curve-fit baseline,0.06074186638090516,0.06074186638090516,127.23762300250809,124.01141428389712,0.0,3.2262087186109625,0.1290483487444385,0.8857016629199741,,,,,,
forward,F_medium_030,medium,Oracle simulator,0.06074186638090516,0.06074186638090516,127.23762300250809,127.23762300250809,0.0,0.0,0.0,1.0,,,,,,
forward,F_medium_031,medium,Random baseline,0.010746160016955955,0.16752179739474424,110.21926499043333,222.7851313714111,0.15677563737778827,112.56586638097777,7.638147402794876,0.11576556330544321,,,,,,
forward,F_medium_031,medium,Last-value baseline,0.010746160016955955,0.010746160016955955,110.21926499043333,122.18918332506611,0.0,11.96991833463278,0.4787967333853112,0.6762254591344453,,,,,,
forward,F_medium_031,medium,Curve-fit baseline,0.010746160016955955,0.010746160016955955,110.21926499043333,107.68284572051638,0.0,2.536419269916948,0.10145677079667792,0.9078885586010836,,,,,,
forward,F_medium_031,medium,Oracle simulator,0.010746160016955955,0.010746160016955955,110.21926499043333,110.21926499043333,0.0,0.0,0.0,1.0,,,,,,
forward,F_medium_032,medium,Random baseline,0.19602299737596016,0.32855052734642665,164.55149859037135,172.39075885346838,0.1325275299704665,7.839260263097032,2.964121009933211,0.2522627330230891,,,,,,
forward,F_medium_032,medium,Last-value baseline,0.19602299737596016,0.19602299737596016,164.55149859037135,172.27380875036548,0.0,7.722310159994123,0.3088924063997649,0.7640047379834655,,,,,,
forward,F_medium_032,medium,Curve-fit baseline,0.19602299737596016,0.19602299737596016,164.55149859037135,154.23490785656796,0.0,10.316590733803395,0.4126636293521358,0.707882597967509,,,,,,
forward,F_medium_032,medium,Oracle simulator,0.19602299737596016,0.19602299737596016,164.55149859037135,164.55149859037135,0.0,0.0,0.0,1.0,,,,,,
forward,F_medium_033,medium,Random baseline,0.15419582357064568,0.2914677296695436,146.72610183903063,287.7395048534579,0.13727190609889792,141.01340301442727,8.385974242555049,0.10654195016497084,,,,,,
forward,F_medium_033,medium,Last-value baseline,0.15419582357064568,0.15419582357064568,146.72610183903063,141.32478624433728,0.0,5.401315594693358,0.21605262378773432,0.8223328336607849,,,,,,
forward,F_medium_033,medium,Curve-fit baseline,0.15419582357064568,0.15419582357064568,146.72610183903063,145.19029554295702,0.0,1.5358062960736163,0.06143225184294465,0.9421232473987097,,,,,,
forward,F_medium_033,medium,Oracle simulator,0.15419582357064568,0.15419582357064568,146.72610183903063,146.72610183903063,0.0,0.0,0.0,1.0,,,,,,
forward,F_medium_034,medium,Random baseline,0.3828411934569482,0.2762732465918219,242.49317891516407,142.58263929109188,0.10656794686512633,99.91053962407219,6.127780522265414,0.1402961268064089,,,,,,
forward,F_medium_034,medium,Last-value baseline,0.3828411934569482,0.3828411934569482,242.49317891516407,222.32892816095068,0.0,20.164250754213384,0.8065700301685353,0.5535351430061694,,,,,,
forward,F_medium_034,medium,Curve-fit baseline,0.3828411934569482,0.3828411934569482,242.49317891516407,252.03889591691518,0.0,9.545717001751115,0.38182868007004456,0.7236787124358356,,,,,,
forward,F_medium_034,medium,Oracle simulator,0.3828411934569482,0.3828411934569482,242.49317891516407,242.49317891516407,0.0,0.0,0.0,1.0,,,,,,
forward,F_medium_035,medium,Random baseline,0.10097088653865241,0.2514325552976117,138.62628041062084,178.64821519412854,0.1504616687589593,40.0219347835077,4.610110766519494,0.17824959998435091,,,,,,
forward,F_medium_035,medium,Last-value baseline,0.10097088653865241,0.10097088653865241,138.62628041062084,122.47364975667655,0.0,16.152630653944286,0.6461052261577714,0.6074945781772001,,,,,,
forward,F_medium_035,medium,Curve-fit baseline,0.10097088653865241,0.10097088653865241,138.62628041062084,129.4355639380547,0.0,9.190716472566123,0.36762865890264496,0.7311926329493401,,,,,,
forward,F_medium_035,medium,Oracle simulator,0.10097088653865241,0.10097088653865241,138.62628041062084,138.62628041062084,0.0,0.0,0.0,1.0,,,,,,
forward,F_hard_036,hard,Random baseline,0.2601385052719215,0.09745207295778698,235.2606460944845,101.92019480067646,0.16268643231413454,133.34045129380806,8.587346698035013,0.10430414498361223,,,,,,
forward,F_hard_036,hard,Last-value baseline,0.2601385052719215,0.2601385052719215,235.2606460944845,240.29089549250813,0.0,5.030249398023614,0.20120997592094456,0.8324939186700637,,,,,,
forward,F_hard_036,hard,Curve-fit baseline,0.2601385052719215,0.2601385052719215,235.2606460944845,201.74903562844923,0.0,33.51161046603528,1.3404644186414112,0.4272656281527571,,,,,,
forward,F_hard_036,hard,Oracle simulator,0.2601385052719215,0.2601385052719215,235.2606460944845,235.2606460944845,0.0,0.0,0.0,1.0,,,,,,
forward,F_hard_037,hard,Random baseline,0.3807977896615752,0.31686879138805635,297.28266372406574,244.25639791570433,0.06392899827351883,53.026265808361416,3.3996305978048333,0.2272918095666812,,,,,,
forward,F_hard_037,hard,Last-value baseline,0.3807977896615752,0.3807977896615752,297.28266372406574,256.8726509516216,0.0,40.410012772444134,1.6164005108977653,0.38220448124621026,,,,,,
forward,F_hard_037,hard,Curve-fit baseline,0.3807977896615752,0.3807977896615752,297.28266372406574,265.2088504240696,0.0,32.07381329999612,1.2829525319998447,0.43802925640508583,,,,,,
forward,F_hard_037,hard,Oracle simulator,0.3807977896615752,0.3807977896615752,297.28266372406574,297.28266372406574,0.0,0.0,0.0,1.0,,,,,,
forward,F_hard_038,hard,Random baseline,0.3146,0.05605840128157489,349.3098778683097,312.30508430586053,0.2585415987184251,37.00479356244915,6.651023716866467,0.13070146388326154,,,,,,
forward,F_hard_038,hard,Last-value baseline,0.3146,0.3146,349.3098778683097,353.4738173911794,0.0,4.163939522869725,0.166557580914789,0.8572230092712799,,,,,,
forward,F_hard_038,hard,Curve-fit baseline,0.3146,0.3146,349.3098778683097,233.5228527939621,0.0,115.78702507434758,4.631481002973903,0.1775731818098853,,,,,,
forward,F_hard_038,hard,Oracle simulator,0.3146,0.3146,349.3098778683097,349.3098778683097,0.0,0.0,0.0,1.0,,,,,,
forward,F_hard_039,hard,Random baseline,0.2814915679122014,0.3502456829775853,239.29410620242976,160.44989212621238,0.06875411506538387,78.84421407621738,4.5288508643563725,0.18086941111883517,,,,,,
forward,F_hard_039,hard,Last-value baseline,0.2814915679122014,0.2814915679122014,239.29410620242976,225.47575307771416,0.0,13.8183531247156,0.552734124988624,0.6440252609295403,,,,,,
forward,F_hard_039,hard,Curve-fit baseline,0.2814915679122014,0.2814915679122014,239.29410620242976,226.65182085501345,0.0,12.642285347416305,0.5056914138966522,0.6641467107872066,,,,,,
forward,F_hard_039,hard,Oracle simulator,0.2814915679122014,0.2814915679122014,239.29410620242976,239.29410620242976,0.0,0.0,0.0,1.0,,,,,,
forward,F_hard_040,hard,Random baseline,0.2531655587189162,0.12694945855846826,246.9840791253777,182.40999946983007,0.12621610016044796,64.57407965554762,5.107285189430864,0.1637388739812869,,,,,,
forward,F_hard_040,hard,Last-value baseline,0.2531655587189162,0.2531655587189162,246.9840791253777,251.99811427044685,0.0,5.014035145069158,0.20056140580276632,0.8329436505010261,,,,,,
forward,F_hard_040,hard,Curve-fit baseline,0.2531655587189162,0.2531655587189162,246.9840791253777,201.25099318441784,0.0,45.73308594095985,1.8293234376383942,0.35344138697507455,,,,,,
forward,F_hard_040,hard,Oracle simulator,0.2531655587189162,0.2531655587189162,246.9840791253777,246.9840791253777,0.0,0.0,0.0,1.0,,,,,,
forward,F_hard_041,hard,Random baseline,0.21162182983151923,0.39894247646191383,202.47360894953437,138.64874673554465,0.1873206466303946,63.82486221398972,6.299407421167481,0.13699742216061397,,,,,,
forward,F_hard_041,hard,Last-value baseline,0.21162182983151923,0.21162182983151923,202.47360894953437,190.32453248707805,0.0,12.149076462456321,0.48596305849825283,0.6729642397776847,,,,,,
forward,F_hard_041,hard,Curve-fit baseline,0.21162182983151923,0.21162182983151923,202.47360894953437,188.06203687308542,0.0,14.411572076448948,0.5764628830579579,0.6343314585753146,,,,,,
forward,F_hard_041,hard,Oracle simulator,0.21162182983151923,0.21162182983151923,202.47360894953437,202.47360894953437,0.0,0.0,0.0,1.0,,,,,,
forward,F_hard_042,hard,Random baseline,0.36091436768091323,0.07491184288432993,269.7607040085441,290.2415280986467,0.2860025247965833,20.4808240901026,6.539283459535769,0.1326385995920062,,,,,,
forward,F_hard_042,hard,Last-value baseline,0.36091436768091323,0.36091436768091323,269.7607040085441,232.8622134795605,0.0,36.898490528983615,1.4759396211593445,0.403887070368766,,,,,,
forward,F_hard_042,hard,Curve-fit baseline,0.36091436768091323,0.36091436768091323,269.7607040085441,242.5026191153515,0.0,27.258084893192603,1.090323395727704,0.4783948751871813,,,,,,
forward,F_hard_042,hard,Oracle simulator,0.36091436768091323,0.36091436768091323,269.7607040085441,269.7607040085441,0.0,0.0,0.0,1.0,,,,,,
forward,F_hard_043,hard,Random baseline,0.0815964101236579,0.27377147640460786,161.97716067455937,192.84764599920877,0.19217506628094996,30.870485324649394,5.078320738604975,0.16451912345604655,,,,,,
forward,F_hard_043,hard,Last-value baseline,0.0815964101236579,0.0815964101236579,161.97716067455937,163.1630116060521,0.0,1.1858509314927232,0.04743403725970893,0.9547140578094965,,,,,,
forward,F_hard_043,hard,Curve-fit baseline,0.0815964101236579,0.0815964101236579,161.97716067455937,161.83703381900045,0.0,0.14012685555891835,0.005605074222356734,0.9944261675223832,,,,,,
forward,F_hard_043,hard,Oracle simulator,0.0815964101236579,0.0815964101236579,161.97716067455937,161.97716067455937,0.0,0.0,0.0,1.0,,,,,,
forward,F_hard_044,hard,Random baseline,0.28750000000000003,0.3133566084568847,224.72294310368912,210.4938528044025,0.025856608456884644,14.22909029928661,1.0862957811091574,0.47931842122038915,,,,,,
forward,F_hard_044,hard,Last-value baseline,0.28750000000000003,0.28750000000000003,224.72294310368912,221.88189596646313,0.0,2.841047137225985,0.11364188548903939,0.8979547312562376,,,,,,
forward,F_hard_044,hard,Curve-fit baseline,0.28750000000000003,0.28750000000000003,224.72294310368912,208.91546624454995,0.0,15.807476859139172,0.6322990743655669,0.6126328291821611,,,,,,
forward,F_hard_044,hard,Oracle simulator,0.28750000000000003,0.28750000000000003,224.72294310368912,224.72294310368912,0.0,0.0,0.0,1.0,,,,,,
forward,F_hard_045,hard,Random baseline,0.3396,0.15572522566649286,299.62415691682304,141.4196853004441,0.18387477433350716,158.20447161637895,10.0056743513253,0.09086221962215157,,,,,,
forward,F_hard_045,hard,Last-value baseline,0.3396,0.3396,299.62415691682304,301.79014175498116,0.0,2.165984838158124,0.08663939352632496,0.920268495655062,,,,,,
forward,F_hard_045,hard,Curve-fit baseline,0.3396,0.3396,299.62415691682304,252.41158834347175,0.0,47.21256857335129,1.8885027429340517,0.3462001213072178,,,,,,
forward,F_hard_045,hard,Oracle simulator,0.3396,0.3396,299.62415691682304,299.62415691682304,0.0,0.0,0.0,1.0,,,,,,
forward,F_hard_046,hard,Random baseline,0.3877601219090924,0.3776549285197709,337.69323671703137,226.82691704627288,0.010105193389321532,110.86631967075849,4.63675665461677,0.17740698441912564,,,,,,
forward,F_hard_046,hard,Last-value baseline,0.3877601219090924,0.3877601219090924,337.69323671703137,299.7028769531159,0.0,37.99035976391548,1.519614390556619,0.39688612819007024,,,,,,
forward,F_hard_046,hard,Curve-fit baseline,0.3877601219090924,0.3877601219090924,337.69323671703137,356.4737066238097,0.0,18.780469906778308,0.7512187962711323,0.5710308741142447,,,,,,
forward,F_hard_046,hard,Oracle simulator,0.3877601219090924,0.3877601219090924,337.69323671703137,337.69323671703137,0.0,0.0,0.0,1.0,,,,,,
forward,F_hard_047,hard,Random baseline,0.3047515525192797,0.37294509040800405,277.9296925801845,95.77782361987917,0.06819353788872434,182.15186896030534,8.6499455161867,0.10362752808527388,,,,,,
forward,F_hard_047,hard,Last-value baseline,0.3047515525192797,0.3047515525192797,277.9296925801845,281.55661146933284,0.0,3.626918889148328,0.14507675556593314,0.8733039031132619,,,,,,
forward,F_hard_047,hard,Curve-fit baseline,0.3047515525192797,0.3047515525192797,277.9296925801845,238.42992325010368,0.0,39.499769330080824,1.579990773203233,0.387598285383956,,,,,,
forward,F_hard_047,hard,Oracle simulator,0.3047515525192797,0.3047515525192797,277.9296925801845,277.9296925801845,0.0,0.0,0.0,1.0,,,,,,
forward,F_hard_048,hard,Random baseline,0.29471022479600223,0.019495041942322634,264.5701492390571,243.12860427881674,0.2752151828536796,21.44154496024038,6.361965455483206,0.13583329153700363,,,,,,
forward,F_hard_048,hard,Last-value baseline,0.29471022479600223,0.29471022479600223,264.5701492390571,268.9623468551801,0.0,4.392197616122985,0.1756879046449194,0.8505658653535434,,,,,,
forward,F_hard_048,hard,Curve-fit baseline,0.29471022479600223,0.29471022479600223,264.5701492390571,219.50200751152278,0.0,45.06814172753434,1.8027256691013736,0.3567955333711365,,,,,,
forward,F_hard_048,hard,Oracle simulator,0.29471022479600223,0.29471022479600223,264.5701492390571,264.5701492390571,0.0,0.0,0.0,1.0,,,,,,
forward,F_hard_049,hard,Random baseline,0.27630000000000005,0.16775335043019945,272.0845467002687,113.46356484067225,0.10854664956980059,158.62098185959644,8.51577226577987,0.10508868561263793,,,,,,
forward,F_hard_049,hard,Last-value baseline,0.27630000000000005,0.27630000000000005,272.0845467002687,268.5753060269001,0.0,3.509240673368595,0.14036962693474378,0.8769086587196729,,,,,,
forward,F_hard_049,hard,Curve-fit baseline,0.27630000000000005,0.27630000000000005,272.0845467002687,231.2500472229416,0.0,40.834499477327086,1.6333799790930834,0.37974010888637216,,,,,,
forward,F_hard_049,hard,Oracle simulator,0.27630000000000005,0.27630000000000005,272.0845467002687,272.0845467002687,0.0,0.0,0.0,1.0,,,,,,
forward,F_hard_050,hard,Random baseline,0.335969644111045,0.17842497465921456,303.27797775645575,219.38521165732018,0.15754466945183046,83.89276609913557,6.5066040330020325,0.13321603159079662,,,,,,
forward,F_hard_050,hard,Last-value baseline,0.335969644111045,0.335969644111045,303.27797775645575,271.7258169217086,0.0,31.552160834747156,1.2620864333898862,0.4420697570346301,,,,,,
forward,F_hard_050,hard,Curve-fit baseline,0.335969644111045,0.335969644111045,303.27797775645575,270.15915047108274,0.0,33.118827285373015,1.3247530914149206,0.4301532079655683,,,,,,
forward,F_hard_050,hard,Oracle simulator,0.335969644111045,0.335969644111045,303.27797775645575,303.27797775645575,0.0,0.0,0.0,1.0,,,,,,
forward,F_hard_051,hard,Random baseline,0.2262972753219924,0.01761190494316658,243.65898127840975,192.4334733536707,0.2086853703788258,51.22550792473905,6.222727724566077,0.13845184785227072,,,,,,
forward,F_hard_051,hard,Last-value baseline,0.2262972753219924,0.2262972753219924,243.65898127840975,242.51109988986417,0.0,1.147881388545585,0.0459152555418234,0.956100405555288,,,,,,
forward,F_hard_051,hard,Curve-fit baseline,0.2262972753219924,0.2262972753219924,243.65898127840975,246.23336717868239,0.0,2.574385900272631,0.10297543601090524,0.9066385046766472,,,,,,
forward,F_hard_051,hard,Oracle simulator,0.2262972753219924,0.2262972753219924,243.65898127840975,243.65898127840975,0.0,0.0,0.0,1.0,,,,,,
forward,F_hard_052,hard,Random baseline,0.3390327318732911,0.25412656710502013,273.47783034333986,123.31158296830019,0.08490616476827095,150.1662473750397,7.704773190367007,0.11487950095088445,,,,,,
forward,F_hard_052,hard,Last-value baseline,0.3390327318732911,0.3390327318732911,273.47783034333986,275.53768641266356,0.0,2.0598560693237005,0.08239424277294802,0.9238777891483744,,,,,,
forward,F_hard_052,hard,Curve-fit baseline,0.3390327318732911,0.3390327318732911,273.47783034333986,250.1461231277736,0.0,23.33170721556627,0.9332682886226508,0.5172587818695593,,,,,,
forward,F_hard_052,hard,Oracle simulator,0.3390327318732911,0.3390327318732911,273.47783034333986,273.47783034333986,0.0,0.0,0.0,1.0,,,,,,
forward,F_hard_053,hard,Random baseline,0.33914201409802597,0.3262443110167756,276.43365826831115,84.73719186451834,0.012897703081250378,191.6964664037928,7.92581271777672,0.11203461596369728,,,,,,
forward,F_hard_053,hard,Last-value baseline,0.33914201409802597,0.33914201409802597,276.43365826831115,278.52569550047536,0.0,2.092037232164216,0.08368148928656866,0.9227803647899719,,,,,,
forward,F_hard_053,hard,Curve-fit baseline,0.33914201409802597,0.33914201409802597,276.43365826831115,256.6497777014696,0.0,19.78388056684156,0.7913552226736624,0.558236572703578,,,,,,
forward,F_hard_053,hard,Oracle simulator,0.33914201409802597,0.33914201409802597,276.43365826831115,276.43365826831115,0.0,0.0,0.0,1.0,,,,,,
inverse,I_easy_000,easy,Random baseline,,,,,,,10.016909130110603,0.0907695605173754,0.048423205379815835,0.8497759357886641,0.8013527304088482,,,
inverse,I_easy_000,easy,Last-value baseline,,,,,,,2.519709932752302,0.2841143216645787,0.048423205379815835,0.25,0.20157679462018416,,,
inverse,I_easy_000,easy,Curve-fit baseline,,,,,,,0.36428897014759265,0.7329825439340883,0.048423205379815835,0.07756632299162325,0.029143117611807413,,,
inverse,I_easy_000,easy,Oracle simulator,,,,,,,0.0,1.0,0.048423205379815835,0.048423205379815835,0.0,,,
inverse,I_easy_001,easy,Random baseline,,,,,,,6.255306758938249,0.13783014739770166,0.016336194191867534,0.5167607349069274,0.5004245407150599,,,
inverse,I_easy_001,easy,Last-value baseline,,,,,,,2.9207975726016557,0.2550501477015676,0.016336194191867534,0.25,0.23366380580813245,,,
inverse,I_easy_001,easy,Curve-fit baseline,,,,,,,0.2523842729931682,0.7984769703391629,0.016336194191867534,0.03652693603132099,0.020190741839453456,,,
inverse,I_easy_001,easy,Oracle simulator,,,,,,,0.0,1.0,0.016336194191867534,0.016336194191867534,0.0,,,
inverse,I_easy_002,easy,Random baseline,,,,,,,11.814347864792637,0.07803752563542429,0.02066323319180954,0.9658110623752205,0.945147829183411,,,
inverse,I_easy_002,easy,Last-value baseline,,,,,,,2.8667095851023805,0.258617819102006,0.02066323319180954,0.25,0.22933676680819046,,,
inverse,I_easy_002,easy,Curve-fit baseline,,,,,,,0.3162394359096851,0.7597401906658994,0.02066323319180954,0.04596238806458435,0.02529915487277481,,,
inverse,I_easy_002,easy,Oracle simulator,,,,,,,0.0,1.0,0.02066323319180954,0.02066323319180954,0.0,,,
inverse,I_easy_003,easy,Random baseline,,,,,,,9.101027983617223,0.09899982473287788,0.030821872083326048,0.7589041107727039,0.7280822386893778,,,
inverse,I_easy_003,easy,Last-value baseline,,,,,,,2.7397265989584243,0.26739922653129683,0.030821872083326048,0.25,0.21917812791667396,,,
inverse,I_easy_003,easy,Curve-fit baseline,,,,,,,0.49744556491597014,0.6678039078209267,0.030821872083326048,0.07061751727660366,0.039795645193277614,,,
inverse,I_easy_003,easy,Oracle simulator,,,,,,,0.0,1.0,0.030821872083326048,0.030821872083326048,0.0,,,
inverse,I_easy_004,easy,Random baseline,,,,,,,0.10764217410773202,0.9028186388853929,0.0377007529558193,0.046312126884437865,0.008611373928618563,,,
inverse,I_easy_004,easy,Last-value baseline,,,,,,,2.6537405880522584,0.2736921179544061,0.0377007529558193,0.25,0.21229924704418068,,,
inverse,I_easy_004,easy,Curve-fit baseline,,,,,,,0.2671229864663801,0.7891893767855125,0.0377007529558193,0.05907059187312971,0.02136983891731041,,,
inverse,I_easy_004,easy,Oracle simulator,,,,,,,0.0,1.0,0.0377007529558193,0.0377007529558193,0.0,,,
inverse,I_easy_005,easy,Random baseline,,,,,,,0.272405344362508,0.785913077487908,0.029976404924401828,0.05176883247340247,0.021792427549000643,,,
inverse,I_easy_005,easy,Last-value baseline,,,,,,,2.750294938444977,0.2666456949155685,0.029976404924401828,0.25,0.22002359507559818,,,
inverse,I_easy_005,easy,Curve-fit baseline,,,,,,,0.24479518045331405,0.8033450126596992,0.029976404924401828,0.04956001936066695,0.019583614436265124,,,
inverse,I_easy_005,easy,Oracle simulator,,,,,,,0.0,1.0,0.029976404924401828,0.029976404924401828,0.0,,,
inverse,I_easy_006,easy,Random baseline,,,,,,,11.595695015027143,0.07939220494041511,0.0583469741773407,0.9860025753795122,0.9276556012021715,,,
inverse,I_easy_006,easy,Last-value baseline,,,,,,,2.3956628227832413,0.29449331461607076,0.0583469741773407,0.25,0.1916530258226593,,,
inverse,I_easy_006,easy,Curve-fit baseline,,,,,,,0.4128312540633192,0.7077986115638285,0.0583469741773407,0.09137347450240624,0.03302650032506554,,,
inverse,I_easy_006,easy,Oracle simulator,,,,,,,0.0,1.0,0.0583469741773407,0.0583469741773407,0.0,,,
inverse,I_easy_007,easy,Random baseline,,,,,,,7.896729263556189,0.11240085770579933,0.018655660431620737,0.6503940015161158,0.6317383410844951,,,
inverse,I_easy_007,easy,Last-value baseline,,,,,,,2.891804244604741,0.256950231087885,0.018655660431620737,0.25,0.23134433956837927,,,
inverse,I_easy_007,easy,Curve-fit baseline,,,,,,,0.2853537749920049,0.7779959256790763,0.018655660431620737,0.04148396243098113,0.022828301999360395,,,
inverse,I_easy_007,easy,Oracle simulator,,,,,,,0.0,1.0,0.018655660431620737,0.018655660431620737,0.0,,,
inverse,I_easy_008,easy,Random baseline,,,,,,,2.324945282578646,0.30075682906410256,0.04719906541864372,0.23319468802493537,0.18599562260629166,,,
inverse,I_easy_008,easy,Last-value baseline,,,,,,,2.5350116822669535,0.2828844965396872,0.04719906541864372,0.25,0.20280093458135628,,,
inverse,I_easy_008,easy,Curve-fit baseline,,,,,,,0.5304969710715743,0.6533825410316572,0.04719906541864372,0.08963882310436967,0.04243975768572595,,,
inverse,I_easy_008,easy,Oracle simulator,,,,,,,0.0,1.0,0.04719906541864372,0.04719906541864372,0.0,,,
inverse,I_easy_009,easy,Random baseline,,,,,,,7.116311191455647,0.12320868143310454,0.026690945625952724,0.5959958409424045,0.5693048953164518,,,
inverse,I_easy_009,easy,Last-value baseline,,,,,,,2.791363179675591,0.2637573750150639,0.026690945625952724,0.25,0.22330905437404727,,,
inverse,I_easy_009,easy,Curve-fit baseline,,,,,,,0.27514698908786206,0.7842233158667612,0.026690945625952724,0.04870270475298169,0.022011759127028966,,,
inverse,I_easy_009,easy,Oracle simulator,,,,,,,0.0,1.0,0.026690945625952724,0.026690945625952724,0.0,,,
inverse,I_easy_010,easy,Random baseline,,,,,,,0.34432353653308134,0.7438685501102895,0.035998300041088144,0.06354418296373465,0.02754588292264651,,,
inverse,I_easy_010,easy,Last-value baseline,,,,,,,2.6750212494863983,0.2721072701660582,0.035998300041088144,0.25,0.21400169995891186,,,
inverse,I_easy_010,easy,Curve-fit baseline,,,,,,,0.5628585903463946,0.6398531550947026,0.035998300041088144,0.08102698726879971,0.04502868722771157,,,
inverse,I_easy_010,easy,Oracle simulator,,,,,,,0.0,1.0,0.035998300041088144,0.035998300041088144,0.0,,,
inverse,I_easy_011,easy,Random baseline,,,,,,,7.77137879627411,0.11400716161349435,0.029843555999730046,0.6515538597016589,0.6217103037019288,,,
inverse,I_easy_011,easy,Last-value baseline,,,,,,,2.7519555500033746,0.2665276778130009,0.029843555999730046,0.25,0.22015644400026996,,,
inverse,I_easy_011,easy,Curve-fit baseline,,,,,,,0.20647113649838356,0.8288635921306517,0.029843555999730046,0.04636124691960073,0.016517690919870685,,,
inverse,I_easy_011,easy,Oracle simulator,,,,,,,0.0,1.0,0.029843555999730046,0.029843555999730046,0.0,,,
inverse,I_easy_012,easy,Random baseline,,,,,,,5.075893888506267,0.16458483613278602,0.04046289093800198,0.44653440201850336,0.4060715110805014,,,
inverse,I_easy_012,easy,Last-value baseline,,,,,,,2.6192138632749753,0.2763030972408782,0.04046289093800198,0.25,0.20953710906199802,,,
inverse,I_easy_012,easy,Curve-fit baseline,,,,,,,0.9579527321480883,0.5107375594828025,0.04046289093800198,0.11709910950984904,0.07663621857184706,,,
inverse,I_easy_012,easy,Oracle simulator,,,,,,,0.0,1.0,0.04046289093800198,0.04046289093800198,0.0,,,
inverse,I_easy_013,easy,Random baseline,,,,,,,2.1580145834083804,0.3166546491754071,0.033927191555527994,0.2065683582281984,0.17264116667267043,,,
inverse,I_easy_013,easy,Last-value baseline,,,,,,,2.7009101055559004,0.2702038070308097,0.033927191555527994,0.25,0.21607280844447202,,,
inverse,I_easy_013,easy,Curve-fit baseline,,,,,,,0.41207946311754146,0.7081754434642323,0.033927191555527994,0.06689354860493131,0.032966357049403316,,,
inverse,I_easy_013,easy,Oracle simulator,,,,,,,0.0,1.0,0.033927191555527994,0.033927191555527994,0.0,,,
inverse,I_easy_014,easy,Random baseline,,,,,,,4.177907942757949,0.19312819212992077,0.017523652339683657,0.35175628776031964,0.33423263542063597,,,
inverse,I_easy_014,easy,Last-value baseline,,,,,,,2.905954345753954,0.2560193774633004,0.017523652339683657,0.25,0.23247634766031633,,,
inverse,I_easy_014,easy,Curve-fit baseline,,,,,,,0.321079412285991,0.7569567663382201,0.017523652339683657,0.04321000532256294,0.02568635298287928,,,
inverse,I_easy_014,easy,Oracle simulator,,,,,,,0.0,1.0,0.017523652339683657,0.017523652339683657,0.0,,,
inverse,I_easy_015,easy,Random baseline,,,,,,,3.4004469627021874,0.22724964270127893,0.03813278337707536,0.31016854039325037,0.272035757016175,,,
inverse,I_easy_015,easy,Last-value baseline,,,,,,,2.648340207786558,0.2740972450611174,0.03813278337707536,0.25,0.21186721662292463,,,
inverse,I_easy_015,easy,Curve-fit baseline,,,,,,,0.4625174909621669,0.6837525063321573,0.03813278337707536,0.07513418265404871,0.03700139927697335,,,
inverse,I_easy_015,easy,Oracle simulator,,,,,,,0.0,1.0,0.03813278337707536,0.03813278337707536,0.0,,,
inverse,I_easy_016,easy,Random baseline,,,,,,,7.524115619232284,0.11731422292581058,0.028066961238501813,0.6299962107770846,0.6019292495385827,,,
inverse,I_easy_016,easy,Last-value baseline,,,,,,,2.7741629845187274,0.26495941063009437,0.028066961238501813,0.25,0.2219330387614982,,,
inverse,I_easy_016,easy,Curve-fit baseline,,,,,,,0.17602845687245963,0.850319560004023,0.028066961238501813,0.042149237788298585,0.014082276549796772,,,
inverse,I_easy_016,easy,Oracle simulator,,,,,,,0.0,1.0,0.028066961238501813,0.028066961238501813,0.0,,,
inverse,I_easy_017,easy,Random baseline,,,,,,,8.596430189079308,0.10420541600333791,0.03680249770894318,0.7245169128352879,0.6877144151263447,,,
inverse,I_easy_017,easy,Last-value baseline,,,,,,,2.6649687786382104,0.2728536204260843,0.03680249770894318,0.25,0.21319750229105683,,,
inverse,I_easy_017,easy,Curve-fit baseline,,,,,,,0.28205392805453755,0.7799983901749419,0.03680249770894318,0.05936681195330618,0.022564314244363004,,,
inverse,I_easy_017,easy,Oracle simulator,,,,,,,0.0,1.0,0.03680249770894318,0.03680249770894318,0.0,,,
inverse,I_medium_018,medium,Random baseline,,,,,,,0.8824876438300973,0.5312119860534151,0.0877775196914866,0.017178508185078822,0.07059901150640778,,,
inverse,I_medium_018,medium,Last-value baseline,,,,,,,2.0277810038564175,0.3302748774519432,0.0877775196914866,0.25,0.16222248030851338,,,
inverse,I_medium_018,medium,Curve-fit baseline,,,,,,,0.031120631647279552,0.9698186316012681,0.0877775196914866,0.08528786915970424,0.002489650531782364,,,
inverse,I_medium_018,medium,Oracle simulator,,,,,,,0.0,1.0,0.0877775196914866,0.0877775196914866,0.0,,,
inverse,I_medium_019,medium,Random baseline,,,,,,,2.6861947854767325,0.2712824628638475,0.05469097591755909,0.2695865587556977,0.21489558283813862,,,
inverse,I_medium_019,medium,Last-value baseline,,,,,,,2.4413628010305115,0.2905825563351098,0.05469097591755909,0.25,0.1953090240824409,,,
inverse,I_medium_019,medium,Curve-fit baseline,,,,,,,0.11984512690986562,0.8929806238112854,0.05469097591755909,0.06427858607034834,0.00958761015278925,,,
inverse,I_medium_019,medium,Oracle simulator,,,,,,,0.0,1.0,0.05469097591755909,0.05469097591755909,0.0,,,
inverse,I_medium_020,medium,Random baseline,,,,,,,1.986010991860852,0.3348949493909298,0.1430446262801737,0.30192550562904186,0.15888087934886816,,,
inverse,I_medium_020,medium,Last-value baseline,,,,,,,1.3369421714978287,0.42790960435236813,0.1430446262801737,0.25,0.1069553737198263,,,
inverse,I_medium_020,medium,Curve-fit baseline,,,,,,,0.06789273363470849,0.9364236392885388,0.1430446262801737,0.13761320758939702,0.005431418690776679,,,
inverse,I_medium_020,medium,Oracle simulator,,,,,,,0.0,1.0,0.1430446262801737,0.1430446262801737,0.0,,,
inverse,I_medium_021,medium,Random baseline,,,,,,,7.7504013579808415,0.11428047229947294,0.05774048259722882,0.6777725912356962,0.6200321086384674,,,
inverse,I_medium_021,medium,Last-value baseline,,,,,,,2.4032439675346398,0.2938372945165065,0.05774048259722882,0.25,0.1922595174027712,,,
inverse,I_medium_021,medium,Curve-fit baseline,,,,,,,0.08320541803281054,0.9231859288666425,0.05774048259722882,0.06439691603985366,0.006656433442624843,,,
inverse,I_medium_021,medium,Oracle simulator,,,,,,,0.0,1.0,0.05774048259722882,0.05774048259722882,0.0,,,
inverse,I_medium_022,medium,Random baseline,,,,,,,1.3413263327540386,0.42710833855600433,0.2046990717388783,0.3120051783592014,0.10730610662032308,,,
inverse,I_medium_022,medium,Last-value baseline,,,,,,,0.5662616032640212,0.6384629476430013,0.2046990717388783,0.25,0.0453009282611217,,,
inverse,I_medium_022,medium,Curve-fit baseline,,,,,,,0.19690162689574747,0.8354905512106067,0.2046990717388783,0.2204512018905381,0.0157521301516598,,,
inverse,I_medium_022,medium,Oracle simulator,,,,,,,0.0,1.0,0.2046990717388783,0.2046990717388783,0.0,,,
inverse,I_medium_023,medium,Random baseline,,,,,,,5.691307954534893,0.14944761275294033,0.08097021527708863,0.5362748516398801,0.45530463636279145,,,
inverse,I_medium_023,medium,Last-value baseline,,,,,,,2.112872309036392,0.32124671387807613,0.08097021527708863,0.25,0.16902978472291136,,,
inverse,I_medium_023,medium,Curve-fit baseline,,,,,,,0.053648816691240046,0.9490828292678078,0.08097021527708863,0.08526212061238783,0.004291905335299204,,,
inverse,I_medium_023,medium,Oracle simulator,,,,,,,0.0,1.0,0.08097021527708863,0.08097021527708863,0.0,,,
inverse,I_medium_024,medium,Random baseline,,,,,,,9.780209326517436,0.09276257721083155,0.053415973953712406,0.8358327200751073,0.7824167461213949,,,
inverse,I_medium_024,medium,Last-value baseline,,,,,,,2.4573003255785952,0.2892430236972964,0.053415973953712406,0.25,0.1965840260462876,,,
inverse,I_medium_024,medium,Curve-fit baseline,,,,,,,0.14156780866510266,0.8759882614151098,0.053415973953712406,0.06474139864692062,0.011325424693208214,,,
inverse,I_medium_024,medium,Oracle simulator,,,,,,,0.0,1.0,0.053415973953712406,0.053415973953712406,0.0,,,
inverse,I_medium_025,medium,Random baseline,,,,,,,10.091949530655253,0.09015547692822268,0.066101513756985,0.8734574762094053,0.8073559624524203,,,
inverse,I_medium_025,medium,Last-value baseline,,,,,,,2.2987310780376875,0.3031468696123204,0.066101513756985,0.25,0.183898486243015,,,
inverse,I_medium_025,medium,Curve-fit baseline,,,,,,,0.008822938773617867,0.9912542246666759,0.066101513756985,0.06539567865509557,0.0007058351018894293,,,
inverse,I_medium_025,medium,Oracle simulator,,,,,,,0.0,1.0,0.066101513756985,0.066101513756985,0.0,,,
inverse,I_medium_026,medium,Random baseline,,,,,,,9.295174892899208,0.09713288121892134,0.051491167410557745,0.7951051588424943,0.7436139914319366,,,
inverse,I_medium_026,medium,Last-value baseline,,,,,,,2.4813604073680278,0.28724403192601894,0.051491167410557745,0.25,0.19850883258944224,,,
inverse,I_medium_026,medium,Curve-fit baseline,,,,,,,0.35047285344557644,0.7404813783917351,0.051491167410557745,0.07952899568620386,0.028037828275646118,,,
inverse,I_medium_026,medium,Oracle simulator,,,,,,,0.0,1.0,0.051491167410557745,0.051491167410557745,0.0,,,
inverse,I_medium_027,medium,Random baseline,,,,,,,3.16055865933412,0.24035233772188802,0.11902880193813158,0.3718734946848612,0.2528446927467296,,,
inverse,I_medium_027,medium,Last-value baseline,,,,,,,1.6371399757733551,0.37919868083860236,0.11902880193813158,0.25,0.1309711980618684,,,
inverse,I_medium_027,medium,Curve-fit baseline,,,,,,,0.052185352545439795,0.9504028901189383,0.11902880193813158,0.12320363014176676,0.004174828203635184,,,
inverse,I_medium_027,medium,Oracle simulator,,,,,,,0.0,1.0,0.11902880193813158,0.11902880193813158,0.0,,,
inverse,I_medium_028,medium,Random baseline,,,,,,,7.630108493798162,0.11587339843046332,0.08531152660594098,0.695720206109794,0.610408679503853,,,
inverse,I_medium_028,medium,Last-value baseline,,,,,,,2.0586059174257376,0.32694633666361494,0.08531152660594098,0.25,0.164688473394059,,,
inverse,I_medium_028,medium,Curve-fit baseline,,,,,,,0.18682023493004404,0.8425875887252158,0.08531152660594098,0.1002571454003445,0.014945618794403523,,,
inverse,I_medium_028,medium,Oracle simulator,,,,,,,0.0,1.0,0.08531152660594098,0.08531152660594098,0.0,,,
inverse,I_medium_029,medium,Random baseline,,,,,,,7.2999712118148885,0.12048234559856238,0.06711163630279861,0.6511093332479897,0.5839976969451911,,,
inverse,I_medium_029,medium,Last-value baseline,,,,,,,2.2861045462150176,0.30431168148676657,0.06711163630279861,0.25,0.1828883636972014,,,
inverse,I_medium_029,medium,Curve-fit baseline,,,,,,,0.20082298488813682,0.8327622077396822,0.06711163630279861,0.08317747509384955,0.016065838791050946,,,
inverse,I_medium_029,medium,Oracle simulator,,,,,,,0.0,1.0,0.06711163630279861,0.06711163630279861,0.0,,,
inverse,I_medium_030,medium,Random baseline,,,,,,,7.076604203890152,0.1238144119428736,0.07358550299558424,0.6397138393067964,0.5661283363112122,,,
inverse,I_medium_030,medium,Last-value baseline,,,,,,,2.2051812125551966,0.3119948401303625,0.07358550299558424,0.25,0.17641449700441575,,,
inverse,I_medium_030,medium,Curve-fit baseline,,,,,,,0.030838878514779546,0.9700837064282909,0.07358550299558424,0.07111839271440187,0.0024671102811823636,,,
inverse,I_medium_030,medium,Oracle simulator,,,,,,,0.0,1.0,0.07358550299558424,0.07358550299558424,0.0,,,
inverse,I_medium_031,medium,Random baseline,,,,,,,11.795350656521055,0.07815338765181534,0.03959642205026617,0.9832244745719506,0.9436280525216845,,,
inverse,I_medium_031,medium,Last-value baseline,,,,,,,2.6300447243716727,0.2754786995559926,0.03959642205026617,0.25,0.21040357794973383,,,
inverse,I_medium_031,medium,Curve-fit baseline,,,,,,,0.09111937670606635,0.916490002238671,0.03959642205026617,0.04688597218675148,0.007289550136485308,,,
inverse,I_medium_031,medium,Oracle simulator,,,,,,,0.0,1.0,0.03959642205026617,0.03959642205026617,0.0,,,
inverse,I_medium_032,medium,Random baseline,,,,,,,4.215416970365229,0.1917392234757351,0.10954094553439495,0.44677430316361333,0.33723335762921836,,,
inverse,I_medium_032,medium,Last-value baseline,,,,,,,1.7557381808200632,0.362879175881076,0.10954094553439495,0.25,0.14045905446560505,,,
inverse,I_medium_032,medium,Curve-fit baseline,,,,,,,0.3127868352194349,0.761738290765879,0.10954094553439495,0.13456389235194974,0.025022946817554792,,,
inverse,I_medium_032,medium,Oracle simulator,,,,,,,0.0,1.0,0.10954094553439495,0.10954094553439495,0.0,,,
inverse,I_medium_033,medium,Random baseline,,,,,,,0.14958095392102466,0.8698821919319126,0.07207917436283617,0.0601126980491542,0.011966476313681973,,,
inverse,I_medium_033,medium,Last-value baseline,,,,,,,2.2240103204645476,0.31017270436526084,0.07207917436283617,0.25,0.17792082563716383,,,
inverse,I_medium_033,medium,Curve-fit baseline,,,,,,,0.07810296628589525,0.9275551883926608,0.07207917436283617,0.0783274116657078,0.00624823730287162,,,
inverse,I_medium_033,medium,Oracle simulator,,,,,,,0.0,1.0,0.07207917436283617,0.07207917436283617,0.0,,,
inverse,I_medium_034,medium,Random baseline,,,,,,,4.246758503256334,0.19059386845789886,0.19296805011590923,0.532708730376416,0.33974068026050674,,,
inverse,I_medium_034,medium,Last-value baseline,,,,,,,0.7128993735511346,0.5838054560828219,0.19296805011590923,0.25,0.05703194988409077,,,
inverse,I_medium_034,medium,Curve-fit baseline,,,,,,,0.01618954814194759,0.9840683776254643,0.19296805011590923,0.19426321396726504,0.0012951638513558072,,,
inverse,I_medium_034,medium,Oracle simulator,,,,,,,0.0,1.0,0.19296805011590923,0.19296805011590923,0.0,,,
inverse,I_medium_035,medium,Random baseline,,,,,,,5.896409749306462,0.1450029850822836,0.06938851977058406,0.541101299715101,0.47171277994451694,,,
inverse,I_medium_035,medium,Last-value baseline,,,,,,,2.257643502867699,0.30697036036008896,0.06938851977058406,0.25,0.18061148022941592,,,
inverse,I_medium_035,medium,Curve-fit baseline,,,,,,,0.025395806607719958,0.9752331670911196,0.06938851977058406,0.07142018429920166,0.0020316645286175966,,,
inverse,I_medium_035,medium,Oracle simulator,,,,,,,0.0,1.0,0.06938851977058406,0.06938851977058406,0.0,,,
inverse,I_hard_036,hard,Random baseline,,,,,,,0.5287602660659023,0.6541247978490381,0.2904425843215231,0.3327434056067953,0.04230082128527218,,,
inverse,I_hard_036,hard,Last-value baseline,,,,,,,0.5055323040190386,0.6642169001159833,0.2904425843215231,0.25,0.04044258432152309,,,
inverse,I_hard_036,hard,Curve-fit baseline,,,,,,,0.5531784219759954,0.6438410332328549,0.2904425843215231,0.24618831056344345,0.04425427375807964,,,
inverse,I_hard_036,hard,Oracle simulator,,,,,,,0.0,1.0,0.2904425843215231,0.2904425843215231,0.0,,,
inverse,I_hard_037,hard,Random baseline,,,,,,,0.521340115512639,0.6573152116369683,0.3289847665564324,0.28727755731542126,0.04170720924101112,,,
inverse,I_hard_037,hard,Last-value baseline,,,,,,,0.9873095819554047,0.5031928638999739,0.3289847665564324,0.25,0.07898476655643238,,,
inverse,I_hard_037,hard,Curve-fit baseline,,,,,,,0.653209892656207,0.60488387133548,0.3289847665564324,0.2767279751439358,0.05225679141249656,,,
inverse,I_hard_037,hard,Oracle simulator,,,,,,,0.0,1.0,0.3289847665564324,0.3289847665564324,0.0,,,
inverse,I_hard_038,hard,Random baseline,,,,,,,4.655262328851832,0.1768264568202668,0.5856770271491096,0.9580980134572562,0.3724209863081466,,,
inverse,I_hard_038,hard,Last-value baseline,,,,,,,4.195962839363871,0.19245711159135764,0.5856770271491096,0.25,0.33567702714910963,,,
inverse,I_hard_038,hard,Curve-fit baseline,,,,,,,2.598734284220193,0.27787547538166996,0.5856770271491096,0.3777782844114942,0.20789874273761544,,,
inverse,I_hard_038,hard,Oracle simulator,,,,,,,0.0,1.0,0.5856770271491096,0.5856770271491096,0.0,,,
inverse,I_hard_039,hard,Random baseline,,,,,,,4.919178730778311,0.16894235593871149,0.2718429820797143,0.6653772805419792,0.3935342984622649,,,
inverse,I_hard_039,hard,Last-value baseline,,,,,,,0.27303727599642874,0.785522952748797,0.2718429820797143,0.25,0.0218429820797143,,,
inverse,I_hard_039,hard,Curve-fit baseline,,,,,,,0.5355633923849863,0.6512267777150073,0.2718429820797143,0.2289979106889154,0.042845071390798906,,,
inverse,I_hard_039,hard,Oracle simulator,,,,,,,0.0,1.0,0.2718429820797143,0.2718429820797143,0.0,,,
inverse,I_hard_040,hard,Random baseline,,,,,,,0.882492169640537,0.5312107089353527,0.3342301663229679,0.4048295398942109,0.07059937357124296,,,
inverse,I_hard_040,hard,Last-value baseline,,,,,,,1.0528770790370992,0.48712122621050913,0.3342301663229679,0.25,0.08423016632296793,,,
inverse,I_hard_040,hard,Curve-fit baseline,,,,,,,1.224589947722908,0.44952104590043696,0.3342301663229679,0.23626297050513528,0.09796719581783264,,,
inverse,I_hard_040,hard,Oracle simulator,,,,,,,0.0,1.0,0.3342301663229679,0.3342301663229679,0.0,,,
inverse,I_hard_041,hard,Random baseline,,,,,,,3.6785113687975253,0.21374320188026405,0.2121910019489224,0.5064719114527244,0.29428090950380204,,,
inverse,I_hard_041,hard,Last-value baseline,,,,,,,0.47261247563847,0.6790652778942655,0.2121910019489224,0.25,0.0378089980510776,,,
inverse,I_hard_041,hard,Curve-fit baseline,,,,,,,0.684336814249423,0.5937054819083923,0.2121910019489224,0.15744405680896856,0.054746945139953845,,,
inverse,I_hard_041,hard,Oracle simulator,,,,,,,0.0,1.0,0.2121910019489224,0.2121910019489224,0.0,,,
inverse,I_hard_042,hard,Random baseline,,,,,,,8.112766043046863,0.1097361652078197,0.2703335412760546,0.9193548247198037,0.6490212834437491,,,
inverse,I_hard_042,hard,Last-value baseline,,,,,,,0.25416926595068223,0.7973405401877572,0.2703335412760546,0.25,0.02033354127605458,,,
inverse,I_hard_042,hard,Curve-fit baseline,,,,,,,0.5556949040747778,0.6427995601070201,0.2703335412760546,0.22587794895007235,0.04445559232598223,,,
inverse,I_hard_042,hard,Oracle simulator,,,,,,,0.0,1.0,0.2703335412760546,0.2703335412760546,0.0,,,
inverse,I_hard_043,hard,Random baseline,,,,,,,4.180463638951208,0.19303291552538557,0.20147524640535872,0.5359123375214554,0.33443709111609665,,,
inverse,I_hard_043,hard,Last-value baseline,,,,,,,0.6065594199330161,0.6224481880923483,0.20147524640535872,0.25,0.048524753594641284,,,
inverse,I_hard_043,hard,Curve-fit baseline,,,,,,,0.507679888056687,0.6632707698243179,0.20147524640535872,0.16086085536082376,0.04061439104453496,,,
inverse,I_hard_043,hard,Oracle simulator,,,,,,,0.0,1.0,0.20147524640535872,0.20147524640535872,0.0,,,
inverse,I_hard_044,hard,Random baseline,,,,,,,3.7270674045469354,0.21154764982578977,0.22981088491068039,0.5279762772744352,0.29816539236375483,,,
inverse,I_hard_044,hard,Last-value baseline,,,,,,,0.2523639386164952,0.7984899350461294,0.22981088491068039,0.25,0.020189115089319615,,,
inverse,I_hard_044,hard,Curve-fit baseline,,,,,,,0.4267276484829184,0.7009046197873361,0.22981088491068039,0.1956726730320469,0.03413821187863347,,,
inverse,I_hard_044,hard,Oracle simulator,,,,,,,0.0,1.0,0.22981088491068039,0.22981088491068039,0.0,,,
inverse,I_hard_045,hard,Random baseline,,,,,,,0.9183506605705674,0.5212811299590941,0.40674181419250643,0.4802098670381518,0.07346805284564539,,,
inverse,I_hard_045,hard,Last-value baseline,,,,,,,1.9592726774063305,0.33792087077168403,0.40674181419250643,0.25,0.15674181419250643,,,
inverse,I_hard_045,hard,Curve-fit baseline,,,,,,,1.510875738790937,0.398267419032664,0.40674181419250643,0.28587175508923146,0.12087005910327497,,,
inverse,I_hard_045,hard,Oracle simulator,,,,,,,0.0,1.0,0.40674181419250643,0.40674181419250643,0.0,,,
inverse,I_hard_046,hard,Random baseline,,,,,,,5.839953011006673,0.14619983476360526,0.4307974393452644,0.8979936802257983,0.4671962408805339,,,
inverse,I_hard_046,hard,Last-value baseline,,,,,,,2.2599679918158047,0.30675147808521863,0.4307974393452644,0.25,0.18079743934526438,,,
inverse,I_hard_046,hard,Curve-fit baseline,,,,,,,1.8349198496985768,0.3527436587338881,0.4307974393452644,0.2840038513693782,0.14679358797588615,,,
inverse,I_hard_046,hard,Oracle simulator,,,,,,,0.0,1.0,0.4307974393452644,0.4307974393452644,0.0,,,
inverse,I_hard_047,hard,Random baseline,,,,,,,0.7344081764518908,0.5765655475896784,0.3786601913447699,0.31990753722861864,0.05875265411615127,,,
inverse,I_hard_047,hard,Last-value baseline,,,,,,,1.6082523918096239,0.3833984790506385,0.3786601913447699,0.25,0.12866019134476991,,,
inverse,I_hard_047,hard,Curve-fit baseline,,,,,,,1.0354175072927616,0.49129969473931934,0.3786601913447699,0.295826790761349,0.08283340058342092,,,
inverse,I_hard_047,hard,Oracle simulator,,,,,,,0.0,1.0,0.3786601913447699,0.3786601913447699,0.0,,,
inverse,I_hard_048,hard,Random baseline,,,,,,,7.168179375714168,0.12242630260706867,0.3494077147504205,0.922862064807554,0.5734543500571334,,,
inverse,I_hard_048,hard,Last-value baseline,,,,,,,1.242596434380256,0.4459117051420583,0.3494077147504205,0.25,0.09940771475042048,,,
inverse,I_hard_048,hard,Curve-fit baseline,,,,,,,0.7184887991355443,0.5819066149881411,0.3494077147504205,0.29192861081957694,0.057479103930843545,,,
inverse,I_hard_048,hard,Oracle simulator,,,,,,,0.0,1.0,0.3494077147504205,0.3494077147504205,0.0,,,
inverse,I_hard_049,hard,Random baseline,,,,,,,1.3095469155533945,0.432985358844892,0.389396028787104,0.28463227554283244,0.10476375324427156,,,
inverse,I_hard_049,hard,Last-value baseline,,,,,,,1.7424503598388,0.3646374113618522,0.389396028787104,0.25,0.139396028787104,,,
inverse,I_hard_049,hard,Curve-fit baseline,,,,,,,1.5315889082278114,0.3950088407916237,0.389396028787104,0.2668689161288791,0.12252711265822491,,,
inverse,I_hard_049,hard,Oracle simulator,,,,,,,0.0,1.0,0.389396028787104,0.389396028787104,0.0,,,
inverse,I_hard_050,hard,Random baseline,,,,,,,4.783241907314249,0.17291339633143624,0.3948697670950917,0.7775291196802316,0.38265935258513994,,,
inverse,I_hard_050,hard,Last-value baseline,,,,,,,1.8108720886886462,0.355761474890353,0.3948697670950917,0.25,0.1448697670950917,,,
inverse,I_hard_050,hard,Curve-fit baseline,,,,,,,1.1116586624087765,0.47356138461284103,0.3948697670950917,0.3059370741023896,0.08893269299270212,,,
inverse,I_hard_050,hard,Oracle simulator,,,,,,,0.0,1.0,0.3948697670950917,0.3948697670950917,0.0,,,
inverse,I_hard_051,hard,Random baseline,,,,,,,7.161771716170295,0.12252241728579301,0.3531048371147302,0.9260465744083538,0.5729417372936236,,,
inverse,I_hard_051,hard,Last-value baseline,,,,,,,1.2888104639341271,0.43690817381232505,0.3531048371147302,0.25,0.10310483711473017,,,
inverse,I_hard_051,hard,Curve-fit baseline,,,,,,,1.1404948045008294,0.46718169924883485,0.3531048371147302,0.2618652527546638,0.09123958436006635,,,
inverse,I_hard_051,hard,Oracle simulator,,,,,,,0.0,1.0,0.3531048371147302,0.3531048371147302,0.0,,,
inverse,I_hard_052,hard,Random baseline,,,,,,,4.937624864961489,0.16841751083014672,0.3304142244475501,0.7254242136444692,0.3950099891969191,,,
inverse,I_hard_052,hard,Last-value baseline,,,,,,,1.005177805594376,0.4987088911567019,0.3304142244475501,0.25,0.08041422444755009,,,
inverse,I_hard_052,hard,Curve-fit baseline,,,,,,,0.7842863321991627,0.5604481645989426,0.3304142244475501,0.2676713178716171,0.06274290657593301,,,
inverse,I_hard_052,hard,Oracle simulator,,,,,,,0.0,1.0,0.3304142244475501,0.3304142244475501,0.0,,,
inverse,I_hard_053,hard,Random baseline,,,,,,,1.1133256845262236,0.47318783248696716,0.3390681661115266,0.4281342208736245,0.08906605476209789,,,
inverse,I_hard_053,hard,Last-value baseline,,,,,,,1.1133520763940827,0.47318192324406955,0.3390681661115266,0.25,0.08906816611152663,,,
inverse,I_hard_053,hard,Curve-fit baseline,,,,,,,0.7795097722526074,0.5619525195043698,0.3390681661115266,0.27670738433131803,0.062360781780208596,,,
inverse,I_hard_053,hard,Oracle simulator,,,,,,,0.0,1.0,0.3390681661115266,0.3390681661115266,0.0,,,
rollout,R_easy_000,easy,Random baseline,,,,,,,3.900066677488831,0.204078855619262,,,,30.0,0.104343072128089,75.6355416373905
rollout,R_easy_000,easy,Last-value baseline,,,,,,,0.3499532135413833,0.7407664132126935,,,,30.0,3.1241572097662207e-06,12.246540048909386
rollout,R_easy_000,easy,Curve-fit baseline,,,,,,,0.29861326400222493,0.7700521993115008,,,,30.0,3.1241572097662207e-06,10.449641815038843
rollout,R_easy_000,easy,Oracle simulator,,,,,,,0.0,1.0,,,,30.0,0.0,0.0
rollout,R_easy_001,easy,Random baseline,,,,,,,4.163925239915505,0.1936511381439679,,,,30.0,0.10533911174061925,84.28956821501477
rollout,R_easy_001,easy,Last-value baseline,,,,,,,0.18256787536291483,0.8456174236029479,,,,30.0,2.504422135646278e-06,6.388414724789559
rollout,R_easy_001,easy,Curve-fit baseline,,,,,,,0.1103474518655873,0.9006189894161657,,,,30.0,2.504422135646278e-06,3.860699902383095
rollout,R_easy_001,easy,Oracle simulator,,,,,,,0.0,1.0,,,,30.0,0.0,0.0
rollout,R_easy_002,easy,Random baseline,,,,,,,5.019825148414114,0.16611778172052785,,,,30.0,0.16185676834271875,81.2774319945747
rollout,R_easy_002,easy,Last-value baseline,,,,,,,0.27584366384774905,0.7837950905239857,,,,30.0,4.867381621503908e-07,9.654244304076629
rollout,R_easy_002,easy,Curve-fit baseline,,,,,,,0.11678896203372842,0.8954243227645715,,,,30.0,4.867381621503908e-07,4.087329740585907
rollout,R_easy_002,easy,Oracle simulator,,,,,,,0.0,1.0,,,,30.0,0.0,0.0
rollout,R_easy_003,easy,Random baseline,,,,,,,4.071512851156124,0.19717982175122276,,,,30.0,0.0992922924108705,84.58244588412322
rollout,R_easy_003,easy,Last-value baseline,,,,,,,0.6408221615118528,0.6094505690236415,,,,30.0,1.372664979788311e-06,22.427974931676637
rollout,R_easy_003,easy,Curve-fit baseline,,,,,,,0.2656893061632413,0.7900833128087011,,,,30.0,1.372664979788311e-06,9.298324994475236
rollout,R_easy_003,easy,Oracle simulator,,,,,,,0.0,1.0,,,,30.0,0.0,0.0
rollout,R_easy_004,easy,Random baseline,,,,,,,3.81609557993794,0.20763707517882898,,,,30.0,0.11809843446993475,64.67259185703263
rollout,R_easy_004,easy,Last-value baseline,,,,,,,0.4551054861242632,0.6872353994510347,,,,30.0,7.83623962108404e-07,15.928234900371315
rollout,R_easy_004,easy,Curve-fit baseline,,,,,,,0.24653433045701786,0.8022241951678694,,,,30.0,7.83623962108404e-07,8.628244452017729
rollout,R_easy_004,easy,Oracle simulator,,,,,,,0.0,1.0,,,,30.0,0.0,0.0
rollout,R_easy_005,easy,Random baseline,,,,,,,4.040733168858805,0.19838383951324975,,,,30.0,0.12628986245336424,67.75657447892901
rollout,R_easy_005,easy,Last-value baseline,,,,,,,0.21145630686222028,0.8254527995236487,,,,30.0,1.102428216756083e-06,7.400327657051268
rollout,R_easy_005,easy,Curve-fit baseline,,,,,,,0.27806412773310785,0.7824333523652621,,,,30.0,1.102428216756083e-06,9.731601387532335
rollout,R_easy_005,easy,Oracle simulator,,,,,,,0.0,1.0,,,,30.0,0.0,0.0
rollout,R_easy_006,easy,Random baseline,,,,,,,4.013838235231241,0.1994479983365238,,,,30.0,0.1389040407150136,59.45698114933551
rollout,R_easy_006,easy,Last-value baseline,,,,,,,0.5832722306885242,0.631603321663215,,,,30.0,4.790163636786415e-06,20.411733811976887
rollout,R_easy_006,easy,Curve-fit baseline,,,,,,,0.31979984738249756,0.7576906467925852,,,,30.0,4.790163636786415e-06,11.190200396265956
rollout,R_easy_006,easy,Oracle simulator,,,,,,,0.0,1.0,,,,30.0,0.0,0.0
rollout,R_easy_007,easy,Random baseline,,,,,,,4.7662156623686,0.17342396791125708,,,,30.0,0.13312896985335984,89.15898243510775
rollout,R_easy_007,easy,Last-value baseline,,,,,,,0.40052098742522224,0.7140200032549622,,,,30.0,2.9553596483137637e-06,14.016510600087928
rollout,R_easy_007,easy,Curve-fit baseline,,,,,,,0.21606141630673642,0.8223268879273137,,,,30.0,2.9553596483137637e-06,7.560425610940925
rollout,R_easy_007,easy,Oracle simulator,,,,,,,0.0,1.0,,,,30.0,0.0,0.0
rollout,R_easy_008,easy,Random baseline,,,,,,,4.2968682574626405,0.18879080078896093,,,,30.0,0.11887422073725137,81.0470935811291
rollout,R_easy_008,easy,Last-value baseline,,,,,,,0.4055344076219534,0.711473155389996,,,,30.0,4.7378305595424663e-07,14.193427893319063
rollout,R_easy_008,easy,Curve-fit baseline,,,,,,,0.30257584495519574,0.7677096146630884,,,,30.0,4.7378305595424663e-07,10.589878199982545
rollout,R_easy_008,easy,Oracle simulator,,,,,,,0.0,1.0,,,,30.0,0.0,0.0
rollout,R_easy_009,easy,Random baseline,,,,,,,5.134626741694607,0.1630091026082157,,,,30.0,0.144988438309586,95.13534694538606
rollout,R_easy_009,easy,Last-value baseline,,,,,,,0.5175750322742212,0.6589460018338672,,,,30.0,1.6826751154108699e-06,18.11414456911375
rollout,R_easy_009,easy,Curve-fit baseline,,,,,,,0.12291208615593095,0.8905416660206265,,,,30.0,1.6826751154108699e-06,4.300941454973594
rollout,R_easy_009,easy,Oracle simulator,,,,,,,0.0,1.0,,,,30.0,0.0,0.0
rollout,R_easy_010,easy,Random baseline,,,,,,,4.395407403072167,0.18534281571222885,,,,30.0,0.13273003548502402,76.41340507459518
rollout,R_easy_010,easy,Last-value baseline,,,,,,,0.4184962019641081,0.7049719263367494,,,,30.0,5.2170331837908536e-08,14.64733663605021
rollout,R_easy_010,easy,Curve-fit baseline,,,,,,,0.3375937270362021,0.7476111615862376,,,,30.0,5.2170331837908536e-08,11.815750013573501
rollout,R_easy_010,easy,Oracle simulator,,,,,,,0.0,1.0,,,,30.0,0.0,0.0
rollout,R_easy_011,easy,Random baseline,,,,,,,4.753175475385101,0.1738170518661371,,,,30.0,0.14673686794177646,80.76463533910893
rollout,R_easy_011,easy,Last-value baseline,,,,,,,0.7894292012892299,0.5588374210499807,,,,30.0,0.0,27.630022045123045
rollout,R_easy_011,easy,Curve-fit baseline,,,,,,,0.3990480549234444,0.7147717310215764,,,,30.0,0.0,13.966681922320555
rollout,R_easy_011,easy,Oracle simulator,,,,,,,0.0,1.0,,,,30.0,0.0,0.0
rollout,R_easy_012,easy,Random baseline,,,,,,,3.840585094323323,0.20658659656096642,,,,30.0,0.10552892291792756,72.86193993252522
rollout,R_easy_012,easy,Last-value baseline,,,,,,,0.6988073674737708,0.5886482594474854,,,,30.0,1.2916445822908074e-06,24.457504402242307
rollout,R_easy_012,easy,Curve-fit baseline,,,,,,,0.40776537850252903,0.7103456408792508,,,,30.0,1.2916445822908074e-06,14.271034788248846
rollout,R_easy_012,easy,Oracle simulator,,,,,,,0.0,1.0,,,,30.0,0.0,0.0
rollout,R_easy_013,easy,Random baseline,,,,,,,3.7224722864696993,0.2117534925223571,,,,30.0,0.11865526555040812,61.07095845536808
rollout,R_easy_013,easy,Last-value baseline,,,,,,,0.3706152734026596,0.7295993408255417,,,,30.0,1.6105980719105517e-06,12.970595053551138
rollout,R_easy_013,easy,Curve-fit baseline,,,,,,,0.2719763317719579,0.7861781505060911,,,,30.0,1.6105980719105517e-06,9.518232096476579
rollout,R_easy_013,easy,Oracle simulator,,,,,,,0.0,1.0,,,,30.0,0.0,0.0
rollout,R_easy_014,easy,Random baseline,,,,,,,3.9798163427280526,0.20081061854023677,,,,30.0,0.12187875192277399,68.19763337386368
rollout,R_easy_014,easy,Last-value baseline,,,,,,,0.8870378849875926,0.5299310670737143,,,,30.0,5.837319904296775e-09,31.04632256946246
rollout,R_easy_014,easy,Curve-fit baseline,,,,,,,0.3169496042720292,0.7593304988711169,,,,30.0,5.837319904296775e-09,11.093232744417744
rollout,R_easy_014,easy,Oracle simulator,,,,,,,0.0,1.0,,,,30.0,0.0,0.0
rollout,R_easy_015,easy,Random baseline,,,,,,,5.108367129810542,0.16370987184442795,,,,30.0,0.1649743302024036,82.55782359196688
rollout,R_easy_015,easy,Last-value baseline,,,,,,,0.2801242584237104,0.78117416603866,,,,30.0,7.378748232691098e-07,9.803918617849623
rollout,R_easy_015,easy,Curve-fit baseline,,,,,,,0.20014763692233786,0.8332308203050776,,,,30.0,7.378748232691098e-07,7.004736865301585
rollout,R_easy_015,easy,Oracle simulator,,,,,,,0.0,1.0,,,,30.0,0.0,0.0
rollout,R_easy_016,easy,Random baseline,,,,,,,4.390718594765877,0.18550402556181486,,,,30.0,0.1177961948884175,84.96070379856215
rollout,R_easy_016,easy,Last-value baseline,,,,,,,0.5862893977745526,0.6304019943668074,,,,30.0,0.0,20.52012892210934
rollout,R_easy_016,easy,Curve-fit baseline,,,,,,,0.3178728526922118,0.7587985426341802,,,,30.0,0.0,11.125549844227415
rollout,R_easy_016,easy,Oracle simulator,,,,,,,0.0,1.0,,,,30.0,0.0,0.0
rollout,R_easy_017,easy,Random baseline,,,,,,,4.180881110409112,0.19301736107992531,,,,30.0,0.11050721785364086,81.86829511636175
rollout,R_easy_017,easy,Last-value baseline,,,,,,,1.0037472039581323,0.4990649509202732,,,,30.0,4.400895008083161e-06,35.12858494977991
rollout,R_easy_017,easy,Curve-fit baseline,,,,,,,0.566304695393262,0.6384453822689484,,,,30.0,4.400895008083161e-06,19.818097150009454
rollout,R_easy_017,easy,Oracle simulator,,,,,,,0.0,1.0,,,,30.0,0.0,0.0
rollout,R_medium_018,medium,Random baseline,,,,,,,4.348754911796824,0.1869593983067859,,,,30.0,0.12755854954927995,77.79726800914221
rollout,R_medium_018,medium,Last-value baseline,,,,,,,1.64111510920002,0.37862795018536505,,,,30.0,4.822899214742179e-06,57.43621546412543
rollout,R_medium_018,medium,Curve-fit baseline,,,,,,,1.4183102326616832,0.41351187556253377,,,,30.0,4.822899214742179e-06,49.63804478528365
rollout,R_medium_018,medium,Oracle simulator,,,,,,,0.0,1.0,,,,30.0,0.0,0.0
rollout,R_medium_019,medium,Random baseline,,,,,,,3.787588670182191,0.2088734160117279,,,,30.0,0.12386261531830198,60.3124111873672
rollout,R_medium_019,medium,Last-value baseline,,,,,,,1.2277797660484229,0.4488774048674361,,,,30.0,4.556346157276921e-06,42.969633943103055
rollout,R_medium_019,medium,Curve-fit baseline,,,,,,,0.5918945131699433,0.6281823272376871,,,,30.0,4.556346157276921e-06,20.71365009235627
rollout,R_medium_019,medium,Oracle simulator,,,,,,,0.0,1.0,,,,30.0,0.0,0.0
rollout,R_medium_020,medium,Random baseline,,,,,,,3.923319615358083,0.2031149870669666,,,,30.0,0.10474907407052979,76.21255999639052
rollout,R_medium_020,medium,Last-value baseline,,,,,,,1.4578974176571586,0.4068518046425181,,,,30.0,3.419542261465236e-06,51.02441488501469
rollout,R_medium_020,medium,Curve-fit baseline,,,,,,,1.2433272487615914,0.44576643936012494,,,,30.0,3.419542261465236e-06,43.51445897366984
rollout,R_medium_020,medium,Oracle simulator,,,,,,,0.0,1.0,,,,30.0,0.0,0.0
rollout,R_medium_021,medium,Random baseline,,,,,,,3.74764815665364,0.210630604249504,,,,30.0,0.10952679332562923,67.27705604292701
rollout,R_medium_021,medium,Last-value baseline,,,,,,,0.8792930376398623,0.5321149921652797,,,,30.0,1.936081653552968e-06,30.77412693643061
rollout,R_medium_021,medium,Curve-fit baseline,,,,,,,0.8830674557049742,0.531048421537095,,,,30.0,1.936081653552968e-06,30.906231568709526
rollout,R_medium_021,medium,Oracle simulator,,,,,,,0.0,1.0,,,,30.0,0.0,0.0
rollout,R_medium_022,medium,Random baseline,,,,,,,4.512336416937384,0.18141127905897897,,,,30.0,0.13342930820598894,80.0980114726482
rollout,R_medium_022,medium,Last-value baseline,,,,,,,1.0696637207694413,0.48317028025607406,,,,30.0,2.60285762687662e-06,37.43671189331477
rollout,R_medium_022,medium,Curve-fit baseline,,,,,,,1.7178557343619525,0.36793711577732485,,,,30.0,2.60285762687662e-06,60.123432369052665
rollout,R_medium_022,medium,Oracle simulator,,,,,,,0.0,1.0,,,,30.0,0.0,0.0
rollout,R_medium_023,medium,Random baseline,,,,,,,3.8260320379089725,0.2072095651551623,,,,30.0,0.13739328009871507,53.76504126923024
rollout,R_medium_023,medium,Last-value baseline,,,,,,,1.2217619728708191,0.45009321980061784,,,,30.0,2.855824367437032e-06,42.76000315293099
rollout,R_medium_023,medium,Curve-fit baseline,,,,,,,1.2567697786002132,0.4431112156332851,,,,30.0,2.855824367437032e-06,43.98527635345979
rollout,R_medium_023,medium,Oracle simulator,,,,,,,0.0,1.0,,,,30.0,0.0,0.0
rollout,R_medium_024,medium,Random baseline,,,,,,,3.759833728002829,0.21009137233446773,,,,30.0,0.11715116987516362,63.255998052920226
rollout,R_medium_024,medium,Last-value baseline,,,,,,,1.3147401797246543,0.4320139291481747,,,,30.0,1.8503717077085942e-18,46.0159062903629
rollout,R_medium_024,medium,Curve-fit baseline,,,,,,,0.4677874632302558,0.6812975482153489,,,,30.0,1.8503717077085942e-18,16.37256121305895
rollout,R_medium_024,medium,Oracle simulator,,,,,,,0.0,1.0,,,,30.0,0.0,0.0
rollout,R_medium_025,medium,Random baseline,,,,,,,4.478752841979353,0.18252329112892085,,,,30.0,0.13870104139266146,75.8474086568915
rollout,R_medium_025,medium,Last-value baseline,,,,,,,1.8838276896225108,0.346761355957054,,,,30.0,0.0,65.93396913678788
rollout,R_medium_025,medium,Curve-fit baseline,,,,,,,0.5002699121330982,0.6665467273006831,,,,30.0,0.0,17.509446924658437
rollout,R_medium_025,medium,Oracle simulator,,,,,,,0.0,1.0,,,,30.0,0.0,0.0
rollout,R_medium_026,medium,Random baseline,,,,,,,3.820775244407611,0.2074355159287005,,,,30.0,0.11054571892831747,69.2421308460812
rollout,R_medium_026,medium,Last-value baseline,,,,,,,0.6328800512677839,0.6124148551043846,,,,30.0,2.97614290208544e-07,22.150628186036485
rollout,R_medium_026,medium,Curve-fit baseline,,,,,,,0.5393871057783829,0.6496091829315117,,,,30.0,2.97614290208544e-07,18.878375093907447
rollout,R_medium_026,medium,Oracle simulator,,,,,,,0.0,1.0,,,,30.0,0.0,0.0
rollout,R_medium_027,medium,Random baseline,,,,,,,3.603387174744062,0.21723134770987357,,,,30.0,0.10827321626641555,62.9591749606331
rollout,R_medium_027,medium,Last-value baseline,,,,,,,1.1516356175479998,0.4647627097471077,,,,30.0,2.4059721989146593e-06,40.30584313039729
rollout,R_medium_027,medium,Curve-fit baseline,,,,,,,1.2261456843662908,0.44920689918129353,,,,30.0,2.4059721989146593e-06,42.91369546903748
rollout,R_medium_027,medium,Oracle simulator,,,,,,,0.0,1.0,,,,30.0,0.0,0.0
rollout,R_medium_028,medium,Random baseline,,,,,,,3.6691512187885453,0.21417168841652107,,,,30.0,0.09962462953920072,70.30592542639866
rollout,R_medium_028,medium,Last-value baseline,,,,,,,1.398647817303128,0.41690155294424597,,,,30.0,1.8657130859948505e-06,48.95158527297598
rollout,R_medium_028,medium,Curve-fit baseline,,,,,,,0.9722244911770469,0.5070416701920116,,,,30.0,1.8657130859948505e-06,34.026768858563145
rollout,R_medium_028,medium,Oracle simulator,,,,,,,0.0,1.0,,,,30.0,0.0,0.0
rollout,R_medium_029,medium,Random baseline,,,,,,,3.880532541244542,0.20489567307443846,,,,30.0,0.12864222422798202,60.777341477236135
rollout,R_medium_029,medium,Last-value baseline,,,,,,,1.4094016489213164,0.41504080502630086,,,,30.0,0.0,49.329057712246076
rollout,R_medium_029,medium,Curve-fit baseline,,,,,,,0.9928298440575904,0.5017989884996429,,,,30.0,0.0,34.74904454201567
rollout,R_medium_029,medium,Oracle simulator,,,,,,,0.0,1.0,,,,30.0,0.0,0.0
rollout,R_medium_030,medium,Random baseline,,,,,,,4.336378524120036,0.18739300360348765,,,,30.0,0.1251280429944143,78.78188993079293
rollout,R_medium_030,medium,Last-value baseline,,,,,,,3.0454894552763285,0.24718887814569637,,,,30.0,1.8663809051577829e-06,106.59104221247682
rollout,R_medium_030,medium,Curve-fit baseline,,,,,,,2.837957837935267,0.26055523333679376,,,,30.0,1.8663809051577829e-06,99.32743560553966
rollout,R_medium_030,medium,Oracle simulator,,,,,,,0.0,1.0,,,,30.0,0.0,0.0
rollout,R_medium_031,medium,Random baseline,,,,,,,3.8182812402832327,0.2075428872103815,,,,30.0,0.09867370709388755,76.08018093847873
rollout,R_medium_031,medium,Last-value baseline,,,,,,,0.7893581233293999,0.5588596195262091,,,,30.0,3.83998304404054e-06,27.625294326419972
rollout,R_medium_031,medium,Curve-fit baseline,,,,,,,0.6262177678296588,0.614923794206599,,,,30.0,3.83998304404054e-06,21.915381883929033
rollout,R_medium_031,medium,Oracle simulator,,,,,,,0.0,1.0,,,,30.0,0.0,0.0
rollout,R_medium_032,medium,Random baseline,,,,,,,4.066587535104115,0.1973715036148982,,,,30.0,0.1276201401020592,67.88548200244283
rollout,R_medium_032,medium,Last-value baseline,,,,,,,1.1321515493806629,0.46900981325200597,,,,30.0,2.9973759601324238e-06,39.62355575901312
rollout,R_medium_032,medium,Curve-fit baseline,,,,,,,1.252577742383115,0.44393584344931414,,,,30.0,2.9973759601324238e-06,43.83847251409895
rollout,R_medium_032,medium,Oracle simulator,,,,,,,0.0,1.0,,,,30.0,0.0,0.0
rollout,R_medium_033,medium,Random baseline,,,,,,,3.3953457483484657,0.22751338739978447,,,,30.0,0.11596078850932946,51.193307895087436
rollout,R_medium_033,medium,Last-value baseline,,,,,,,1.9688350252296039,0.3368324583554999,,,,30.0,4.1764293543504005e-06,68.90678963257943
rollout,R_medium_033,medium,Curve-fit baseline,,,,,,,2.4179121344687475,0.2925762748302574,,,,30.0,4.1764293543504005e-06,84.62448845594946
rollout,R_medium_033,medium,Oracle simulator,,,,,,,0.0,1.0,,,,30.0,0.0,0.0
rollout,R_medium_034,medium,Random baseline,,,,,,,6.145330258693077,0.1399515437069393,,,,30.0,0.18679357723008547,106.12363900337452
rollout,R_medium_034,medium,Last-value baseline,,,,,,,2.4943898053232525,0.28617299606261126,,,,30.0,7.55856067224947e-07,87.30320227027462
rollout,R_medium_034,medium,Curve-fit baseline,,,,,,,2.7353700190804884,0.26771109552519334,,,,30.0,7.55856067224947e-07,95.73750975177788
rollout,R_medium_034,medium,Oracle simulator,,,,,,,0.0,1.0,,,,30.0,0.0,0.0
rollout,R_medium_035,medium,Random baseline,,,,,,,3.4895325053408737,0.2227403407393469,,,,30.0,0.10018944451958536,63.68979505050577
rollout,R_medium_035,medium,Last-value baseline,,,,,,,1.8042427157338023,0.3566025131809335,,,,30.0,8.865386524226082e-07,63.14797790313583
rollout,R_medium_035,medium,Curve-fit baseline,,,,,,,1.9377049596827602,0.3404017808881628,,,,30.0,8.865386524226082e-07,67.81915644134936
rollout,R_medium_035,medium,Oracle simulator,,,,,,,0.0,1.0,,,,30.0,0.0,0.0
rollout,R_hard_036,hard,Random baseline,,,,,,,6.809003857031001,0.12805730645140212,,,,30.0,0.13047346044553904,162.20561640285396
rollout,R_hard_036,hard,Last-value baseline,,,,,,,3.238498532075654,0.23593260500913407,,,,30.0,1.4947280785289804e-06,113.34657669793542
rollout,R_hard_036,hard,Curve-fit baseline,,,,,,,3.7785668008589597,0.2092677661888597,,,,30.0,1.4947280785289804e-06,132.24896610535112
rollout,R_hard_036,hard,Oracle simulator,,,,,,,0.0,1.0,,,,30.0,0.0,0.0
rollout,R_hard_037,hard,Random baseline,,,,,,,7.605656238904968,0.11620264303367593,,,,30.0,0.13560303083377534,187.0962003753049
rollout,R_hard_037,hard,Last-value baseline,,,,,,,4.02173337791674,0.19913442724728025,,,,30.0,2.210338424846192e-07,140.76053929067777
rollout,R_hard_037,hard,Curve-fit baseline,,,,,,,4.448188040015043,0.18354726243942912,,,,30.0,2.210338424846192e-07,155.6864524641184
rollout,R_hard_037,hard,Oracle simulator,,,,,,,0.0,1.0,,,,30.0,0.0,0.0
rollout,R_hard_038,hard,Random baseline,,,,,,,9.293470777068851,0.09714896186694748,,,,30.0,0.12471817285385144,252.51920969932974
rollout,R_hard_038,hard,Last-value baseline,,,,,,,2.644777962937735,0.27436513559086273,,,,30.0,0.0,92.56722870282071
rollout,R_hard_038,hard,Curve-fit baseline,,,,,,,5.705554200454238,0.14913010470219737,,,,30.0,0.0,199.69439701589835
rollout,R_hard_038,hard,Oracle simulator,,,,,,,0.0,1.0,,,,30.0,0.0,0.0
rollout,R_hard_039,hard,Random baseline,,,,,,,7.629894526162767,0.11587627136905974,,,,30.0,0.1775573310282041,163.47119864924449
rollout,R_hard_039,hard,Last-value baseline,,,,,,,4.647325743424285,0.17707496351957286,,,,30.0,3.1358244029222604e-07,162.65621809675983
rollout,R_hard_039,hard,Curve-fit baseline,,,,,,,4.338445378069167,0.18732045177573484,,,,30.0,3.1358244029222604e-07,151.8454053093307
rollout,R_hard_039,hard,Oracle simulator,,,,,,,0.0,1.0,,,,30.0,0.0,0.0
rollout,R_hard_040,hard,Random baseline,,,,,,,9.541660913095821,0.09486171185393641,,,,30.0,0.15892919917091086,241.2494324419891
rollout,R_hard_040,hard,Last-value baseline,,,,,,,5.195886846573979,0.16139739552425023,,,,30.0,7.402135139648417e-07,181.85560783887277
rollout,R_hard_040,hard,Curve-fit baseline,,,,,,,4.869806844623229,0.17036335717179601,,,,30.0,7.402135139648417e-07,170.44280777059654
rollout,R_hard_040,hard,Oracle simulator,,,,,,,0.0,1.0,,,,30.0,0.0,0.0
rollout,R_hard_041,hard,Random baseline,,,,,,,8.278153293621404,0.1077800687651373,,,,30.0,0.16352110581503693,194.3480535513109
rollout,R_hard_041,hard,Last-value baseline,,,,,,,6.020510518569473,0.14243978373865665,,,,30.0,7.319326077078377e-07,210.71744118924374
rollout,R_hard_041,hard,Curve-fit baseline,,,,,,,4.504219963046593,0.18167878586133007,,,,30.0,7.319326077078377e-07,157.64727174594293
rollout,R_hard_041,hard,Oracle simulator,,,,,,,0.0,1.0,,,,30.0,0.0,0.0
rollout,R_hard_042,hard,Random baseline,,,,,,,7.4167026585704106,0.1188113731191083,,,,30.0,0.14571731688992245,174.58282486417627
rollout,R_hard_042,hard,Last-value baseline,,,,,,,3.814086185022827,0.2077237426930815,,,,30.0,4.367680913275329e-06,133.49046866193285
rollout,R_hard_042,hard,Curve-fit baseline,,,,,,,4.060794757102892,0.1975974225385226,,,,30.0,4.367680913275329e-06,142.12526868473515
rollout,R_hard_042,hard,Oracle simulator,,,,,,,0.0,1.0,,,,30.0,0.0,0.0
rollout,R_hard_043,hard,Random baseline,,,,,,,7.060756620392072,0.12405783316546286,,,,30.0,0.15291327457819812,157.92707154310696
rollout,R_hard_043,hard,Last-value baseline,,,,,,,5.189838078200471,0.16155511458721764,,,,30.0,1.9146007157975578e-06,181.64321588659894
rollout,R_hard_043,hard,Curve-fit baseline,,,,,,,4.295606652590597,0.18883577758004413,,,,30.0,1.9146007157975578e-06,150.34511599025336
rollout,R_hard_043,hard,Oracle simulator,,,,,,,0.0,1.0,,,,30.0,0.0,0.0
rollout,R_hard_044,hard,Random baseline,,,,,,,7.137152653784673,0.12289311047088318,,,,30.0,0.14928214247120625,162.71909310759327
rollout,R_hard_044,hard,Last-value baseline,,,,,,,4.328953004490344,0.18765412251850755,,,,30.0,0.0,151.51335515716204
rollout,R_hard_044,hard,Curve-fit baseline,,,,,,,4.031388447041311,0.1987522948239161,,,,30.0,0.0,141.0985956464459
rollout,R_hard_044,hard,Oracle simulator,,,,,,,0.0,1.0,,,,30.0,0.0,0.0
rollout,R_hard_045,hard,Random baseline,,,,,,,7.612380878795074,0.11611191075654172,,,,30.0,0.1220517208652287,195.23649358644417
rollout,R_hard_045,hard,Last-value baseline,,,,,,,3.4995736710142595,0.22224327750024098,,,,30.0,4.625929269271486e-17,122.48507848549906
rollout,R_hard_045,hard,Curve-fit baseline,,,,,,,5.0526872317022375,0.16521587217695427,,,,30.0,4.625929269271486e-17,176.84405310957828
rollout,R_hard_045,hard,Oracle simulator,,,,,,,0.0,1.0,,,,30.0,0.0,0.0
rollout,R_hard_046,hard,Random baseline,,,,,,,9.18078509002745,0.09822425197635752,,,,30.0,0.14498240071511045,236.75441106714632
rollout,R_hard_046,hard,Last-value baseline,,,,,,,4.339532139468128,0.18728232621886798,,,,30.0,1.2190909243203763e-08,151.88361777002075
rollout,R_hard_046,hard,Curve-fit baseline,,,,,,,4.617935032004291,0.17800134645616106,,,,30.0,1.2190909243203763e-08,161.62771900878644
rollout,R_hard_046,hard,Oracle simulator,,,,,,,0.0,1.0,,,,30.0,0.0,0.0
rollout,R_hard_047,hard,Random baseline,,,,,,,6.8799786365150055,0.12690389734892218,,,,30.0,0.11988048254494685,170.86897079347287
rollout,R_hard_047,hard,Last-value baseline,,,,,,,3.195165835526511,0.23836959948795342,,,,30.0,1.5525192797923488e-06,111.82989860718133
rollout,R_hard_047,hard,Curve-fit baseline,,,,,,,4.364710735930423,0.18640334012837806,,,,30.0,1.5525192797923488e-06,152.76397012131824
rollout,R_hard_047,hard,Oracle simulator,,,,,,,0.0,1.0,,,,30.0,0.0,0.0
rollout,R_hard_048,hard,Random baseline,,,,,,,7.7354552767228135,0.11447600248892342,,,,30.0,0.16458168299527878,174.73495293805252
rollout,R_hard_048,hard,Last-value baseline,,,,,,,3.3882968495465193,0.22787884099120112,,,,30.0,9.741160097812933e-08,118.59033291069427
rollout,R_hard_048,hard,Curve-fit baseline,,,,,,,4.3623982391900835,0.186483725265253,,,,30.0,9.741160097812933e-08,152.68388154821903
rollout,R_hard_048,hard,Oracle simulator,,,,,,,0.0,1.0,,,,30.0,0.0,0.0
rollout,R_hard_049,hard,Random baseline,,,,,,,10.042117767363344,0.09056233786562681,,,,30.0,0.15614561847444983,260.38917774762126
rollout,R_hard_049,hard,Last-value baseline,,,,,,,4.891071501464405,0.169748406508293,,,,30.0,1.6653345369377347e-17,171.18750255125417
rollout,R_hard_049,hard,Curve-fit baseline,,,,,,,4.9864818149839465,0.16704301974108338,,,,30.0,1.6653345369377347e-17,174.52686352443814
rollout,R_hard_049,hard,Oracle simulator,,,,,,,0.0,1.0,,,,30.0,0.0,0.0
rollout,R_hard_050,hard,Random baseline,,,,,,,8.539341950785769,0.10482903382215254,,,,30.0,0.16126962223108468,204.80302197603584
rollout,R_hard_050,hard,Last-value baseline,,,,,,,4.524996506736722,0.18099558955027087,,,,30.0,8.304075616027973e-08,158.37482929534417
rollout,R_hard_050,hard,Curve-fit baseline,,,,,,,4.48155528968742,0.18242997601088212,,,,30.0,8.304075616027973e-08,156.8543866986186
rollout,R_hard_050,hard,Oracle simulator,,,,,,,0.0,1.0,,,,30.0,0.0,0.0
rollout,R_hard_051,hard,Random baseline,,,,,,,9.823650810431495,0.09239026808184087,,,,30.0,0.18753813321519075,234.4305339895744
rollout,R_hard_051,hard,Last-value baseline,,,,,,,5.185723973635256,0.1616625643598376,,,,30.0,9.082260025254177e-07,181.4998092787325
rollout,R_hard_051,hard,Curve-fit baseline,,,,,,,4.842146304303849,0.17116996869169646,,,,30.0,9.082260025254177e-07,169.47459085213328
rollout,R_hard_051,hard,Oracle simulator,,,,,,,0.0,1.0,,,,30.0,0.0,0.0
rollout,R_hard_052,hard,Random baseline,,,,,,,8.4722941844379,0.1055710454646676,,,,30.0,0.1605949177266139,202.84992778146838
rollout,R_hard_052,hard,Last-value baseline,,,,,,,3.6086054344596716,0.216985379681835,,,,30.0,8.195619873252457e-07,126.30071212826257
rollout,R_hard_052,hard,Curve-fit baseline,,,,,,,4.296721287175757,0.18879603924434657,,,,30.0,8.195619873252457e-07,150.38476697332553
rollout,R_hard_052,hard,Oracle simulator,,,,,,,0.0,1.0,,,,30.0,0.0,0.0
rollout,R_hard_053,hard,Random baseline,,,,,,,8.5563371242974,0.10464260385471927,,,,30.0,0.15079674046223393,211.5070340807725
rollout,R_hard_053,hard,Last-value baseline,,,,,,,3.864795630952742,0.20555848094366008,,,,30.0,4.6995620605986644e-07,135.26757294222577
rollout,R_hard_053,hard,Curve-fit baseline,,,,,,,4.469467972093398,0.18283313936606846,,,,30.0,4.6995620605986644e-07,156.4311048821487
rollout,R_hard_053,hard,Oracle simulator,,,,,,,0.0,1.0,,,,30.0,0.0,0.0
forward,F_easy_000,easy,gpt-4o,0.13403312415720978,0.13403,135.1267639889491,136.5,3.1241572097662207e-06,1.373236011050892,0.054991923586231006,0.94787455490721,,,,,,
forward,F_easy_001,easy,gpt-4o,0.15697250442213564,0.15697,131.46267643868737,130.789,2.504422135646278e-06,0.6736764386873801,0.02699714599020813,0.973712540394474,,,,,,
forward,F_easy_002,easy,gpt-4o,0.06317902652367571,0.06318,115.5081001847042,115.762,9.734763242869038e-07,0.25389981529579586,0.010175462138317572,0.9899270349363085,,,,,,
forward,F_easy_003,easy,gpt-4o,0.09863137266497976,0.09863,124.23756792243107,124.5,1.3726649797651813e-06,0.2624320775689313,0.010524736402352554,0.9895848799903478,,,,,,
forward,F_easy_004,easy,gpt-4o,0.09373078362396212,0.09373,125.04347103420078,125.5,7.836239621222818e-07,0.4565289657992224,0.018276831111211343,0.9820512157865101,,,,,,
forward,F_easy_005,easy,gpt-4o,0.0394936747607225,0.03949,113.32120199196542,113.456,3.6747607225010026e-06,0.1347980080345792,0.005465415535833188,0.9945642928624049,,,,,,
forward,F_easy_006,easy,gpt-4o,0.14085520983636318,0.14086,138.84799648652967,145.3,4.790163636830824e-06,6.452003513470345,0.2581759438115504,0.7948013987380609,,,,,,
forward,F_easy_007,easy,gpt-4o,0.08798295535964831,0.08798,119.42797224082103,119.5,2.955359648310063e-06,0.07202775917896531,0.002940217560124814,0.997068401975865,,,,,,
forward,F_easy_008,easy,gpt-4o,0.18770047378305596,0.1877,145.89759664541342,145.892,4.7378305595424663e-07,0.00559664541341931,0.00023334147765585733,0.9997667129578872,,,,,,
forward,F_easy_009,easy,gpt-4o,0.08539831732488459,0.0854,121.5952770062562,122.5,1.6826751154108699e-06,0.9047229937438033,0.036222573252060346,0.9650436361964398,,,,,,
forward,F_easy_010,easy,gpt-4o,0.23905005217033187,0.23905,152.8002270883293,152.5,5.2170331860112995e-08,0.3002270883293079,0.012010126939809518,0.9881324043899378,,,,,,
forward,F_easy_011,easy,gpt-4o,0.0,-0.0004,106.14571917026862,106.5,0.0004,0.35428082973137975,0.02217123318925519,0.9783096682147088,,,,,,
forward,F_easy_012,easy,gpt-4o,0.2768712916445823,0.27687,160.6976973554598,160.732,1.2916445822908074e-06,0.034302644540190386,0.0013979386732534316,0.9986040128311972,,,,,,
forward,F_easy_013,easy,gpt-4o,0.1278816105980719,0.12788,131.10046405313813,129.5,1.6105980719105517e-06,1.6004640531381256,0.06405077408696323,0.9398047765700621,,,,,,
forward,F_easy_014,easy,gpt-4o,0.03788017511959713,0.03788,110.29930400053404,110.982,1.7511959713584213e-07,0.6826959994659632,0.02731134237058124,0.9734147368532321,,,,,,
forward,F_easy_015,easy,gpt-4o,0.09067829721194631,0.09068,124.56292349045226,124.789,1.7027880536840678e-06,0.22607650954773817,0.009077116142983208,0.9910045367219515,,,,,,
forward,F_easy_016,easy,gpt-4o,0.08960000000000001,0.0896,123.51158249049216,124.5,1.3877787807814457e-17,0.9884175095078405,0.0395367003803139,0.9619669989853658,,,,,,
forward,F_easy_017,easy,gpt-4o,0.0888655991049919,0.08887,123.8487112254843,124.5,4.400895008110917e-06,0.6512887745157059,0.026139568880790453,0.9745263025873754,,,,,,
forward,F_medium_018,medium,gpt-4o,0.08190517710078529,0.08191,134.76679538560248,134.5,4.822899214704246e-06,0.26679538560247806,0.010768273408393208,0.989346446963475,,,,,,
forward,F_medium_019,medium,gpt-4o,0.04877544365384271,0.04878,122.77500592482924,118.5,4.556346157286173e-06,4.2750059248292445,0.1710913639163155,0.8539043415501257,,,,,,
forward,F_medium_020,medium,gpt-4o,0.2221534195422615,0.22215,180.71981349051111,178.5,3.4195422615179716e-06,2.2198134905111147,0.08886093046567495,0.9183909276387834,,,,,,
forward,F_medium_021,medium,gpt-4o,0.04428193608165355,0.04428,120.42445316043599,118.5,1.936081653552968e-06,1.9244531604359878,0.07701684805051057,0.9284905819347975,,,,,,
forward,F_medium_022,medium,gpt-4o,0.21458739714237315,0.21459,196.02029148548553,199.5,2.6028576268488646e-06,3.4797085145144706,0.1392403977331158,0.877777861450332,,,,,,
forward,F_medium_023,medium,gpt-4o,0.15266714417563254,0.15267,150.3712389252024,145.5,2.8558243674592365e-06,4.871238925202391,0.19490667349544483,0.8368854423372774,,,,,,
forward,F_medium_024,medium,gpt-4o,0.07929999999999998,0.0793,126.14778585496892,126.5,1.3877787807814457e-17,0.35221414503108406,0.01408856580124364,0.9861071643282832,,,,,,
forward,F_medium_025,medium,gpt-4o,0.0604,0.0604,130.00435097129963,122.5,0.0,7.50435097129963,0.3001740388519852,0.7691278014464664,,,,,,
forward,F_medium_026,medium,gpt-4o,0.1761302976142902,0.17613,144.27276879033005,144.2,2.9761429018448915e-07,0.07276879033005912,0.0029167038990060546,0.9970917785219182,,,,,,
forward,F_medium_027,medium,gpt-4o,0.24637240597219887,0.24637,183.04140189909626,180.432,2.4059721988600735e-06,2.6094018990962695,0.10442419540782798,0.905449196203758,,,,,,
forward,F_medium_028,medium,gpt-4o,0.15137215274586846,0.15137,148.1294882239752,148.5,2.1527458684555967e-06,0.3705117760248129,0.014863525958361627,0.985354162822705,,,,,,
forward,F_medium_029,medium,gpt-4o,0.049300000000000004,0.0493,123.54238049099422,122.5,6.938893903907228e-18,1.0423804909942191,0.0416952196397689,0.95997368630127,,,,,,
forward,F_medium_030,medium,gpt-4o,0.06074186638090516,0.06074,127.23762300250809,130.512,1.8663809051577829e-06,3.2743769974919132,0.13101240751777968,0.8841635983416741,,,,,,
forward,F_medium_031,medium,gpt-4o,0.010746160016955955,0.01075,110.21926499043333,108.5,3.83998304404401e-06,1.7192649904333308,0.06884739927821411,0.9355872509726774,,,,,,
forward,F_medium_032,medium,gpt-4o,0.19602299737596016,0.19602,164.55149859037135,168.5,2.9973759601564787e-06,3.9485014096286477,0.15800000390434904,0.8635578554649126,,,,,,
forward,F_medium_033,medium,gpt-4o,0.15419582357064568,0.1542,146.72610183903063,146.789,4.176429354324496e-06,0.06289816096935397,0.0025994550258606488,0.9974072846211616,,,,,,
forward,F_medium_034,medium,gpt-4o,0.3828411934569482,0.38284,242.49317891516407,239.5,1.193456948211935e-06,2.9931789151640658,0.11975102574552687,0.8930556677402487,,,,,,
forward,F_medium_035,medium,gpt-4o,0.10097088653865241,0.10097,138.62628041062084,134.582,8.865386524059549e-07,4.044280410620843,0.16178894719788184,0.8607415334875576,,,,,,
forward,F_hard_036,hard,gpt-4o,0.2601385052719215,0.26014,235.2606460944845,236.5,1.49472807847717e-06,1.239353905515486,0.049604050782188984,0.9527402254733842,,,,,,
forward,F_hard_037,hard,gpt-4o,0.3807977896615752,0.3808,297.28266372406574,278.5,2.210338424846192e-06,18.782663724065742,0.7513507557311266,0.57098784850927,,,,,,
forward,F_hard_038,hard,gpt-4o,0.3146,0.3146,349.3098778683097,340.0,0.0,9.309877868309684,0.37239511473238734,0.7286531329536223,,,,,,
forward,F_hard_039,hard,gpt-4o,0.2814915679122014,0.28149,239.29410620242976,230.5,1.567912201405619e-06,8.79410620242976,0.3517956063412185,0.7397568059172855,,,,,,
forward,F_hard_040,hard,gpt-4o,0.2531655587189162,0.25317,246.9840791253777,247.5,4.44128108378905e-06,0.5159208746223101,0.020725660606568184,0.9796951704003876,,,,,,
forward,F_hard_041,hard,gpt-4o,0.21162182983151923,0.21162,202.47360894953437,197.845,1.829831519223335e-06,4.628608949534367,0.18518095461175915,0.8437530118154652,,,,,,
forward,F_hard_042,hard,gpt-4o,0.36091436768091323,0.36091,269.7607040085441,260.5,4.367680913219818e-06,9.26070400854411,0.3705155139600288,0.7296524481583979,,,,,,
forward,F_hard_043,hard,gpt-4o,0.0815964101236579,0.0816,161.97716067455937,162.0,3.589876342108278e-06,0.0228393254406285,0.0009853705444673056,0.9990155994548339,,,,,,
forward,F_hard_044,hard,gpt-4o,0.28750000000000003,0.2875,224.72294310368912,220.5,5.551115123125783e-17,4.2229431036891185,0.16891772414756584,0.8554922038924945,,,,,,
forward,F_hard_045,hard,gpt-4o,0.3396,0.3396,299.62415691682304,299.5,0.0,0.12415691682303986,0.004966276672921595,0.9950582653486015,,,,,,
forward,F_hard_046,hard,gpt-4o,0.3877601219090924,0.38776,337.69323671703137,324.512,1.2190909243203762e-07,13.181236717031368,0.5272519068631033,0.6547708308670234,,,,,,
forward,F_hard_047,hard,gpt-4o,0.3047515525192797,0.30475,277.9296925801845,270.123,1.5525192796905785e-06,7.806692580184517,0.3122987535929745,0.7620216031312046,,,,,,
forward,F_hard_048,hard,gpt-4o,0.29471022479600223,0.29471,264.5701492390571,263.5,2.2479600220171037e-07,1.0701492390571161,0.042810465482328676,0.958947031220551,,,,,,
forward,F_hard_049,hard,gpt-4o,0.27630000000000005,0.2763,272.0845467002687,267.8,5.551115123125783e-17,4.284546700268663,0.17138186801074765,0.8536925722593008,,,,,,
forward,F_hard_050,hard,gpt-4o,0.335969644111045,0.33597,303.27797775645575,303.5,3.558889549726274e-07,0.22202224354424516,0.008888007520869259,0.9911902932192547,,,,,,
forward,F_hard_051,hard,gpt-4o,0.2262972753219924,0.2263,243.65898127840975,241.987,2.724678007604009e-06,1.6719812784097599,0.06693374469654248,0.937265322210256,,,,,,
forward,F_hard_052,hard,gpt-4o,0.3390327318732911,0.33903,273.47783034333986,268.5,2.7318732910841526e-06,4.9778303433398605,0.1991678511994161,0.8339116154588309,,,,,,
forward,F_hard_053,hard,gpt-4o,0.33914201409802597,0.33914,276.43365826831115,274.3,2.0140980259708563e-06,2.1336582683111374,0.08538661269296491,0.9213306929582342,,,,,,
inverse,I_easy_000,easy,gpt-4o,,,,,,,7.519709932752303,0.1173748880998521,0.048423205379815835,0.65,0.6015767946201842,,,
inverse,I_easy_001,easy,gpt-4o,,,,,,,5.420797572601655,0.15574389142357092,0.016336194191867534,0.45,0.43366380580813246,,,
inverse,I_easy_002,easy,gpt-4o,,,,,,,5.366709585102381,0.1570670040204008,0.02066323319180954,0.45,0.4293367668081905,,,
inverse,I_easy_003,easy,gpt-4o,,,,,,,5.239726598958424,0.16026343208161178,0.030821872083326048,0.45,0.41917812791667397,,,
inverse,I_easy_004,easy,gpt-4o,,,,,,,3.903740588052258,0.20392595857057663,0.0377007529558193,0.35,0.31229924704418066,,,
inverse,I_easy_005,easy,gpt-4o,,,,,,,5.250294938444977,0.15999244993209744,0.029976404924401828,0.45,0.42002359507559817,,,
inverse,I_easy_006,easy,gpt-4o,,,,,,,7.395662822783241,0.11910911873286625,0.0583469741773407,0.65,0.5916530258226593,,,
inverse,I_easy_007,easy,gpt-4o,,,,,,,5.3918042446047405,0.15645034824777218,0.018655660431620737,0.45,0.43134433956837925,,,
inverse,I_easy_008,easy,gpt-4o,,,,,,,5.035011682266954,0.16569976209629578,0.04719906541864372,0.45,0.4028009345813563,,,
inverse,I_easy_009,easy,gpt-4o,,,,,,,2.791363179675591,0.2637573750150639,0.026690945625952724,0.25,0.22330905437404727,,,
inverse,I_easy_010,easy,gpt-4o,,,,,,,7.675021249486398,0.11527349285273562,0.035998300041088144,0.65,0.6140016999589119,,,
inverse,I_easy_011,easy,gpt-4o,,,,,,,4.001955550003374,0.19992180858131084,0.029843555999730046,0.35,0.32015644400026994,,,
inverse,I_easy_012,easy,gpt-4o,,,,,,,7.619213863274976,0.11601986165592576,0.04046289093800198,0.65,0.6095371090619981,,,
inverse,I_easy_013,easy,gpt-4o,,,,,,,5.2009101055559,0.1612666500525493,0.033927191555527994,0.45,0.41607280844447203,,,
inverse,I_easy_014,easy,gpt-4o,,,,,,,5.405954345753954,0.15610476535207093,0.017523652339683657,0.45,0.43247634766031634,,,
inverse,I_easy_015,easy,gpt-4o,,,,,,,5.148340207786558,0.16264552158866408,0.03813278337707536,0.45,0.41186721662292464,,,
inverse,I_easy_016,easy,gpt-4o,,,,,,,4.024162984518727,0.19903812895428824,0.028066961238501813,0.35,0.32193303876149815,,,
inverse,I_easy_017,easy,gpt-4o,,,,,,,5.164968778638211,0.16220682308481885,0.03680249770894318,0.45,0.41319750229105684,,,
inverse,I_medium_018,medium,gpt-4o,,,,,,,7.0277810038564175,0.12456742398922142,0.0877775196914866,0.65,0.5622224803085134,,,
inverse,I_medium_019,medium,gpt-4o,,,,,,,3.6913628010305106,0.21315767771794128,0.05469097591755909,0.35,0.29530902408244086,,,
inverse,I_medium_020,medium,gpt-4o,,,,,,,6.336942171497829,0.13629656287666378,0.1430446262801737,0.65,0.5069553737198264,,,
inverse,I_medium_021,medium,gpt-4o,,,,,,,4.90324396753464,0.16939838595517645,0.05774048259722882,0.45,0.3922595174027712,,,
inverse,I_medium_022,medium,gpt-4o,,,,,,,5.566261603264022,0.15229365816051407,0.2046990717388783,0.65,0.4453009282611217,,,
inverse,I_medium_023,medium,gpt-4o,,,,,,,4.612872309036392,0.17816190088451847,0.08097021527708863,0.45,0.36902978472291137,,,
inverse,I_medium_024,medium,gpt-4o,,,,,,,4.957300325578595,0.1678612702647111,0.053415973953712406,0.45,0.3965840260462876,,,
inverse,I_medium_025,medium,gpt-4o,,,,,,,3.5487310780376866,0.2198415300540031,0.066101513756985,0.35,0.28389848624301495,,,
inverse,I_medium_026,medium,gpt-4o,,,,,,,7.481360407368029,0.11790561324705268,0.051491167410557745,0.65,0.5985088325894423,,,
inverse,I_medium_027,medium,gpt-4o,,,,,,,6.637139975773355,0.13093906922908502,0.11902880193813158,0.65,0.5309711980618684,,,
inverse,I_medium_028,medium,gpt-4o,,,,,,,7.058605917425738,0.12409094206202885,0.08531152660594098,0.65,0.564688473394059,,,
inverse,I_medium_029,medium,gpt-4o,,,,,,,4.786104546215018,0.17282784851410096,0.06711163630279861,0.45,0.3828883636972014,,,
inverse,I_medium_030,medium,gpt-4o,,,,,,,7.205181212555198,0.12187421265844137,0.07358550299558424,0.65,0.5764144970044158,,,
inverse,I_medium_031,medium,gpt-4o,,,,,,,5.130044724371673,0.16313094683048981,0.03959642205026617,0.45,0.4104035779497338,,,
inverse,I_medium_032,medium,gpt-4o,,,,,,,6.755738180820063,0.12893679191917534,0.10954094553439495,0.65,0.540459054465605,,,
inverse,I_medium_033,medium,gpt-4o,,,,,,,4.724010320464548,0.17470268989990959,0.07207917436283617,0.45,0.37792082563716384,,,
inverse,I_medium_034,medium,gpt-4o,,,,,,,5.712899373551135,0.1489669283499178,0.19296805011590923,0.65,0.4570319498840908,,,
inverse,I_medium_035,medium,gpt-4o,,,,,,,3.507643502867699,0.2218454053351411,0.06938851977058406,0.35,0.2806114802294159,,,
inverse,I_hard_036,hard,gpt-4o,,,,,,,4.494467695980962,0.18200125204693987,0.2904425843215231,0.65,0.35955741567847693,,,
inverse,I_hard_037,hard,gpt-4o,,,,,,,4.0126904180445955,0.19949366839017577,0.3289847665564324,0.65,0.32101523344356764,,,
inverse,I_hard_038,hard,gpt-4o,,,,,,,0.8040371606361298,0.5543123067638948,0.5856770271491096,0.65,0.06432297285089039,,,
inverse,I_hard_039,hard,gpt-4o,,,,,,,4.726962724003571,0.17461262595767796,0.2718429820797143,0.65,0.3781570179202857,,,
inverse,I_hard_040,hard,gpt-4o,,,,,,,3.9471229209629013,0.2021376901234064,0.3342301663229679,0.65,0.3157698336770321,,,
inverse,I_hard_041,hard,gpt-4o,,,,,,,5.472612475638471,0.1544971221069987,0.2121910019489224,0.65,0.43780899805107765,,,
inverse,I_hard_042,hard,gpt-4o,,,,,,,5.995830734049318,0.14294228062621825,0.2703335412760546,0.75,0.4796664587239454,,,
inverse,I_hard_043,hard,gpt-4o,,,,,,,3.106559419933016,0.24351285291186933,0.20147524640535872,0.45,0.2485247535946413,,,
inverse,I_hard_044,hard,gpt-4o,,,,,,,5.2523639386164955,0.15993950605205445,0.22981088491068039,0.65,0.42018911508931966,,,
inverse,I_hard_045,hard,gpt-4o,,,,,,,3.04072732259367,0.24748019852973355,0.40674181419250643,0.65,0.2432581858074936,,,
inverse,I_hard_046,hard,gpt-4o,,,,,,,2.7400320081841953,0.2673773908382953,0.4307974393452644,0.65,0.21920256065473565,,,
inverse,I_hard_047,hard,gpt-4o,,,,,,,3.3917476081903764,0.22769978815154426,0.3786601913447699,0.65,0.2713398086552301,,,
inverse,I_hard_048,hard,gpt-4o,,,,,,,3.757403565619744,0.21019869056867171,0.3494077147504205,0.65,0.30059228524957954,,,
inverse,I_hard_049,hard,gpt-4o,,,,,,,3.2575496401612,0.23487688565438264,0.389396028787104,0.65,0.260603971212896,,,
inverse,I_hard_050,hard,gpt-4o,,,,,,,3.189127911311354,0.2387131692254683,0.3948697670950917,0.65,0.2551302329049083,,,
inverse,I_hard_051,hard,gpt-4o,,,,,,,3.711189536065873,0.21226061748198313,0.3531048371147302,0.65,0.29689516288526985,,,
inverse,I_hard_052,hard,gpt-4o,,,,,,,3.994822194405624,0.20020732692347587,0.3304142244475501,0.65,0.31958577555244994,,,
inverse,I_hard_053,hard,gpt-4o,,,,,,,3.8866479236059175,0.2046392569371128,0.3390681661115266,0.65,0.3109318338884734,,,
rollout,R_easy_000,easy,gpt-4o,,,,,,,0.25912225156481833,0.7942040566412156,,,,30.0,3.1241572097870374e-06,9.067456379729599
rollout,R_easy_001,easy,gpt-4o,,,,,,,0.08857819269325375,0.9186294624604758,,,,30.0,2.504422135641421e-06,3.0987758313514235
rollout,R_easy_002,easy,gpt-4o,,,,,,,0.13767545753176857,0.8789852970631352,,,,30.0,0.004660486738162149,2.1000237496839795
rollout,R_easy_003,easy,gpt-4o,,,,,,,0.21174120090642362,0.8252587262461374,,,,30.0,1.3726649797482968e-06,7.41014131048664
rollout,R_easy_004,easy,gpt-4o,,,,,,,0.04663292988122818,0.9554448092068725,,,,30.0,7.836239621197375e-07,1.631695431865083
rollout,R_easy_005,easy,gpt-4o,,,,,,,1.5574772868312652,0.3910103151840727,,,,30.0,0.06484810242821676,16.683645289301168
rollout,R_easy_006,easy,gpt-4o,,,,,,,0.1609094333895569,0.8613936378139828,,,,30.0,0.0008714568303034937,5.123480350957454
rollout,R_easy_007,easy,gpt-4o,,,,,,,0.18398092444699762,0.8446082021693637,,,,30.0,2.9553596483212807e-06,6.437608395850063
rollout,R_easy_008,easy,gpt-4o,,,,,,,0.13507616142251586,0.8809981514780173,,,,30.0,4.7378305596511756e-07,4.727389276338742
rollout,R_easy_009,easy,gpt-4o,,,,,,,0.13172832649238253,0.8836042861093226,,,,30.0,1.6826751154281593e-06,4.609509866749389
rollout,R_easy_010,easy,gpt-4o,,,,,,,0.3903426102859908,0.719247178790199,,,,30.0,5.2170331865924316e-08,13.661960927316091
rollout,R_easy_011,easy,gpt-4o,,,,,,,0.15071356895272217,0.8690259913334573,,,,30.0,0.0004066666666666554,5.037752691123061
rollout,R_easy_012,easy,gpt-4o,,,,,,,0.27845430011200856,0.7821945609728775,,,,30.0,1.2916445822500992e-06,9.745147044580653
rollout,R_easy_013,easy,gpt-4o,,,,,,,0.1208585813881127,0.8921732113265913,,,,30.0,1.610598071892048e-06,4.229110833042007
rollout,R_easy_014,easy,gpt-4o,,,,,,,0.40917859495578096,0.7096332598150055,,,,30.0,0.014867339170653285,5.648636307237917
rollout,R_easy_015,easy,gpt-4o,,,,,,,0.5159420531087692,0.6596558212428254,,,,30.0,0.018297489163583893,7.384436513382984
rollout,R_easy_016,easy,gpt-4o,,,,,,,0.3326989215840771,0.7503570264853043,,,,30.0,3.631354476378116e-17,11.644462255442678
rollout,R_easy_017,easy,gpt-4o,,,,,,,0.3601951331721938,0.7351886325808556,,,,30.0,0.0008710675616747714,12.0987069167165
rollout,R_medium_018,medium,gpt-4o,,,,,,,0.8742628477998569,0.5335430946485821,,,,30.0,4.822899214739403e-06,30.596386315119723
rollout,R_medium_019,medium,gpt-4o,,,,,,,0.6299588136674704,0.6135124345565279,,,,30.0,4.5563461572666285e-06,22.045900609769724
rollout,R_medium_020,medium,gpt-4o,,,,,,,1.060736285952271,0.4852634501643172,,,,30.0,3.4195422614337795e-06,37.123775275343654
rollout,R_medium_021,medium,gpt-4o,,,,,,,0.5831712162836401,0.6316436211791515,,,,30.0,7.012907211023355e-05,20.370083944529767
rollout,R_medium_022,medium,gpt-4o,,,,,,,0.889122761903052,0.5293462236369576,,,,30.0,0.0007726028576268001,30.66861166632452
rollout,R_medium_023,medium,gpt-4o,,,,,,,0.9453734014422478,0.514040131965733,,,,30.0,2.8558243674409063e-06,33.086403152931
rollout,R_medium_024,medium,gpt-4o,,,,,,,0.8027816765912621,0.5546983381209095,,,,30.0,4.163336342344337e-18,28.09735868069417
rollout,R_medium_025,medium,gpt-4o,,,,,,,1.2442372134320345,0.44558569567195366,,,,30.0,5.146346312064528e-18,43.54830247012121
rollout,R_medium_026,medium,gpt-4o,,,,,,,0.47254804139588,0.6790949917342356,,,,30.0,2.976142902136325e-07,16.539007840519844
rollout,R_medium_027,medium,gpt-4o,,,,,,,1.0560285918257937,0.4863745591747731,,,,30.0,0.004797594027801182,34.16240419768542
rollout,R_medium_028,medium,gpt-4o,,,,,,,0.772203534146508,0.5642692731010714,,,,30.0,0.0015178657130859566,26.14170202916097
rollout,R_medium_029,medium,gpt-4o,,,,,,,0.6980706110216004,0.5889036613138107,,,,30.0,2.4980018054066023e-17,24.432471385756
rollout,R_medium_030,medium,gpt-4o,,,,,,,1.8536187095784296,0.3504322412252938,,,,30.0,1.866380905188314e-06,64.87556611305034
rollout,R_medium_031,medium,gpt-4o,,,,,,,0.6039043171674683,0.6234785886517363,,,,30.0,3.8399830441012556e-06,21.134411110752332
rollout,R_medium_032,medium,gpt-4o,,,,,,,1.468910202773821,0.40503700737130893,,,,30.0,2.997375960172207e-06,51.41010862777364
rollout,R_medium_033,medium,gpt-4o,,,,,,,1.3839378823724604,0.4194740170850486,,,,30.0,4.176429354317094e-06,48.43538963257943
rollout,R_medium_034,medium,gpt-4o,,,,,,,2.98235012278357,0.2511080063701238,,,,30.0,0.04158208918940054,80.12603560360796
rollout,R_medium_035,medium,gpt-4o,,,,,,,0.7266684300195165,0.5791499876954934,,,,30.0,8.865386524228395e-07,25.432877903135832
rollout,R_hard_036,hard,gpt-4o,,,,,,,2.71679377017089,0.26904909495530666,,,,30.0,1.4947280784558906e-06,95.08691003126873
rollout,R_hard_037,hard,gpt-4o,,,,,,,4.017763536646898,0.19929197394348444,,,,30.0,0.02203688770050912,127.76687262401111
rollout,R_hard_038,hard,gpt-4o,,,,,,,2.8531322486520208,0.2595291143588025,,,,30.0,4.4408920985006264e-17,99.8596287028207
rollout,R_hard_039,hard,gpt-4o,,,,,,,4.302932092630634,0.18857492091774616,,,,30.0,0.10881898024910693,87.12488476342648
rollout,R_hard_040,hard,gpt-4o,,,,,,,4.861177314749299,0.1706141865873193,,,,30.0,0.05597907354684728,137.48674644723124
rollout,R_hard_041,hard,gpt-4o,,,,,,,5.328940677299632,0.15800432505028153,,,,30.0,0.08708939859927435,135.71077452257708
rollout,R_hard_042,hard,gpt-4o,,,,,,,3.339904280260921,0.23041982850826348,,,,30.0,4.367680913253125e-06,116.89410199526615
rollout,R_hard_043,hard,gpt-4o,,,,,,,3.890349801516839,0.20448434991088574,,,,30.0,0.08131191460071581,88.7302928693385
rollout,R_hard_044,hard,gpt-4o,,,,,,,4.643660940998281,0.17718995000842747,,,,30.0,0.09671333333333335,106.1120218238287
rollout,R_hard_045,hard,gpt-4o,,,,,,,3.6848838134198867,0.21345246538142354,,,,30.0,0.02605000000000001,113.7751001363627
rollout,R_hard_046,hard,gpt-4o,,,,,,,3.7473800457586313,0.21064249972854238,,,,30.0,0.11883067885757592,61.84040560129948
rollout,R_hard_047,hard,gpt-4o,,,,,,,3.4622500118697195,0.22410219000279452,,,,30.0,1.5525192797756955e-06,121.17784477919365
rollout,R_hard_048,hard,gpt-4o,,,,,,,3.3328366576209127,0.2307956839871003,,,,30.0,0.0043990974116009775,114.08314285996471
rollout,R_hard_049,hard,gpt-4o,,,,,,,4.831142930035833,0.17149296664450908,,,,30.0,0.06998999999999998,128.2625025512542
rollout,R_hard_050,hard,gpt-4o,,,,,,,3.785414760704976,0.20896830264565874,,,,30.0,0.02953374970742282,115.26149596201086
rollout,R_hard_051,hard,gpt-4o,,,,,,,4.207308100619383,0.19203780161981485,,,,30.0,0.07913424155933584,101.09414261206584
rollout,R_hard_052,hard,gpt-4o,,,,,,,4.450091570653216,0.18348315565643714,,,,30.0,0.03179848622865398,137.2040880061477
rollout,R_hard_053,hard,gpt-4o,,,,,,,4.641274498680794,0.17726490711165518,,,,30.0,0.12144113662287269,91.6039444238187
