task_type,task_id,difficulty,model,strain_true,strain_pred,resistance_true,resistance_pred,strain_error,resistance_error,normalized_error,score,fatigue_true,fatigue_pred,fatigue_error,horizon,mean_strain_error,mean_resistance_error
forward,F_easy_000,easy,Random baseline,0.07809009934437239,0.26577451449239203,116.84857049094111,195.2726963938641,0.18768441514801965,78.42412590292298,6.890653339077312,0.12673221811020965,,,,,,
forward,F_easy_000,easy,Last-value baseline,0.07809009934437239,0.07809009934437239,116.84857049094111,126.55633609842401,0.0,9.707765607482898,0.3883106242993159,0.7202998972255957,,,,,,
forward,F_easy_000,easy,Curve-fit baseline,0.07809009934437239,0.07809009934437239,116.84857049094111,115.63829275146773,0.0,1.2102777394733835,0.04841110957893534,0.9538243069568595,,,,,,
forward,F_easy_000,easy,Oracle simulator,0.07809009934437239,0.07809009934437239,116.84857049094111,116.84857049094111,0.0,0.0,0.0,1.0,,,,,,
forward,F_easy_001,easy,Random baseline,0.0588432276283043,0.36009868196139344,111.83561485896362,153.97693326197478,0.30125545433308915,42.141318403011155,7.710761822782229,0.1148005215094492,,,,,,
forward,F_easy_001,easy,Last-value baseline,0.0588432276283043,0.0588432276283043,111.83561485896362,120.80692506980853,0.0,8.971310210844905,0.3588524084337962,0.7359150955566933,,,,,,
forward,F_easy_001,easy,Curve-fit baseline,0.0588432276283043,0.0588432276283043,111.83561485896362,111.22302217924673,0.0,0.6125926797168972,0.02450370718867589,0.9760823635710251,,,,,,
forward,F_easy_001,easy,Oracle simulator,0.0588432276283043,0.0588432276283043,111.83561485896362,111.83561485896362,0.0,0.0,0.0,1.0,,,,,,
forward,F_easy_002,easy,Random baseline,0.18834643087359068,0.11166406928767386,134.17391639709115,286.39866785772216,0.07668236158591682,152.224751460631,7.622637290143577,0.11597379854340933,,,,,,
forward,F_easy_002,easy,Last-value baseline,0.18834643087359068,0.18834643087359068,134.17391639709115,129.55076702779462,0.0,4.623149369296527,0.1849259747718611,0.8439345759067645,,,,,,
forward,F_easy_002,easy,Curve-fit baseline,0.18834643087359068,0.18834643087359068,134.17391639709115,134.25699068012784,0.0,0.0830742830366944,0.0033229713214677757,0.9966880342457513,,,,,,
forward,F_easy_002,easy,Oracle simulator,0.18834643087359068,0.18834643087359068,134.17391639709115,134.17391639709115,0.0,0.0,0.0,1.0,,,,,,
forward,F_easy_003,easy,Random baseline,0.0725296474480937,0.10595767696940808,113.92438065021997,292.90536304061277,0.03342802952131438,178.9809823903928,7.8277998860419995,0.11327850799848119,,,,,,
forward,F_easy_003,easy,Last-value baseline,0.0725296474480937,0.0725296474480937,113.92438065021997,119.60956342888758,0.0,5.68518277866761,0.2274073111467044,0.8147254712583966,,,,,,
forward,F_easy_003,easy,Curve-fit baseline,0.0725296474480937,0.0725296474480937,113.92438065021997,113.37635010456329,0.0,0.5480305456566867,0.02192122182626747,0.9785490100821156,,,,,,
forward,F_easy_003,easy,Oracle simulator,0.0725296474480937,0.0725296474480937,113.92438065021997,113.92438065021997,0.0,0.0,0.0,1.0,,,,,,
forward,F_easy_004,easy,Random baseline,0.0824135825180543,0.36025725060590075,112.33304735719396,236.0417533861391,0.27784366808784644,123.70870602894514,10.505221602914734,0.08691705683849323,,,,,,
forward,F_easy_004,easy,Last-value baseline,0.0824135825180543,0.0824135825180543,112.33304735719396,112.94103505129407,0.0,0.6079876941001032,0.024319507764004128,0.9762578886961829,,,,,,
forward,F_easy_004,easy,Curve-fit baseline,0.0824135825180543,0.0824135825180543,112.33304735719396,112.26608141499241,0.0,0.0669659422015485,0.00267863768806194,0.9973285182436537,,,,,,
forward,F_easy_004,easy,Oracle simulator,0.0824135825180543,0.0824135825180543,112.33304735719396,112.33304735719396,0.0,0.0,0.0,1.0,,,,,,
forward,F_easy_005,easy,Random baseline,0.0,0.23494733968265186,101.57653139022962,277.051121366123,0.23494733968265186,175.47458997589342,11.717930392688775,0.07862914555460025,,,,,,
forward,F_easy_005,easy,Last-value baseline,0.0,0.0,101.57653139022962,101.59857823112529,0.0,0.022046840895669106,0.0008818736358267642,0.999118903380053,,,,,,
forward,F_easy_005,easy,Curve-fit baseline,0.0,0.0,101.57653139022962,101.62348277618368,0.0,0.04695138595405979,0.0018780554381623916,0.9981254650424088,,,,,,
forward,F_easy_005,easy,Oracle simulator,0.0,0.0,101.57653139022962,101.57653139022962,0.0,0.0,0.0,1.0,,,,,,
forward,F_easy_006,easy,Random baseline,0.10340527102052494,0.22765506450717982,116.75153590220765,84.32124104621012,0.12424979348665488,32.43029485599753,3.782207663972999,0.2091084432684825,,,,,,
forward,F_easy_006,easy,Last-value baseline,0.10340527102052494,0.10340527102052494,116.75153590220765,117.41044431055566,0.0,0.6589084083480117,0.02635633633392047,0.9743204816876138,,,,,,
forward,F_easy_006,easy,Curve-fit baseline,0.10340527102052494,0.10340527102052494,116.75153590220765,116.56903657830416,0.0,0.18249932390348533,0.007299972956139413,0.9927529304555464,,,,,,
forward,F_easy_006,easy,Oracle simulator,0.10340527102052494,0.10340527102052494,116.75153590220765,116.75153590220765,0.0,0.0,0.0,1.0,,,,,,
forward,F_easy_007,easy,Random baseline,0.04989999999999998,0.21677593847327636,113.46746119648942,294.21773766192837,0.1668759384732764,180.75027646543896,10.567529828083085,0.08644888017251952,,,,,,
forward,F_easy_007,easy,Last-value baseline,0.04989999999999998,0.04989999999999998,113.46746119648942,122.5300030908497,0.0,9.06254189436028,0.36250167577441117,0.7339440514314418,,,,,,
forward,F_easy_007,easy,Curve-fit baseline,0.04989999999999998,0.04989999999999998,113.46746119648942,115.69421866415226,0.0,2.2267574676628357,0.08907029870651342,0.9182143716412962,,,,,,
forward,F_easy_007,easy,Oracle simulator,0.04989999999999998,0.04989999999999998,113.46746119648942,113.46746119648942,0.0,0.0,0.0,1.0,,,,,,
forward,F_easy_008,easy,Random baseline,0.10084242569833962,0.2974104202522851,119.69456504171771,252.85556607726193,0.19656799455394547,133.16100103554422,9.257799932500678,0.09748679118137342,,,,,,
forward,F_easy_008,easy,Last-value baseline,0.10084242569833962,0.10084242569833962,119.69456504171771,111.9592056517704,0.0,7.735359389947305,0.3094143755978922,0.7637001843235375,,,,,,
forward,F_easy_008,easy,Curve-fit baseline,0.10084242569833962,0.10084242569833962,119.69456504171771,119.17696184598863,0.0,0.5176031957290803,0.020704127829163213,0.979715838052701,,,,,,
forward,F_easy_008,easy,Oracle simulator,0.10084242569833962,0.10084242569833962,119.69456504171771,119.69456504171771,0.0,0.0,0.0,1.0,,,,,,
forward,F_easy_009,easy,Random baseline,0.052265665860696954,0.0046643353927629414,109.51423962982525,170.23402244174903,0.047601330467934015,60.71978281192378,3.3808179218356313,0.22826787550690633,,,,,,
forward,F_easy_009,easy,Last-value baseline,0.052265665860696954,0.052265665860696954,109.51423962982525,105.87106244261457,0.0,3.643177187210682,0.14572708748842728,0.872808202686489,,,,,,
forward,F_easy_009,easy,Curve-fit baseline,0.052265665860696954,0.052265665860696954,109.51423962982525,109.10974012582258,0.0,0.404499504002672,0.01617998016010688,0.9840776432561115,,,,,,
forward,F_easy_009,easy,Oracle simulator,0.052265665860696954,0.052265665860696954,109.51423962982525,109.51423962982525,0.0,0.0,0.0,1.0,,,,,,
forward,F_easy_010,easy,Random baseline,0.14223159903402666,0.33920482934898083,119.07442655633821,86.71355303716669,0.19697323031495417,32.36087351917152,5.233899547065944,0.1604132361213073,,,,,,
forward,F_easy_010,easy,Last-value baseline,0.14223159903402666,0.14223159903402666,119.07442655633821,113.19766434615039,0.0,5.87676221018782,0.23507048840751282,0.8096703867399421,,,,,,
forward,F_easy_010,easy,Curve-fit baseline,0.14223159903402666,0.14223159903402666,119.07442655633821,118.62462222241008,0.0,0.44980433392812813,0.017992173357125125,0.9823258234905768,,,,,,
forward,F_easy_010,easy,Oracle simulator,0.14223159903402666,0.14223159903402666,119.07442655633821,119.07442655633821,0.0,0.0,0.0,1.0,,,,,,
forward,F_easy_011,easy,Random baseline,0.26462415209645107,0.03189748784942057,147.42048439602283,140.7583212593288,0.2327266642470305,6.6621631366940335,4.921019810408371,0.16888982506731898,,,,,,
forward,F_easy_011,easy,Last-value baseline,0.26462415209645107,0.26462415209645107,147.42048439602283,139.32163257935818,0.0,8.098851816664649,0.32395407266658593,0.7553132096084666,,,,,,
forward,F_easy_011,easy,Curve-fit baseline,0.26462415209645107,0.26462415209645107,147.42048439602283,147.48745166731902,0.0,0.06696727129619262,0.002678690851847705,0.9973284653635434,,,,,,
forward,F_easy_011,easy,Oracle simulator,0.26462415209645107,0.26462415209645107,147.42048439602283,147.42048439602283,0.0,0.0,0.0,1.0,,,,,,
forward,F_easy_012,easy,Random baseline,0.15796230248687476,0.27257890631262266,126.33452132546579,266.93095060659215,0.1146166038257479,140.59642928112635,7.916189247760012,0.11215553777654809,,,,,,
forward,F_easy_012,easy,Last-value baseline,0.15796230248687476,0.15796230248687476,126.33452132546579,122.31254516192465,0.0,4.02197616354114,0.16087904654164562,0.8614161854149082,,,,,,
forward,F_easy_012,easy,Curve-fit baseline,0.15796230248687476,0.15796230248687476,126.33452132546579,125.77773528009271,0.0,0.5567860453730731,0.022271441814922924,0.9782137689620062,,,,,,
forward,F_easy_012,easy,Oracle simulator,0.15796230248687476,0.15796230248687476,126.33452132546579,126.33452132546579,0.0,0.0,0.0,1.0,,,,,,
forward,F_easy_013,easy,Random baseline,0.05508553772471531,0.08112922138163753,112.64398049623206,281.36086391358066,0.026043683656922216,168.71688341734858,7.269549009832388,0.12092557874812916,,,,,,
forward,F_easy_013,easy,Last-value baseline,0.05508553772471531,0.05508553772471531,112.64398049623206,121.90417323312975,0.0,9.260192736897693,0.37040770947590773,0.7297098469932246,,,,,,
forward,F_easy_013,easy,Curve-fit baseline,0.05508553772471531,0.05508553772471531,112.64398049623206,113.96352630264875,0.0,1.3195458064166843,0.05278183225666737,0.9498644157417421,,,,,,
forward,F_easy_013,easy,Oracle simulator,0.05508553772471531,0.05508553772471531,112.64398049623206,112.64398049623206,0.0,0.0,0.0,1.0,,,,,,
forward,F_easy_014,easy,Random baseline,0.018999999999999996,0.1931167239026809,105.75007160115695,159.88109393252927,0.1741167239026809,54.13102233137232,5.647575371308511,0.15043078779009914,,,,,,
forward,F_easy_014,easy,Last-value baseline,0.018999999999999996,0.018999999999999996,105.75007160115695,114.4155779066049,0.0,8.665506305447948,0.3466202522179179,0.7425998520020581,,,,,,
forward,F_easy_014,easy,Curve-fit baseline,0.018999999999999996,0.018999999999999996,105.75007160115695,105.30727721170064,0.0,0.44279438945631,0.0177117755782524,0.9825964718073654,,,,,,
forward,F_easy_014,easy,Oracle simulator,0.018999999999999996,0.018999999999999996,105.75007160115695,105.75007160115695,0.0,0.0,0.0,1.0,,,,,,
forward,F_easy_015,easy,Random baseline,0.16757639902074056,0.11544958998452835,123.14382463532182,210.1376153676022,0.05212680903621221,86.99379073228037,4.5222878100154595,0.18108436836384312,,,,,,
forward,F_easy_015,easy,Last-value baseline,0.16757639902074056,0.16757639902074056,123.14382463532182,123.71423775640389,0.0,0.5704131210820691,0.022816524843282764,0.977692455793302,,,,,,
forward,F_easy_015,easy,Curve-fit baseline,0.16757639902074056,0.16757639902074056,123.14382463532182,123.0677076848585,0.0,0.0761169504633159,0.0030446780185326362,0.9969645639070163,,,,,,
forward,F_easy_015,easy,Oracle simulator,0.16757639902074056,0.16757639902074056,123.14382463532182,123.14382463532182,0.0,0.0,0.0,1.0,,,,,,
forward,F_easy_016,easy,Random baseline,0.1386589316351216,0.3434434320777047,126.01497961068993,191.6938417723949,0.20478450044258312,65.67886216170497,6.72284449531986,0.12948596862283224,,,,,,
forward,F_easy_016,easy,Last-value baseline,0.1386589316351216,0.1386589316351216,126.01497961068993,121.61810942235878,0.0,4.39687018833115,0.175874807533246,0.8504306696541984,,,,,,
forward,F_easy_016,easy,Curve-fit baseline,0.1386589316351216,0.1386589316351216,126.01497961068993,125.67093256521697,0.0,0.34404704547296205,0.013761881818918482,0.9864249365992864,,,,,,
forward,F_easy_016,easy,Oracle simulator,0.1386589316351216,0.1386589316351216,126.01497961068993,126.01497961068993,0.0,0.0,0.0,1.0,,,,,,
forward,F_easy_017,easy,Random baseline,0.1253728856201154,0.0890618732775474,119.84079669080968,82.74014179350031,0.03631101234256799,37.10065489730937,2.2102464427437347,0.31150256462719406,,,,,,
forward,F_easy_017,easy,Last-value baseline,0.1253728856201154,0.1253728856201154,119.84079669080968,124.57794442734716,0.0,4.73714773653748,0.1894859094614992,0.8406993240068874,,,,,,
forward,F_easy_017,easy,Curve-fit baseline,0.1253728856201154,0.1253728856201154,119.84079669080968,119.20944461441891,0.0,0.631352076390769,0.025254083055630757,0.9753679761212319,,,,,,
forward,F_easy_017,easy,Oracle simulator,0.1253728856201154,0.1253728856201154,119.84079669080968,119.84079669080968,0.0,0.0,0.0,1.0,,,,,,
forward,F_medium_018,medium,Random baseline,0.0940430751084044,0.3648289970215784,124.80216915681918,307.44514242806923,0.27078592191317397,182.64297327125007,12.721437369113481,0.07287866227855751,,,,,,
forward,F_medium_018,medium,Last-value baseline,0.0940430751084044,0.0940430751084044,124.80216915681918,131.26936675083715,0.0,6.467197594017975,0.258687903760719,0.7944781204396983,,,,,,
forward,F_medium_018,medium,Curve-fit baseline,0.0940430751084044,0.0940430751084044,124.80216915681918,121.94740493779636,0.0,2.8547642190228117,0.11419056876091246,0.8975125333470527,,,,,,
forward,F_medium_018,medium,Oracle simulator,0.0940430751084044,0.0940430751084044,124.80216915681918,124.80216915681918,0.0,0.0,0.0,1.0,,,,,,
forward,F_medium_019,medium,Random baseline,0.16411014959759695,0.006201119928440946,132.7335927878664,93.09233905561985,0.15790902966915601,39.641253732246554,4.743830742672983,0.17409983768683165,,,,,,
forward,F_medium_019,medium,Last-value baseline,0.16411014959759695,0.16411014959759695,132.7335927878664,135.67033820102714,0.0,2.936745413160736,0.11746981652642945,0.8948787566436689,,,,,,
forward,F_medium_019,medium,Curve-fit baseline,0.16411014959759695,0.16411014959759695,132.7335927878664,131.1183305430171,0.0,1.6152622448493048,0.06461048979397219,0.9393106770848408,,,,,,
forward,F_medium_019,medium,Oracle simulator,0.16411014959759695,0.16411014959759695,132.7335927878664,132.7335927878664,0.0,0.0,0.0,1.0,,,,,,
forward,F_medium_020,medium,Random baseline,0.1585024578453902,0.04235190250198593,152.64597326457564,207.62581581320651,0.11615055534340427,54.97984254863087,4.522204808813321,0.1810870901426947,,,,,,
forward,F_medium_020,medium,Last-value baseline,0.1585024578453902,0.1585024578453902,152.64597326457564,157.3416344613416,0.0,4.695661196765968,0.18782644787063874,0.8418738291209575,,,,,,
forward,F_medium_020,medium,Curve-fit baseline,0.1585024578453902,0.1585024578453902,152.64597326457564,148.69048401737237,0.0,3.9554892472032748,0.158219569888131,0.8633941490874542,,,,,,
forward,F_medium_020,medium,Oracle simulator,0.1585024578453902,0.1585024578453902,152.64597326457564,152.64597326457564,0.0,0.0,0.0,1.0,,,,,,
forward,F_medium_021,medium,Random baseline,0.31403813028916355,0.3633687618371175,212.68472879435004,137.11464690192966,0.049330631547953974,75.57008189242038,4.009415906655894,0.1996240716749678,,,,,,
forward,F_medium_021,medium,Last-value baseline,0.31403813028916355,0.31403813028916355,212.68472879435004,220.31003766456345,0.0,7.625308870213416,0.30501235480853667,0.7662762703474282,,,,,,
forward,F_medium_021,medium,Curve-fit baseline,0.31403813028916355,0.31403813028916355,212.68472879435004,197.5692187021919,0.0,15.115510092158132,0.6046204036863253,0.6232003517484139,,,,,,
forward,F_medium_021,medium,Oracle simulator,0.31403813028916355,0.31403813028916355,212.68472879435004,212.68472879435004,0.0,0.0,0.0,1.0,,,,,,
forward,F_medium_022,medium,Random baseline,0.22201190224425493,0.24819823095519725,175.103607424224,292.1744868967721,0.026186328710942314,117.07087947254811,5.206561753120771,0.16111980187697028,,,,,,
forward,F_medium_022,medium,Last-value baseline,0.22201190224425493,0.22201190224425493,175.103607424224,168.41408137422903,0.0,6.689526049994981,0.26758104199979926,0.7889041937881541,,,,,,
forward,F_medium_022,medium,Curve-fit baseline,0.22201190224425493,0.22201190224425493,175.103607424224,165.40441350429774,0.0,9.699193919926273,0.3879677567970509,0.7204778317816646,,,,,,
forward,F_medium_022,medium,Oracle simulator,0.22201190224425493,0.22201190224425493,175.103607424224,175.103607424224,0.0,0.0,0.0,1.0,,,,,,
forward,F_medium_023,medium,Random baseline,0.10328045990875126,0.2865375792809794,132.51885544319478,88.77823868825789,0.18325711937222813,43.740616754936894,5.414767057642038,0.15589030607256119,,,,,,
forward,F_medium_023,medium,Last-value baseline,0.10328045990875126,0.10328045990875126,132.51885544319478,133.54655903193373,0.0,1.0277035887389445,0.04110814354955778,0.9605150110444786,,,,,,
forward,F_medium_023,medium,Curve-fit baseline,0.10328045990875126,0.10328045990875126,132.51885544319478,131.1583035621765,0.0,1.3605518810182673,0.05442207524073069,0.9483868210665962,,,,,,
forward,F_medium_023,medium,Oracle simulator,0.10328045990875126,0.10328045990875126,132.51885544319478,132.51885544319478,0.0,0.0,0.0,1.0,,,,,,
forward,F_medium_024,medium,Random baseline,0.0396,0.08304314468493952,112.49498091000886,104.79468165961664,0.04344314468493952,7.70029925039222,1.1768748637144792,0.4593741315445502,,,,,,
forward,F_medium_024,medium,Last-value baseline,0.0396,0.0396,112.49498091000886,116.10400868899748,0.0,3.6090277789886187,0.14436111115954475,0.8738500375871143,,,,,,
forward,F_medium_024,medium,Curve-fit baseline,0.0396,0.0396,112.49498091000886,111.00159543631695,0.0,1.4933854736919159,0.05973541894767664,0.9436317614004123,,,,,,
forward,F_medium_024,medium,Oracle simulator,0.0396,0.0396,112.49498091000886,112.49498091000886,0.0,0.0,0.0,1.0,,,,,,
forward,F_medium_025,medium,Random baseline,0.2107286426698442,0.2849940774808762,153.6574664508119,163.2773859153104,0.07426543481103198,9.61991946449848,1.870105474800579,0.3484192510623611,,,,,,
forward,F_medium_025,medium,Last-value baseline,0.2107286426698442,0.2107286426698442,153.6574664508119,153.77388991154538,0.0,0.11642346073347198,0.00465693842933888,0.9953646481189694,,,,,,
forward,F_medium_025,medium,Curve-fit baseline,0.2107286426698442,0.2107286426698442,153.6574664508119,150.8010576596978,0.0,2.85640879111412,0.1142563516445648,0.8974595464715724,,,,,,
forward,F_medium_025,medium,Oracle simulator,0.2107286426698442,0.2107286426698442,153.6574664508119,153.6574664508119,0.0,0.0,0.0,1.0,,,,,,
forward,F_medium_026,medium,Random baseline,0.22072941120010964,0.3284678610789997,156.210245165104,236.975788053391,0.10773844987889009,80.765542888287,5.385390713109281,0.15660748808165934,,,,,,
forward,F_medium_026,medium,Last-value baseline,0.22072941120010964,0.22072941120010964,156.210245165104,156.4766771285376,0.0,0.26643196343360387,0.010657278537344154,0.9894551013843508,,,,,,
forward,F_medium_026,medium,Curve-fit baseline,0.22072941120010964,0.22072941120010964,156.210245165104,152.37947317138813,0.0,3.830771993715871,0.15323087974863484,0.8671290524391491,,,,,,
forward,F_medium_026,medium,Oracle simulator,0.22072941120010964,0.22072941120010964,156.210245165104,156.210245165104,0.0,0.0,0.0,1.0,,,,,,
forward,F_medium_027,medium,Random baseline,0.16109012941004777,0.050333879332661806,153.6177973663908,117.39154247965453,0.11075625007738596,36.22625488673626,3.664175197017169,0.21440017961579133,,,,,,
forward,F_medium_027,medium,Last-value baseline,0.16109012941004777,0.16109012941004777,153.6177973663908,143.10504800673996,0.0,10.512749359650826,0.42050997438603305,0.7039725296066407,,,,,,
forward,F_medium_027,medium,Curve-fit baseline,0.16109012941004777,0.16109012941004777,153.6177973663908,144.72071974388183,0.0,8.89707762250896,0.35588310490035835,0.7375267059423153,,,,,,
forward,F_medium_027,medium,Oracle simulator,0.16109012941004777,0.16109012941004777,153.6177973663908,153.6177973663908,0.0,0.0,0.0,1.0,,,,,,
forward,F_medium_028,medium,Random baseline,0.07729259571318431,0.20564998551060643,134.5799381188135,243.74844910727094,0.12835738979742212,109.16851098845746,6.933888235486741,0.12604160410619275,,,,,,
forward,F_medium_028,medium,Last-value baseline,0.07729259571318431,0.07729259571318431,134.5799381188135,123.00616808037594,0.0,11.573770038437544,0.4629508015375018,0.68354998606176,,,,,,
forward,F_medium_028,medium,Curve-fit baseline,0.07729259571318431,0.07729259571318431,134.5799381188135,131.8704800183257,0.0,2.7094581004877796,0.10837832401951118,0.9022190152307569,,,,,,
forward,F_medium_028,medium,Oracle simulator,0.07729259571318431,0.07729259571318431,134.5799381188135,134.5799381188135,0.0,0.0,0.0,1.0,,,,,,
forward,F_medium_029,medium,Random baseline,0.2583970381394235,0.2519002894388849,160.6924215147807,120.60531435388457,0.006496748700538624,40.08710716089614,1.733419260446618,0.3658421576485886,,,,,,
forward,F_medium_029,medium,Last-value baseline,0.2583970381394235,0.2583970381394235,160.6924215147807,150.60553537471034,0.0,10.086886140070362,0.4034754456028145,0.7125169187199314,,,,,,
forward,F_medium_029,medium,Curve-fit baseline,0.2583970381394235,0.2583970381394235,160.6924215147807,163.47434240214278,0.0,2.7819208873620767,0.11127683549448307,0.8998657832681554,,,,,,
forward,F_medium_029,medium,Oracle simulator,0.2583970381394235,0.2583970381394235,160.6924215147807,160.6924215147807,0.0,0.0,0.0,1.0,,,,,,
forward,F_medium_030,medium,Random baseline,0.14241648065548335,0.3155430917151265,143.93016091974255,310.68587456973466,0.17312661105964317,166.75571364999212,10.132760767192547,0.08982497880911344,,,,,,
forward,F_medium_030,medium,Last-value baseline,0.14241648065548335,0.14241648065548335,143.93016091974255,134.0520259455759,0.0,9.878134974166642,0.39512539896666565,0.7167814454103373,,,,,,
forward,F_medium_030,medium,Curve-fit baseline,0.14241648065548335,0.14241648065548335,143.93016091974255,142.44198150503934,0.0,1.488179414703211,0.05952717658812844,0.9438172253591297,,,,,,
forward,F_medium_030,medium,Oracle simulator,0.14241648065548335,0.14241648065548335,143.93016091974255,143.93016091974255,0.0,0.0,0.0,1.0,,,,,,
forward,F_medium_031,medium,Random baseline,0.0938,0.16752179739474424,126.77304058972169,222.7851313714111,0.07372179739474424,96.01209078168941,5.314919579162461,0.15835514410978907,,,,,,
forward,F_medium_031,medium,Last-value baseline,0.0938,0.0938,126.77304058972169,114.11904428953183,0.0,12.65399630018986,0.5061598520075944,0.6639401512841265,,,,,,
forward,F_medium_031,medium,Curve-fit baseline,0.0938,0.0938,126.77304058972169,124.17617186123277,0.0,2.5968687284889143,0.10387474913955658,0.905899877481096,,,,,,
forward,F_medium_031,medium,Oracle simulator,0.0938,0.0938,126.77304058972169,126.77304058972169,0.0,0.0,0.0,1.0,,,,,,
forward,F_medium_032,medium,Random baseline,0.19532023775434418,0.32855052734642665,161.23166394899565,172.39075885346838,0.13323028959208247,11.159094904472738,3.1109695880205583,0.2432516170671801,,,,,,
forward,F_medium_032,medium,Last-value baseline,0.19532023775434418,0.19532023775434418,161.23166394899565,149.01361397378858,0.0,12.218049975207066,0.4887219990082826,0.6717170839593648,,,,,,
forward,F_medium_032,medium,Curve-fit baseline,0.19532023775434418,0.19532023775434418,161.23166394899565,163.16786215518542,0.0,1.936198206189772,0.07744792824759088,0.9281190986430726,,,,,,
forward,F_medium_032,medium,Oracle simulator,0.19532023775434418,0.19532023775434418,161.23166394899565,161.23166394899565,0.0,0.0,0.0,1.0,,,,,,
forward,F_medium_033,medium,Random baseline,0.3624882300417855,0.2914677296695436,187.4221531752998,287.7395048534579,0.07102050037224189,100.3173516781581,5.433104074571162,0.15544595399176114,,,,,,
forward,F_medium_033,medium,Last-value baseline,0.3624882300417855,0.3624882300417855,187.4221531752998,171.0223882864968,0.0,16.39976488880299,0.6559905955521197,0.6038681636755265,,,,,,
forward,F_medium_033,medium,Curve-fit baseline,0.3624882300417855,0.3624882300417855,187.4221531752998,194.0535121374848,0.0,6.631358962185004,0.26525435848740014,0.7903549142446668,,,,,,
forward,F_medium_033,medium,Oracle simulator,0.3624882300417855,0.3624882300417855,187.4221531752998,187.4221531752998,0.0,0.0,0.0,1.0,,,,,,
forward,F_medium_034,medium,Random baseline,0.11929999999999999,0.2762732465918219,135.61538056266866,142.58263929109188,0.1569732465918219,6.967258728423218,3.418155280973367,0.2263388080329511,,,,,,
forward,F_medium_034,medium,Last-value baseline,0.11929999999999999,0.11929999999999999,135.61538056266866,144.4685726480946,0.0,8.853192085425945,0.3541276834170378,0.7384827976314438,,,,,,
forward,F_medium_034,medium,Curve-fit baseline,0.11929999999999999,0.11929999999999999,135.61538056266866,133.27082724635147,0.0,2.3445533163171888,0.09378213265268755,0.9142588548002306,,,,,,
forward,F_medium_034,medium,Oracle simulator,0.11929999999999999,0.11929999999999999,135.61538056266866,135.61538056266866,0.0,0.0,0.0,1.0,,,,,,
forward,F_medium_035,medium,Random baseline,0.1511766449122315,0.2514325552976117,144.22919155314077,178.64821519412854,0.1002559103853802,34.419023640987774,3.381879153347115,0.2282125921332509,,,,,,
forward,F_medium_035,medium,Last-value baseline,0.1511766449122315,0.1511766449122315,144.22919155314077,152.6828782251167,0.0,8.45368667197593,0.3381474668790372,0.7473017920306654,,,,,,
forward,F_medium_035,medium,Curve-fit baseline,0.1511766449122315,0.1511766449122315,144.22919155314077,140.07320584796372,0.0,4.155985705177045,0.1662394282070818,0.8574568616131852,,,,,,
forward,F_medium_035,medium,Oracle simulator,0.1511766449122315,0.1511766449122315,144.22919155314077,144.22919155314077,0.0,0.0,0.0,1.0,,,,,,
forward,F_hard_036,hard,Random baseline,0.365727079877854,0.09745207295778698,310.8399502573211,101.92019480067646,0.26827500692006706,208.91975545664465,13.722290356667127,0.06792421394862251,,,,,,
forward,F_hard_036,hard,Last-value baseline,0.365727079877854,0.365727079877854,310.8399502573211,288.6480778273497,0.0,22.191872429971397,0.8876748971988558,0.5297522372543665,,,,,,
forward,F_hard_036,hard,Curve-fit baseline,0.365727079877854,0.365727079877854,310.8399502573211,287.860979815541,0.0,22.97897044178012,0.9191588176712048,0.5210616186592862,,,,,,
forward,F_hard_036,hard,Oracle simulator,0.365727079877854,0.365727079877854,310.8399502573211,310.8399502573211,0.0,0.0,0.0,1.0,,,,,,
forward,F_hard_037,hard,Random baseline,0.11150089776017444,0.31686879138805635,157.63711611272504,244.25639791570433,0.2053678936278819,86.61928180297929,7.5721291446768095,0.11665713186565652,,,,,,
forward,F_hard_037,hard,Last-value baseline,0.11150089776017444,0.11150089776017444,157.63711611272504,140.340538333012,0.0,17.296577779713033,0.6918631111885213,0.5910643676706844,,,,,,
forward,F_hard_037,hard,Curve-fit baseline,0.11150089776017444,0.11150089776017444,157.63711611272504,143.63692847561774,0.0,14.000187637107302,0.5600075054842921,0.6410225569328641,,,,,,
forward,F_hard_037,hard,Oracle simulator,0.11150089776017444,0.11150089776017444,157.63711611272504,157.63711611272504,0.0,0.0,0.0,1.0,,,,,,
forward,F_hard_038,hard,Random baseline,0.4,0.05605840128157489,355.142090855192,312.30508430586053,0.3439415987184251,42.83700654933148,8.592312236341762,0.10425015109614195,,,,,,
forward,F_hard_038,hard,Last-value baseline,0.4,0.4,355.142090855192,333.24040022657687,0.0,21.901690628615142,0.8760676251446057,0.5330298261092379,,,,,,
forward,F_hard_038,hard,Curve-fit baseline,0.4,0.4,355.142090855192,313.8496006373777,0.0,41.292490217814304,1.6516996087125722,0.3771166223784716,,,,,,
forward,F_hard_038,hard,Oracle simulator,0.4,0.4,355.142090855192,355.142090855192,0.0,0.0,0.0,1.0,,,,,,
forward,F_hard_039,hard,Random baseline,0.35900000000000004,0.3502456829775853,325.6176518142142,160.44989212621238,0.008754317022414748,165.1677596880018,6.781796727968367,0.1285050271752697,,,,,,
forward,F_hard_039,hard,Last-value baseline,0.35900000000000004,0.35900000000000004,325.6176518142142,329.4914063356307,0.0,3.873754521416515,0.1549501808566606,0.8658382123965472,,,,,,
forward,F_hard_039,hard,Curve-fit baseline,0.35900000000000004,0.35900000000000004,325.6176518142142,285.8233251603765,0.0,39.794326653837686,1.5917730661535074,0.3858362497315848,,,,,,
forward,F_hard_039,hard,Oracle simulator,0.35900000000000004,0.35900000000000004,325.6176518142142,325.6176518142142,0.0,0.0,0.0,1.0,,,,,,
forward,F_hard_040,hard,Random baseline,0.3161603705255337,0.12694945855846826,284.49200054124526,182.40999946983007,0.18921091196706544,102.08200107141519,7.867498282197916,0.11277137792150076,,,,,,
forward,F_hard_040,hard,Last-value baseline,0.3161603705255337,0.3161603705255337,284.49200054124526,287.3233283235569,0.0,2.8313277823116323,0.11325311129246529,0.8982683181895799,,,,,,
forward,F_hard_040,hard,Curve-fit baseline,0.3161603705255337,0.3161603705255337,284.49200054124526,266.04707119207234,0.0,18.444929349172924,0.7377971739669169,0.5754411475519164,,,,,,
forward,F_hard_040,hard,Oracle simulator,0.3161603705255337,0.3161603705255337,284.49200054124526,284.49200054124526,0.0,0.0,0.0,1.0,,,,,,
forward,F_hard_041,hard,Random baseline,0.3704,0.39894247646191383,372.46828331471414,138.64874673554465,0.028542476461913824,233.8195365791695,9.923630992405057,0.09154465220358289,,,,,,
forward,F_hard_041,hard,Last-value baseline,0.3704,0.3704,372.46828331471414,371.0151136126412,0.0,1.4531697020729553,0.05812678808291821,0.9450663297276213,,,,,,
forward,F_hard_041,hard,Curve-fit baseline,0.3704,0.3704,372.46828331471414,311.9993714564756,0.0,60.46891185823853,2.418756474329541,0.2925040164482941,,,,,,
forward,F_hard_041,hard,Oracle simulator,0.3704,0.3704,372.46828331471414,372.46828331471414,0.0,0.0,0.0,1.0,,,,,,
forward,F_hard_042,hard,Random baseline,0.24505449613885258,0.07491184288432993,318.0992411516853,290.2415280986467,0.17014265325452266,27.857713053038594,4.517161587211997,0.18125262133301642,,,,,,
forward,F_hard_042,hard,Last-value baseline,0.24505449613885258,0.24505449613885258,318.0992411516853,335.91380434537854,0.0,17.814563193693232,0.7125825277477292,0.5839134662404452,,,,,,
forward,F_hard_042,hard,Curve-fit baseline,0.24505449613885258,0.24505449613885258,318.0992411516853,249.32071707374757,0.0,68.77852407793773,2.751140963117509,0.2665855561900604,,,,,,
forward,F_hard_042,hard,Oracle simulator,0.24505449613885258,0.24505449613885258,318.0992411516853,318.0992411516853,0.0,0.0,0.0,1.0,,,,,,
forward,F_hard_043,hard,Random baseline,0.3122551352294989,0.27377147640460786,260.03498963829077,192.84764599920877,0.03848365882489102,67.187343639082,3.4571669220611003,0.22435776301094332,,,,,,
forward,F_hard_043,hard,Last-value baseline,0.3122551352294989,0.3122551352294989,260.03498963829077,221.838547207273,0.0,38.19644243101777,1.527857697240711,0.39559188837708403,,,,,,
forward,F_hard_043,hard,Curve-fit baseline,0.3122551352294989,0.3122551352294989,260.03498963829077,233.75102889651856,0.0,26.283960741772205,1.0513584296708882,0.4874818488743754,,,,,,
forward,F_hard_043,hard,Oracle simulator,0.3122551352294989,0.3122551352294989,260.03498963829077,260.03498963829077,0.0,0.0,0.0,1.0,,,,,,
forward,F_hard_044,hard,Random baseline,0.4,0.3133566084568847,372.0908871945794,210.4938528044025,0.08664339154311534,161.5970343901769,8.196749206469383,0.10873407304578422,,,,,,
forward,F_hard_044,hard,Last-value baseline,0.4,0.4,372.0908871945794,333.36698717050956,0.0,38.72390002406985,1.5489560009627938,0.39231748198959854,,,,,,
forward,F_hard_044,hard,Curve-fit baseline,0.4,0.4,372.0908871945794,299.9788322516408,0.0,72.11205494293858,2.8844821977175434,0.25743456890794436,,,,,,
forward,F_hard_044,hard,Oracle simulator,0.4,0.4,372.0908871945794,372.0908871945794,0.0,0.0,0.0,1.0,,,,,,
forward,F_hard_045,hard,Random baseline,0.3146,0.15572522566649286,240.8777854652683,141.4196853004441,0.15887477433350713,99.4581001648242,7.1558194932631105,0.12261183573594567,,,,,,
forward,F_hard_045,hard,Last-value baseline,0.3146,0.3146,240.8777854652683,244.63812575310797,0.0,3.760340287839682,0.1504136115135873,0.8692525801083928,,,,,,
forward,F_hard_045,hard,Curve-fit baseline,0.3146,0.3146,240.8777854652683,206.4258475606407,0.0,34.451937904627584,1.3780775161851033,0.4205077392112069,,,,,,
forward,F_hard_045,hard,Oracle simulator,0.3146,0.3146,240.8777854652683,240.8777854652683,0.0,0.0,0.0,1.0,,,,,,
forward,F_hard_046,hard,Random baseline,0.4,0.3776549285197709,331.0377391287495,226.82691704627288,0.02234507148022913,104.2108220824766,4.615334312903647,0.17808378705112352,,,,,,
forward,F_hard_046,hard,Last-value baseline,0.4,0.4,331.0377391287495,290.0221588027915,0.0,41.015580325957956,1.6406232130383183,0.3786984811246105,,,,,,
forward,F_hard_046,hard,Curve-fit baseline,0.4,0.4,331.0377391287495,274.5790086556359,0.0,56.458730473113576,2.258349218924543,0.3069038745730459,,,,,,
forward,F_hard_046,hard,Oracle simulator,0.4,0.4,331.0377391287495,331.0377391287495,0.0,0.0,0.0,1.0,,,,,,
forward,F_hard_047,hard,Random baseline,0.30870000000000003,0.37294509040800405,311.9843602231001,95.77782361987917,0.06424509040800402,216.20653660322094,9.933163272288919,0.09146483731150247,,,,,,
forward,F_hard_047,hard,Last-value baseline,0.30870000000000003,0.30870000000000003,311.9843602231001,317.3790060604402,0.0,5.394645837340079,0.21578583349360314,0.8225132851946999,,,,,,
forward,F_hard_047,hard,Curve-fit baseline,0.30870000000000003,0.30870000000000003,311.9843602231001,266.21319929347874,0.0,45.771160929621374,1.830846437184855,0.35325123498908456,,,,,,
forward,F_hard_047,hard,Oracle simulator,0.30870000000000003,0.30870000000000003,311.9843602231001,311.9843602231001,0.0,0.0,0.0,1.0,,,,,,
forward,F_hard_048,hard,Random baseline,0.335969644111045,0.019495041942322634,357.27296051720157,243.12860427881674,0.31647460216872236,114.14435623838483,10.895266292909842,0.08406705452202014,,,,,,
forward,F_hard_048,hard,Last-value baseline,0.335969644111045,0.335969644111045,357.27296051720157,316.04819091674375,0.0,41.22476960045782,1.6489907840183127,0.37750225709848556,,,,,,
forward,F_hard_048,hard,Curve-fit baseline,0.335969644111045,0.335969644111045,357.27296051720157,315.0326144342423,0.0,42.24034608295926,1.6896138433183705,0.3718005848624827,,,,,,
forward,F_hard_048,hard,Oracle simulator,0.335969644111045,0.335969644111045,357.27296051720157,357.27296051720157,0.0,0.0,0.0,1.0,,,,,,
forward,F_hard_049,hard,Random baseline,0.2352866227050835,0.16775335043019945,280.08867047079013,113.46356484067225,0.06753327227488404,166.6251056301179,8.015669670702398,0.11091799461659863,,,,,,
forward,F_hard_049,hard,Last-value baseline,0.2352866227050835,0.2352866227050835,280.08867047079013,287.80152197591786,0.0,7.71285150512773,0.30851406020510924,0.7642256437376379,,,,,,
forward,F_hard_049,hard,Curve-fit baseline,0.2352866227050835,0.2352866227050835,280.08867047079013,259.19637231074756,0.0,20.89229816004257,0.8356919264017029,0.5447537169050941,,,,,,
forward,F_hard_049,hard,Oracle simulator,0.2352866227050835,0.2352866227050835,280.08867047079013,280.08867047079013,0.0,0.0,0.0,1.0,,,,,,
forward,F_hard_050,hard,Random baseline,0.2455265936587794,0.17842497465921456,280.34567853702436,219.38521165732018,0.06710161899956485,60.96046687970417,3.780451055179464,0.20918528156805044,,,,,,
forward,F_hard_050,hard,Last-value baseline,0.2455265936587794,0.2455265936587794,280.34567853702436,297.0990112353518,0.0,16.753332698327426,0.6701333079330971,0.5987545995580242,,,,,,
forward,F_hard_050,hard,Curve-fit baseline,0.2455265936587794,0.2455265936587794,280.34567853702436,228.44126159886105,0.0,51.90441693816331,2.0761766775265325,0.3250788575655128,,,,,,
forward,F_hard_050,hard,Oracle simulator,0.2455265936587794,0.2455265936587794,280.34567853702436,280.34567853702436,0.0,0.0,0.0,1.0,,,,,,
forward,F_hard_051,hard,Random baseline,0.3972239545087054,0.01761190494316658,353.346483064902,192.4334733536707,0.37961204956553884,160.91300971123127,14.028761379760027,0.06653908294443674,,,,,,
forward,F_hard_051,hard,Last-value baseline,0.3972239545087054,0.3972239545087054,353.346483064902,328.2969646833175,0.0,25.04951838158445,1.0019807352633778,0.49950530611296884,,,,,,
forward,F_hard_051,hard,Curve-fit baseline,0.3972239545087054,0.3972239545087054,353.346483064902,302.04396761777593,0.0,51.30251544712604,2.0521006178850416,0.3276431956863046,,,,,,
forward,F_hard_051,hard,Oracle simulator,0.3972239545087054,0.3972239545087054,353.346483064902,353.346483064902,0.0,0.0,0.0,1.0,,,,,,
forward,F_hard_052,hard,Random baseline,0.2938096170935151,0.25412656710502013,317.158084446843,123.31158296830019,0.03968304998849498,193.84650147854285,8.547521058911613,0.10473922956855952,,,,,,
forward,F_hard_052,hard,Last-value baseline,0.2938096170935151,0.2938096170935151,317.158084446843,320.82260859776966,0.0,3.6645241509266384,0.14658096603706552,0.8721582074193206,,,,,,
forward,F_hard_052,hard,Curve-fit baseline,0.2938096170935151,0.2938096170935151,317.158084446843,275.93177170905903,0.0,41.226312737783985,1.6490525095113595,0.3774934609297188,,,,,,
forward,F_hard_052,hard,Oracle simulator,0.2938096170935151,0.2938096170935151,317.158084446843,317.158084446843,0.0,0.0,0.0,1.0,,,,,,
forward,F_hard_053,hard,Random baseline,0.325995339132217,0.3262443110167756,330.49323833943544,84.73719186451834,0.00024897188455857977,245.7560464749171,9.835221296687855,0.09229160832235915,,,,,,
forward,F_hard_053,hard,Last-value baseline,0.325995339132217,0.325995339132217,330.49323833943544,331.9997501301244,0.0,1.5065117906889895,0.060260471627559584,0.9431644645442111,,,,,,
forward,F_hard_053,hard,Curve-fit baseline,0.325995339132217,0.325995339132217,330.49323833943544,286.3920444440059,0.0,44.10119389542956,1.7640477558171823,0.3617882498214482,,,,,,
forward,F_hard_053,hard,Oracle simulator,0.325995339132217,0.325995339132217,330.49323833943544,330.49323833943544,0.0,0.0,0.0,1.0,,,,,,
inverse,I_easy_000,easy,Random baseline,,,,,,,10.21455809666395,0.08916980868800127,0.03261128805554801,0.8497759357886641,0.817164647733116,,,
inverse,I_easy_000,easy,Last-value baseline,,,,,,,0.30184015163170375,0.768143461197304,0.03261128805554801,0.008464075925011713,0.0241472121305363,,,
inverse,I_easy_000,easy,Curve-fit baseline,,,,,,,0.23760142645077847,0.8080145825848172,0.03261128805554801,0.013603173939485737,0.019008114116062277,,,
inverse,I_easy_000,easy,Oracle simulator,,,,,,,0.0,1.0,0.03261128805554801,0.03261128805554801,0.0,,,
inverse,I_easy_001,easy,Random baseline,,,,,,,6.163120643679643,0.13960395890893543,0.023711083412555966,0.5167607349069274,0.49304965149437147,,,
inverse,I_easy_001,easy,Last-value baseline,,,,,,,0.2769400279748326,0.7831221342367608,0.023711083412555966,0.0015558811745693586,0.02215520223798661,,,
inverse,I_easy_001,easy,Curve-fit baseline,,,,,,,0.23599792781694473,0.8090628450860179,0.023711083412555966,0.004831249187200386,0.01887983422535558,,,
inverse,I_easy_001,easy,Oracle simulator,,,,,,,0.0,1.0,0.023711083412555966,0.023711083412555966,0.0,,,
inverse,I_easy_002,easy,Random baseline,,,,,,,11.828190957335968,0.07795331417545956,0.019555785788343077,0.9658110623752205,0.9462552765868775,,,
inverse,I_easy_002,easy,Last-value baseline,,,,,,,0.24204230979191135,0.8051255517757181,0.019555785788343077,0.0001924010049901713,0.019363384783352908,,,
inverse,I_easy_002,easy,Curve-fit baseline,,,,,,,0.1420585959906972,0.8756118149371607,0.019555785788343077,0.0081910981090873,0.011364687679255777,,,
inverse,I_easy_002,easy,Oracle simulator,,,,,,,0.0,1.0,0.019555785788343077,0.019555785788343077,0.0,,,
inverse,I_easy_003,easy,Random baseline,,,,,,,9.135858814816391,0.09865962206756673,0.02803540558739256,0.7589041107727039,0.7308687051853113,,,
inverse,I_easy_003,easy,Last-value baseline,,,,,,,0.33350696117032635,0.7499023470581433,0.02803540558739256,0.0013548486937664528,0.026680556893626108,,,
inverse,I_easy_003,easy,Curve-fit baseline,,,,,,,0.22455345593611098,0.8166242111787184,0.02803540558739256,0.010071129112503682,0.01796427647488888,,,
inverse,I_easy_003,easy,Oracle simulator,,,,,,,0.0,1.0,0.02803540558739256,0.02803540558739256,0.0,,,
inverse,I_easy_004,easy,Random baseline,,,,,,,0.36190363831268957,0.7342663400465947,0.0173598358194227,0.046312126884437865,0.028952291065015165,,,
inverse,I_easy_004,easy,Last-value baseline,,,,,,,0.21699794774278375,0.8216940725781348,0.0173598358194227,0.0,0.0173598358194227,,,
inverse,I_easy_004,easy,Curve-fit baseline,,,,,,,0.1808626559547838,0.8468385336408597,0.0173598358194227,0.002890823343039996,0.014469012476382704,,,
inverse,I_easy_004,easy,Oracle simulator,,,,,,,0.0,1.0,0.0173598358194227,0.0173598358194227,0.0,,,
inverse,I_easy_005,easy,Random baseline,,,,,,,0.33157468834174564,0.7509905443196231,0.02524285740606282,0.05176883247340247,0.02652597506733965,,,
inverse,I_easy_005,easy,Last-value baseline,,,,,,,0.31553571757578525,0.7601465978002928,0.02524285740606282,0.0,0.02524285740606282,,,
inverse,I_easy_005,easy,Curve-fit baseline,,,,,,,0.27654443188769195,0.7833648206989933,0.02524285740606282,0.0031193028550474656,0.022123554551015355,,,
inverse,I_easy_005,easy,Oracle simulator,,,,,,,0.0,1.0,0.02524285740606282,0.02524285740606282,0.0,,,
inverse,I_easy_006,easy,Random baseline,,,,,,,11.881985575657449,0.07762778448453306,0.035443729326916265,0.9860025753795122,0.9505588460525959,,,
inverse,I_easy_006,easy,Last-value baseline,,,,,,,0.4430466165864533,0.692978306110106,0.035443729326916265,0.0,0.035443729326916265,,,
inverse,I_easy_006,easy,Curve-fit baseline,,,,,,,0.3693844015016784,0.7302551415828833,0.035443729326916265,0.005892977206781996,0.02955075212013427,,,
inverse,I_easy_006,easy,Oracle simulator,,,,,,,0.0,1.0,0.035443729326916265,0.035443729326916265,0.0,,,
inverse,I_easy_007,easy,Random baseline,,,,,,,7.501494463916143,0.11762637783796878,0.050274444402824324,0.6503940015161158,0.6001195571132915,,,
inverse,I_easy_007,easy,Last-value baseline,,,,,,,0.52342372175481,0.6564161931574194,0.050274444402824324,0.008400546662439525,0.0418738977403848,,,
inverse,I_easy_007,easy,Curve-fit baseline,,,,,,,0.4294421543020688,0.6995736042835915,0.050274444402824324,0.01591907205865882,0.034355372344165504,,,
inverse,I_easy_007,easy,Oracle simulator,,,,,,,0.0,1.0,0.050274444402824324,0.050274444402824324,0.0,,,
inverse,I_easy_008,easy,Random baseline,,,,,,,2.531194818937233,0.2831902659794243,0.03069910250995673,0.23319468802493537,0.20249558551497865,,,
inverse,I_easy_008,easy,Last-value baseline,,,,,,,0.3481870954395505,0.7417368133715664,0.03069910250995673,0.002844134874792687,0.02785496763516404,,,
inverse,I_easy_008,easy,Curve-fit baseline,,,,,,,0.24048237010869652,0.8061380186421961,0.03069910250995673,0.011460512901261006,0.019238589608695723,,,
inverse,I_easy_008,easy,Oracle simulator,,,,,,,0.0,1.0,0.03069910250995673,0.03069910250995673,0.0,,,
inverse,I_easy_009,easy,Random baseline,,,,,,,7.178214775788691,0.12227607459765716,0.02173865887930928,0.5959958409424045,0.5742571820630953,,,
inverse,I_easy_009,easy,Last-value baseline,,,,,,,0.271733235991366,0.7863284309153568,0.02173865887930928,0.0,0.02173865887930928,,,
inverse,I_easy_009,easy,Curve-fit baseline,,,,,,,0.23699724266372782,0.8084092393339679,0.02173865887930928,0.0027788794662110556,0.018959779413098225,,,
inverse,I_easy_009,easy,Oracle simulator,,,,,,,0.0,1.0,0.02173865887930928,0.02173865887930928,0.0,,,
inverse,I_easy_010,easy,Random baseline,,,,,,,0.6049994947487413,0.6230531556376269,0.015144223383835349,0.06354418296373465,0.0483999595798993,,,
inverse,I_easy_010,easy,Last-value baseline,,,,,,,0.18930279229794186,0.8408287666321076,0.015144223383835349,0.0,0.015144223383835349,,,
inverse,I_easy_010,easy,Curve-fit baseline,,,,,,,0.10409046729794186,0.9057228819729926,0.015144223383835349,0.006816986000000001,0.008327237383835348,,,
inverse,I_easy_010,easy,Oracle simulator,,,,,,,0.0,1.0,0.015144223383835349,0.015144223383835349,0.0,,,
inverse,I_easy_011,easy,Random baseline,,,,,,,7.679867284686774,0.11520913479451735,0.037164476926716976,0.6515538597016589,0.6143893827749419,,,
inverse,I_easy_011,easy,Last-value baseline,,,,,,,0.43966381361332013,0.6946066092264721,0.037164476926716976,0.001991371837651363,0.03517310508906561,,,
inverse,I_easy_011,easy,Curve-fit baseline,,,,,,,0.27436448403643227,0.7847048568338879,0.037164476926716976,0.015215318203802394,0.021949158722914582,,,
inverse,I_easy_011,easy,Oracle simulator,,,,,,,0.0,1.0,0.037164476926716976,0.037164476926716976,0.0,,,
inverse,I_easy_012,easy,Random baseline,,,,,,,5.131863335447565,0.16308256484111774,0.035985335182698225,0.44653440201850336,0.41054906683580517,,,
inverse,I_easy_012,easy,Last-value baseline,,,,,,,0.4498166897837278,0.6897423702227984,0.035985335182698225,0.0,0.035985335182698225,,,
inverse,I_easy_012,easy,Curve-fit baseline,,,,,,,0.37369889416631397,0.7279615673032127,0.035985335182698225,0.006089423649393109,0.029895911533305116,,,
inverse,I_easy_012,easy,Oracle simulator,,,,,,,0.0,1.0,0.035985335182698225,0.035985335182698225,0.0,,,
inverse,I_easy_013,easy,Random baseline,,,,,,,2.157522568339117,0.3167039912959382,0.03396655276106906,0.2065683582281984,0.17260180546712936,,,
inverse,I_easy_013,easy,Last-value baseline,,,,,,,0.3585503896038555,0.7360786965668558,0.03396655276106906,0.005282521592760621,0.02868403116830844,,,
inverse,I_easy_013,easy,Curve-fit baseline,,,,,,,0.30204392276075775,0.768023246005153,0.03396655276106906,0.009803038940208437,0.02416351382086062,,,
inverse,I_easy_013,easy,Oracle simulator,,,,,,,0.0,1.0,0.03396655276106906,0.03396655276106906,0.0,,,
inverse,I_easy_014,easy,Random baseline,,,,,,,3.861996871570672,0.20567680860661458,0.04279653803466588,0.35175628776031964,0.30895974972565377,,,
inverse,I_easy_014,easy,Last-value baseline,,,,,,,0.37704005876665697,0.7261952865014312,0.04279653803466588,0.012633333333333323,0.03016320470133256,,,
inverse,I_easy_014,easy,Curve-fit baseline,,,,,,,0.3123479181729912,0.7619930554636518,0.04279653803466588,0.017808704580826586,0.024987833453839297,,,
inverse,I_easy_014,easy,Oracle simulator,,,,,,,0.0,1.0,0.04279653803466588,0.04279653803466588,0.0,,,
inverse,I_easy_015,easy,Random baseline,,,,,,,3.446702540375288,0.2248857419447722,0.034432337163227376,0.31016854039325037,0.275736203230023,,,
inverse,I_easy_015,easy,Last-value baseline,,,,,,,0.4304042145403422,0.6991030855717579,0.034432337163227376,0.0,0.034432337163227376,,,
inverse,I_easy_015,easy,Curve-fit baseline,,,,,,,0.3075967595911968,0.7647617605848435,0.034432337163227376,0.009824596395931631,0.024607740767295744,,,
inverse,I_easy_015,easy,Oracle simulator,,,,,,,0.0,1.0,0.034432337163227376,0.034432337163227376,0.0,,,
inverse,I_easy_016,easy,Random baseline,,,,,,,7.327375137436359,0.12008585940897783,0.04380619978217585,0.6299962107770846,0.5861900109949088,,,
inverse,I_easy_016,easy,Last-value baseline,,,,,,,0.5017096550631291,0.6659076850364672,0.04380619978217585,0.0036694273771255125,0.040136772405050335,,,
inverse,I_easy_016,easy,Curve-fit baseline,,,,,,,0.45593971280018164,0.6868416262076668,0.04380619978217585,0.007331022758161316,0.03647517702401453,,,
inverse,I_easy_016,easy,Oracle simulator,,,,,,,0.0,1.0,0.04380619978217585,0.04380619978217585,0.0,,,
inverse,I_easy_017,easy,Random baseline,,,,,,,8.693451968652381,0.1031624237922565,0.02904075534309734,0.7245169128352879,0.6954761574921905,,,
inverse,I_easy_017,easy,Last-value baseline,,,,,,,0.36300944178871675,0.7336706330424763,0.02904075534309734,0.0,0.02904075534309734,,,
inverse,I_easy_017,easy,Curve-fit baseline,,,,,,,0.30022767412621676,0.7690960744025259,0.02904075534309734,0.005022541413000001,0.02401821393009734,,,
inverse,I_easy_017,easy,Oracle simulator,,,,,,,0.0,1.0,0.02904075534309734,0.02904075534309734,0.0,,,
inverse,I_medium_018,medium,Random baseline,,,,,,,0.5048922508404815,0.6644994014963533,0.05756988825231734,0.017178508185078822,0.04039138006723852,,,
inverse,I_medium_018,medium,Last-value baseline,,,,,,,0.4521770729196921,0.6886212560768763,0.05756988825231734,0.021395722418741967,0.03617416583357537,,,
inverse,I_medium_018,medium,Curve-fit baseline,,,,,,,0.18027169351630018,0.8472625459827563,0.05756988825231734,0.043148152771013325,0.014421735481304016,,,
inverse,I_medium_018,medium,Oracle simulator,,,,,,,0.0,1.0,0.05756988825231734,0.05756988825231734,0.0,,,
inverse,I_medium_019,medium,Random baseline,,,,,,,2.5686143245294666,0.28022081095352136,0.06409741279334037,0.2695865587556977,0.20548914596235734,,,
inverse,I_medium_019,medium,Last-value baseline,,,,,,,0.7390407431756069,0.5750296558169947,0.06409741279334037,0.004974153339291816,0.05912325945404855,,,
inverse,I_medium_019,medium,Curve-fit baseline,,,,,,,0.3754946481536786,0.7270111892781963,0.06409741279334037,0.03405784094104608,0.03003957185229429,,,
inverse,I_medium_019,medium,Oracle simulator,,,,,,,0.0,1.0,0.06409741279334037,0.06409741279334037,0.0,,,
inverse,I_medium_020,medium,Random baseline,,,,,,,2.534464136080739,0.282928319965603,0.09916837474258271,0.30192550562904186,0.20275713088645914,,,
inverse,I_medium_020,medium,Last-value baseline,,,,,,,0.3543013324354813,0.7383881090936162,0.09916837474258271,0.0708242681477442,0.028344106594838506,,,
inverse,I_medium_020,medium,Curve-fit baseline,,,,,,,0.029673469176395677,0.9711816706318261,0.09916837474258271,0.10154225227669436,0.002373877534111654,,,
inverse,I_medium_020,medium,Oracle simulator,,,,,,,0.0,1.0,0.09916837474258271,0.09916837474258271,0.0,,,
inverse,I_medium_021,medium,Random baseline,,,,,,,6.441266670313589,0.1343857227949416,0.16247125761060907,0.6777725912356962,0.5153013336250871,,,
inverse,I_medium_021,medium,Last-value baseline,,,,,,,0.9434243381173731,0.5145556636224472,0.16247125761060907,0.08699731056121922,0.07547394704938985,,,
inverse,I_medium_021,medium,Curve-fit baseline,,,,,,,0.21853381876814243,0.8206583884646995,0.16247125761060907,0.17995396311206047,0.017482705501451395,,,
inverse,I_medium_021,medium,Oracle simulator,,,,,,,0.0,1.0,0.16247125761060907,0.16247125761060907,0.0,,,
inverse,I_medium_022,medium,Random baseline,,,,,,,1.7564296671208435,0.3627881429111608,0.1714908049895339,0.3120051783592014,0.1405143733696675,,,
inverse,I_medium_022,medium,Last-value baseline,,,,,,,1.1377670755487321,0.4677778095835419,0.1714908049895339,0.08046943894563532,0.09102136604389857,,,
inverse,I_medium_022,medium,Curve-fit baseline,,,,,,,0.5322631422094222,0.6526294162228989,0.1714908049895339,0.12890975361278012,0.042581051376753776,,,
inverse,I_medium_022,medium,Oracle simulator,,,,,,,0.0,1.0,0.1714908049895339,0.1714908049895339,0.0,,,
inverse,I_medium_023,medium,Random baseline,,,,,,,5.775530356791292,0.1475899224623315,0.07423242309657667,0.5362748516398801,0.4620424285433034,,,
inverse,I_medium_023,medium,Last-value baseline,,,,,,,0.5829619394041323,0.6317271281812535,0.07423242309657667,0.02759546794424608,0.046636955152330586,,,
inverse,I_medium_023,medium,Curve-fit baseline,,,,,,,0.12506190933951158,0.8888399755592726,0.07423242309657667,0.06422747034941574,0.010004952747160928,,,
inverse,I_medium_023,medium,Oracle simulator,,,,,,,0.0,1.0,0.07423242309657667,0.07423242309657667,0.0,,,
inverse,I_medium_024,medium,Random baseline,,,,,,,9.983618040921233,0.09104468093066778,0.037143276801408776,0.8358327200751073,0.7986894432736986,,,
inverse,I_medium_024,medium,Last-value baseline,,,,,,,0.24338818223983266,0.804254065048781,0.037143276801408776,0.017672222222222162,0.019471054579186613,,,
inverse,I_medium_024,medium,Curve-fit baseline,,,,,,,0.006151247087910795,0.9938863594258673,0.037143276801408776,0.03665117703437591,0.0004920997670328636,,,
inverse,I_medium_024,medium,Oracle simulator,,,,,,,0.0,1.0,0.037143276801408776,0.037143276801408776,0.0,,,
inverse,I_medium_025,medium,Random baseline,,,,,,,9.690544538508766,0.09354060463411071,0.09821391312870396,0.8734574762094053,0.7752435630807013,,,
inverse,I_medium_025,medium,Last-value baseline,,,,,,,0.6921300128621333,0.5909711383870332,0.09821391312870396,0.0428435120997333,0.055370401028970666,,,
inverse,I_medium_025,medium,Curve-fit baseline,,,,,,,0.4246619026428316,0.7019209246382887,0.09821391312870396,0.06424096091727743,0.03397295221142653,,,
inverse,I_medium_025,medium,Oracle simulator,,,,,,,0.0,1.0,0.09821391312870396,0.09821391312870396,0.0,,,
inverse,I_medium_026,medium,Random baseline,,,,,,,8.369922372643062,0.10672447008949132,0.12551136903104929,0.7951051588424943,0.669593789811445,,,
inverse,I_medium_026,medium,Last-value baseline,,,,,,,1.1159749738737788,0.4725953814894465,0.12551136903104929,0.03623337112114698,0.0892779979099023,,,
inverse,I_medium_026,medium,Curve-fit baseline,,,,,,,0.5761461867312044,0.6344589153077967,0.12551136903104929,0.07941967409255293,0.04609169493849635,,,
inverse,I_medium_026,medium,Oracle simulator,,,,,,,0.0,1.0,0.12551136903104929,0.12551136903104929,0.0,,,
inverse,I_medium_027,medium,Random baseline,,,,,,,2.9774292241060434,0.25141867866291384,0.13367915675637773,0.3718734946848612,0.23819433792848346,,,
inverse,I_medium_027,medium,Last-value baseline,,,,,,,0.9128979484828988,0.522767040862316,0.13367915675637773,0.060647320877745825,0.0730318358786319,,,
inverse,I_medium_027,medium,Curve-fit baseline,,,,,,,0.4822055340845441,0.6746702646860854,0.13367915675637773,0.0951027140296142,0.03857644272676353,,,
inverse,I_medium_027,medium,Oracle simulator,,,,,,,0.0,1.0,0.13367915675637773,0.13367915675637773,0.0,,,
inverse,I_medium_028,medium,Random baseline,,,,,,,7.522882382890203,0.11733119795334887,0.09388961547857777,0.695720206109794,0.6018305906312162,,,
inverse,I_medium_028,medium,Last-value baseline,,,,,,,0.15297206759064158,0.8673237002954405,0.09388961547857777,0.1061273808858291,0.012237765407251328,,,
inverse,I_medium_028,medium,Curve-fit baseline,,,,,,,0.10005255750259334,0.9090474752136037,0.09388961547857777,0.10189382007878524,0.008004204600207468,,,
inverse,I_medium_028,medium,Oracle simulator,,,,,,,0.0,1.0,0.09388961547857777,0.09388961547857777,0.0,,,
inverse,I_medium_029,medium,Random baseline,,,,,,,6.942991098236028,0.1258971573343547,0.0956700453891074,0.6511093332479897,0.5554392878588823,,,
inverse,I_medium_029,medium,Last-value baseline,,,,,,,0.8447997860606489,0.542064243261531,0.0956700453891074,0.02808606250425548,0.06758398288485191,,,
inverse,I_medium_029,medium,Curve-fit baseline,,,,,,,0.4043189968935809,0.712088921542788,0.0956700453891074,0.06332452563762092,0.03234551975148647,,,
inverse,I_medium_029,medium,Oracle simulator,,,,,,,0.0,1.0,0.0956700453891074,0.0956700453891074,0.0,,,
inverse,I_medium_030,medium,Random baseline,,,,,,,6.945290009560857,0.12586072991629804,0.08409063854192782,0.6397138393067964,0.5556232007648686,,,
inverse,I_medium_030,medium,Last-value baseline,,,,,,,0.17160679231282144,0.8535286809202774,0.08409063854192782,0.0703620951569021,0.013728543385025715,,,
inverse,I_medium_030,medium,Curve-fit baseline,,,,,,,0.13092723795008668,0.8842301842624245,0.08409063854192782,0.07361645950592088,0.010474179036006934,,,
inverse,I_medium_030,medium,Oracle simulator,,,,,,,0.0,1.0,0.08409063854192782,0.08409063854192782,0.0,,,
inverse,I_medium_031,medium,Random baseline,,,,,,,11.603786318856125,0.07934123720456382,0.0549215690634606,0.9832244745719506,0.92830290550849,,,
inverse,I_medium_031,medium,Last-value baseline,,,,,,,0.329664023661832,0.7520696824195087,0.0549215690634606,0.02854844717051404,0.02637312189294656,,,
inverse,I_medium_031,medium,Curve-fit baseline,,,,,,,0.1842085914253319,0.8444458241908078,0.0549215690634606,0.04018488174943405,0.014736687314026553,,,
inverse,I_medium_031,medium,Oracle simulator,,,,,,,0.0,1.0,0.0549215690634606,0.0549215690634606,0.0,,,
inverse,I_medium_032,medium,Random baseline,,,,,,,4.450944058569784,0.1834544602283773,0.09069877847803051,0.44677430316361333,0.3560755246855828,,,
inverse,I_medium_032,medium,Last-value baseline,,,,,,,0.4271441136635462,0.7007000837728663,0.09069877847803051,0.05652724938494681,0.0341715290930837,,,
inverse,I_medium_032,medium,Curve-fit baseline,,,,,,,0.07469596459625735,0.9304957243192784,0.09069877847803051,0.08472310131032992,0.005975677167700588,,,
inverse,I_medium_032,medium,Oracle simulator,,,,,,,0.0,1.0,0.09069877847803051,0.09069877847803051,0.0,,,
inverse,I_medium_033,medium,Random baseline,,,,,,,0.6328216217877575,0.6124367699792654,0.1107384277921748,0.0601126980491542,0.0506257297430206,,,
inverse,I_medium_033,medium,Last-value baseline,,,,,,,1.036800038471592,0.4909662122504655,0.1107384277921748,0.027794424714447437,0.08294400307772737,,,
inverse,I_medium_033,medium,Curve-fit baseline,,,,,,,0.3464845167634933,0.7426747114802862,0.1107384277921748,0.08301966645109533,0.027718761341079465,,,
inverse,I_medium_033,medium,Oracle simulator,,,,,,,0.0,1.0,0.1107384277921748,0.1107384277921748,0.0,,,
inverse,I_medium_034,medium,Random baseline,,,,,,,5.7232236444049995,0.14873817277106202,0.074850838824016,0.532708730376416,0.4578578915524,,,
inverse,I_medium_034,medium,Last-value baseline,,,,,,,0.2310783749222579,0.8122959678039586,0.074850838824016,0.05636456883023536,0.018486269993780634,,,
inverse,I_medium_034,medium,Curve-fit baseline,,,,,,,0.09260478186514878,0.9152440265664349,0.074850838824016,0.0674424562748041,0.007408382549211903,,,
inverse,I_medium_034,medium,Oracle simulator,,,,,,,0.0,1.0,0.074850838824016,0.074850838824016,0.0,,,
inverse,I_medium_035,medium,Random baseline,,,,,,,5.853650813597991,0.14590763772440074,0.07280923462726176,0.541101299715101,0.46829206508783927,,,
inverse,I_medium_035,medium,Last-value baseline,,,,,,,0.2442172918960951,0.8037181338928941,0.07280923462726176,0.05327185127557415,0.019537383351687608,,,
inverse,I_medium_035,medium,Curve-fit baseline,,,,,,,0.017240562543692148,0.9830516367725439,0.07280923462726176,0.07142998962376639,0.0013792450034953718,,,
inverse,I_medium_035,medium,Oracle simulator,,,,,,,0.0,1.0,0.07280923462726176,0.07280923462726176,0.0,,,
inverse,I_hard_036,hard,Random baseline,,,,,,,0.9734652026284839,0.5067228946667451,0.25486618939651656,0.3327434056067953,0.07787721621027871,,,
inverse,I_hard_036,hard,Last-value baseline,,,,,,,0.5862500537339898,0.6304176303389412,0.25486618939651656,0.20796618509779738,0.04690000429871918,,,
inverse,I_hard_036,hard,Curve-fit baseline,,,,,,,1.842168051319394,0.3518440788664059,0.25486618939651656,0.4022396335020681,0.14737344410555153,,,
inverse,I_hard_036,hard,Oracle simulator,,,,,,,0.0,1.0,0.25486618939651656,0.25486618939651656,0.0,,,
inverse,I_hard_037,hard,Random baseline,,,,,,,2.0282749866368075,0.3302210018617222,0.12501555838447667,0.28727755731542126,0.1622619989309446,,,
inverse,I_hard_037,hard,Last-value baseline,,,,,,,0.4109377734306861,0.7087484783744264,0.12501555838447667,0.09214053651002178,0.03287502187445489,,,
inverse,I_hard_037,hard,Curve-fit baseline,,,,,,,0.2862428972694706,0.7774581318372077,0.12501555838447667,0.14791499016603432,0.02289943178155765,,,
inverse,I_hard_037,hard,Oracle simulator,,,,,,,0.0,1.0,0.12501555838447667,0.12501555838447667,0.0,,,
inverse,I_hard_038,hard,Random baseline,,,,,,,6.726474421754602,0.12942513563293598,0.41998005971688795,0.9580980134572562,0.5381179537403682,,,
inverse,I_hard_038,hard,Last-value baseline,,,,,,,2.015210269738203,0.3316518287418892,0.41998005971688795,0.2587632381378317,0.16121682157905626,,,
inverse,I_hard_038,hard,Curve-fit baseline,,,,,,,1.0092614100686328,0.49769531977715226,0.41998005971688795,0.5007209725223786,0.08074091280549062,,,
inverse,I_hard_038,hard,Oracle simulator,,,,,,,0.0,1.0,0.41998005971688795,0.41998005971688795,0.0,,,
inverse,I_hard_039,hard,Random baseline,,,,,,,3.6485996747883163,0.215118545359692,0.3734893065589139,0.6653772805419792,0.2918879739830653,,,
inverse,I_hard_039,hard,Last-value baseline,,,,,,,0.7019556354024278,0.5875593812194463,0.3734893065589139,0.31733285572671965,0.05615645083219423,,,
inverse,I_hard_039,hard,Curve-fit baseline,,,,,,,1.6939871599875227,0.37119701788208653,0.3734893065589139,0.5090082793579157,0.13551897279900182,,,
inverse,I_hard_039,hard,Oracle simulator,,,,,,,0.0,1.0,0.3734893065589139,0.3734893065589139,0.0,,,
inverse,I_hard_040,hard,Random baseline,,,,,,,2.0254435627884413,0.330530046006985,0.2427940548711356,0.4048295398942109,0.1620354850230753,,,
inverse,I_hard_040,hard,Last-value baseline,,,,,,,0.8240209659792042,0.5482393122949449,0.2427940548711356,0.17687237759279925,0.06592167727833634,,,
inverse,I_hard_040,hard,Curve-fit baseline,,,,,,,1.3541743178236787,0.4247773805146477,0.2427940548711356,0.3511280002970299,0.1083339454258943,,,
inverse,I_hard_040,hard,Oracle simulator,,,,,,,0.0,1.0,0.2427940548711356,0.2427940548711356,0.0,,,
inverse,I_hard_041,hard,Random baseline,,,,,,,0.9066463383115938,0.5244811163487914,0.4339402043877969,0.5064719114527244,0.07253170706492751,,,
inverse,I_hard_041,hard,Last-value baseline,,,,,,,2.66231479872284,0.2730513500228681,0.4339402043877969,0.22095502048996968,0.21298518389782722,,,
inverse,I_hard_041,hard,Curve-fit baseline,,,,,,,0.8269198104416509,0.5473693997320297,0.4339402043877969,0.500093789223129,0.06615358483533207,,,
inverse,I_hard_041,hard,Oracle simulator,,,,,,,0.0,1.0,0.4339402043877969,0.4339402043877969,0.0,,,
inverse,I_hard_042,hard,Random baseline,,,,,,,6.167869572959031,0.1395114670853562,0.4259252588830812,0.9193548247198037,0.4934295658367225,,,
inverse,I_hard_042,hard,Last-value baseline,,,,,,,0.026556853470222075,0.9741301678709289,0.4259252588830812,0.42804980716069896,0.002124548277617766,,,
inverse,I_hard_042,hard,Curve-fit baseline,,,,,,,1.9740148380773148,0.33624580052414765,0.4259252588830812,0.5838464459292664,0.15792118704618519,,,
inverse,I_hard_042,hard,Oracle simulator,,,,,,,0.0,1.0,0.4259252588830812,0.4259252588830812,0.0,,,
inverse,I_hard_043,hard,Random baseline,,,,,,,3.7099837574501944,0.2123149572263837,0.23911363692543985,0.5359123375214554,0.29679870059601554,,,
inverse,I_hard_043,hard,Last-value baseline,,,,,,,0.580628010182017,0.6326599260282912,0.23911363692543985,0.1926633961108785,0.04645024081456137,,,
inverse,I_hard_043,hard,Curve-fit baseline,,,,,,,1.0754627799872156,0.4818202521589714,0.23911363692543985,0.3251506593244171,0.08603702239897726,,,
inverse,I_hard_043,hard,Oracle simulator,,,,,,,0.0,1.0,0.23911363692543985,0.23911363692543985,0.0,,,
inverse,I_hard_044,hard,Random baseline,,,,,,,1.3939481717250588,0.4177199873460119,0.4164604235364305,0.5279762772744352,0.11151585373800471,,,
inverse,I_hard_044,hard,Last-value baseline,,,,,,,1.1150333175617595,0.47280579066849604,0.4164604235364305,0.3272577581314897,0.08920266540494076,,,
inverse,I_hard_044,hard,Curve-fit baseline,,,,,,,1.3212073006607559,0.4308102941582768,0.4164604235364305,0.522157007589291,0.10569658405286048,,,
inverse,I_hard_044,hard,Oracle simulator,,,,,,,0.0,1.0,0.4164604235364305,0.4164604235364305,0.0,,,
inverse,I_hard_045,hard,Random baseline,,,,,,,2.085588948156885,0.3240872380610937,0.31336275118560103,0.4802098670381518,0.1668471158525508,,,
inverse,I_hard_045,hard,Last-value baseline,,,,,,,2.1013389281920087,0.3224413787573263,0.31336275118560103,0.14525563693024032,0.1681071142553607,,,
inverse,I_hard_045,hard,Curve-fit baseline,,,,,,,0.11610948307256633,0.8959694502792632,0.31336275118560103,0.32265150983140634,0.009288758645805306,,,
inverse,I_hard_045,hard,Oracle simulator,,,,,,,0.0,1.0,0.31336275118560103,0.31336275118560103,0.0,,,
inverse,I_hard_046,hard,Random baseline,,,,,,,5.415232326346142,0.15587900003140803,0.4647750941181069,0.8979936802257983,0.4332185861076914,,,
inverse,I_hard_046,hard,Last-value baseline,,,,,,,2.798960328020867,0.2632299138856675,0.4647750941181069,0.24085826787643755,0.22391682624166936,,,
inverse,I_hard_046,hard,Curve-fit baseline,,,,,,,0.5118074501574921,0.6614598968247083,0.4647750941181069,0.42383049810550755,0.040944596012599366,,,
inverse,I_hard_046,hard,Oracle simulator,,,,,,,0.0,1.0,0.4647750941181069,0.4647750941181069,0.0,,,
inverse,I_hard_047,hard,Random baseline,,,,,,,0.5717622308381617,0.6362285467737303,0.3656485156956716,0.31990753722861864,0.04574097846705294,,,
inverse,I_hard_047,hard,Last-value baseline,,,,,,,0.76887027155991,0.5653325832188543,0.3656485156956716,0.3041388939708788,0.061509621724792796,,,
inverse,I_hard_047,hard,Curve-fit baseline,,,,,,,1.7825199180356701,0.3593864660296676,0.3656485156956716,0.5082501091385252,0.1426015934428536,,,
inverse,I_hard_047,hard,Oracle simulator,,,,,,,0.0,1.0,0.3656485156956716,0.3656485156956716,0.0,,,
inverse,I_hard_048,hard,Random baseline,,,,,,,6.7415679418992065,0.1291727990382623,0.3835366294556174,0.922862064807554,0.5393254353519366,,,
inverse,I_hard_048,hard,Last-value baseline,,,,,,,0.046189788845218266,0.9558495128343755,0.3835366294556174,0.37984144634799993,0.0036951831076174613,,,
inverse,I_hard_048,hard,Curve-fit baseline,,,,,,,1.968946055430032,0.336819861772516,0.3835366294556174,0.54105231389002,0.15751568443440256,,,
inverse,I_hard_048,hard,Oracle simulator,,,,,,,0.0,1.0,0.3835366294556174,0.3835366294556174,0.0,,,
inverse,I_hard_049,hard,Random baseline,,,,,,,0.23604140904118429,0.809034384030641,0.3035155882661272,0.28463227554283244,0.018883312723294743,,,
inverse,I_hard_049,hard,Last-value baseline,,,,,,,0.7633430350457895,0.5671046303103653,0.3035155882661272,0.36458303106979034,0.06106744280366316,,,
inverse,I_hard_049,hard,Curve-fit baseline,,,,,,,2.069640239979345,0.32577107472591926,0.3035155882661272,0.4690868074644748,0.1655712191983476,,,
inverse,I_hard_049,hard,Oracle simulator,,,,,,,0.0,1.0,0.3035155882661272,0.3035155882661272,0.0,,,
inverse,I_hard_050,hard,Random baseline,,,,,,,6.003752564522664,0.14278060094034095,0.29722891451841854,0.7775291196802316,0.4803002051618131,,,
inverse,I_hard_050,hard,Last-value baseline,,,,,,,0.7606579714021527,0.5679694842738934,0.29722891451841854,0.23637627680624632,0.060852637712172225,,,
inverse,I_hard_050,hard,Curve-fit baseline,,,,,,,1.6364991693834234,0.3792908458354879,0.29722891451841854,0.4281488480690924,0.13091993355067388,,,
inverse,I_hard_050,hard,Oracle simulator,,,,,,,0.0,1.0,0.29722891451841854,0.29722891451841854,0.0,,,
inverse,I_hard_051,hard,Random baseline,,,,,,,6.083201207420457,0.14117910401195247,0.4393904778147173,0.9260465744083538,0.4866560965936365,,,
inverse,I_hard_051,hard,Last-value baseline,,,,,,,1.3861336400952633,0.4190880104938617,0.4393904778147173,0.3284997866070962,0.11089069120762107,,,
inverse,I_hard_051,hard,Curve-fit baseline,,,,,,,0.8377165161904038,0.5441535684040134,0.4393904778147173,0.5064077991099496,0.0670173212952323,,,
inverse,I_hard_051,hard,Oracle simulator,,,,,,,0.0,1.0,0.4393904778147173,0.4393904778147173,0.0,,,
inverse,I_hard_052,hard,Random baseline,,,,,,,4.655053231761609,0.1768329950253164,0.35301995510354045,0.7254242136444692,0.37240425854092873,,,
inverse,I_hard_052,hard,Last-value baseline,,,,,,,1.2535227423276694,0.443749681872346,0.35301995510354045,0.2527381357173269,0.10028181938621356,,,
inverse,I_hard_052,hard,Curve-fit baseline,,,,,,,1.426714819722491,0.41207973506930484,0.35301995510354045,0.46715714068133973,0.11413718557779928,,,
inverse,I_hard_052,hard,Oracle simulator,,,,,,,0.0,1.0,0.35301995510354045,0.35301995510354045,0.0,,,
inverse,I_hard_053,hard,Random baseline,,,,,,,0.9393378028327203,0.5156399254113112,0.3529871966470069,0.4281342208736245,0.07514702422661762,,,
inverse,I_hard_053,hard,Last-value baseline,,,,,,,1.0397201966565344,0.49026332221408525,0.3529871966470069,0.26980958091448415,0.08317761573252275,,,
inverse,I_hard_053,hard,Curve-fit baseline,,,,,,,1.3854061711007934,0.4192158183017234,0.3529871966470069,0.46381969033507037,0.11083249368806347,,,
inverse,I_hard_053,hard,Oracle simulator,,,,,,,0.0,1.0,0.3529871966470069,0.3529871966470069,0.0,,,
rollout,R_easy_000,easy,Random baseline,,,,,,,4.179370620406925,0.19307365185645536,,,,30.0,0.10974614584080565,82.25938664043908
rollout,R_easy_000,easy,Last-value baseline,,,,,,,0.4084248667132805,0.7100130249287729,,,,30.0,9.934437239511595e-08,14.29481238408092
rollout,R_easy_000,easy,Curve-fit baseline,,,,,,,0.15261073092472532,0.8675956011599097,,,,30.0,9.934437239511595e-08,5.341317631481489
rollout,R_easy_000,easy,Oracle simulator,,,,,,,0.0,1.0,,,,30.0,0.0,0.0
rollout,R_easy_001,easy,Random baseline,,,,,,,4.691270676456618,0.1757076858313475,,,,30.0,0.12559242627243303,90.93222501706236
rollout,R_easy_001,easy,Last-value baseline,,,,,,,0.18612578931974205,0.8430809017090105,,,,30.0,3.2276283042952566e-06,6.512519843013466
rollout,R_easy_001,easy,Curve-fit baseline,,,,,,,0.03226371961944137,0.9687446928471575,,,,30.0,3.2276283042952566e-06,1.1273474035029423
rollout,R_easy_001,easy,Oracle simulator,,,,,,,0.0,1.0,,,,30.0,0.0,0.0
rollout,R_easy_002,easy,Random baseline,,,,,,,4.774668863053728,0.1731701026872709,,,,30.0,0.14267592322065042,83.88578832816772
rollout,R_easy_002,easy,Last-value baseline,,,,,,,0.2770689025275376,0.7830431059912502,,,,30.0,3.5691264093464422e-06,9.695329598058363
rollout,R_easy_002,easy,Curve-fit baseline,,,,,,,0.05759848179273903,0.9455384223934364,,,,30.0,3.5691264093464422e-06,2.013864872340414
rollout,R_easy_002,easy,Oracle simulator,,,,,,,0.0,1.0,,,,30.0,0.0,0.0
rollout,R_easy_003,easy,Random baseline,,,,,,,4.500443999083073,0.18180350534733206,,,,30.0,0.11764411873473085,88.88980403931455
rollout,R_easy_003,easy,Last-value baseline,,,,,,,0.5859578703534193,0.6305337731179185,,,,30.0,3.5255190631207817e-07,20.50831980709099
rollout,R_easy_003,easy,Curve-fit baseline,,,,,,,0.20277040982367045,0.8314138690413932,,,,30.0,3.5255190631207817e-07,7.096758688549784
rollout,R_easy_003,easy,Oracle simulator,,,,,,,0.0,1.0,,,,30.0,0.0,0.0
rollout,R_easy_004,easy,Random baseline,,,,,,,3.8470208835065662,0.2063122945070854,,,,30.0,0.10805247460140137,71.61512073857902
rollout,R_easy_004,easy,Last-value baseline,,,,,,,0.3271928091307195,0.7534700256965503,,,,30.0,3.582518054319935e-06,11.44965851737683
rollout,R_easy_004,easy,Curve-fit baseline,,,,,,,0.05425387502516146,0.948538130795235,,,,30.0,3.582518054319935e-06,1.896795823682298
rollout,R_easy_004,easy,Oracle simulator,,,,,,,0.0,1.0,,,,30.0,0.0,0.0
rollout,R_easy_005,easy,Random baseline,,,,,,,4.207887446080112,0.19201643859501666,,,,30.0,0.13206802684097482,70.23637828890193
rollout,R_easy_005,easy,Last-value baseline,,,,,,,0.4969474491206586,0.6680261224850766,,,,30.0,0.0,17.39316071922305
rollout,R_easy_005,easy,Curve-fit baseline,,,,,,,0.04777012019869418,0.9544078235504222,,,,30.0,0.0,1.6719542069542963
rollout,R_easy_005,easy,Oracle simulator,,,,,,,0.0,1.0,,,,30.0,0.0,0.0
rollout,R_easy_006,easy,Random baseline,,,,,,,3.977587014879406,0.2009005562355252,,,,30.0,0.12751112197839004,64.83405770005169
rollout,R_easy_006,easy,Last-value baseline,,,,,,,0.6491961543512668,0.6063560100850243,,,,30.0,4.728979475047505e-06,22.71910683093389
rollout,R_easy_006,easy,Curve-fit baseline,,,,,,,0.10135113180626217,0.9079756411199742,,,,30.0,4.728979475047505e-06,3.5445310418587317
rollout,R_easy_006,easy,Oracle simulator,,,,,,,0.0,1.0,,,,30.0,0.0,0.0
rollout,R_easy_007,easy,Random baseline,,,,,,,3.91893084608059,0.20329621035367904,,,,30.0,0.10337891640007688,76.8582117127758
rollout,R_easy_007,easy,Last-value baseline,,,,,,,0.8920839154643249,0.5285177849813263,,,,30.0,2.3129646346357427e-18,31.22293704125137
rollout,R_easy_007,easy,Curve-fit baseline,,,,,,,0.24799826795649976,0.8012831633471914,,,,30.0,2.3129646346357427e-18,8.67993937847749
rollout,R_easy_007,easy,Oracle simulator,,,,,,,0.0,1.0,,,,30.0,0.0,0.0
rollout,R_easy_008,easy,Random baseline,,,,,,,4.685481366348499,0.1758866023058044,,,,30.0,0.1248979552997332,91.13470723068643
rollout,R_easy_008,easy,Last-value baseline,,,,,,,0.6028132042382208,0.6239030208609221,,,,30.0,2.4256983396290604e-06,21.09704715763961
rollout,R_easy_008,easy,Curve-fit baseline,,,,,,,0.06495745461925942,0.9390046481786609,,,,30.0,2.4256983396290604e-06,2.272095920975963
rollout,R_easy_008,easy,Oracle simulator,,,,,,,0.0,1.0,,,,30.0,0.0,0.0
rollout,R_easy_009,easy,Random baseline,,,,,,,4.677952149386831,0.17611983575944562,,,,30.0,0.11186691309391159,98.47262592375732
rollout,R_easy_009,easy,Last-value baseline,,,,,,,0.570471993068917,0.6367512470221537,,,,30.0,4.334139303022409e-06,19.963991509485336
rollout,R_easy_009,easy,Curve-fit baseline,,,,,,,0.10383041936780114,0.905936258372669,,,,30.0,4.334139303022409e-06,3.631536429946277
rollout,R_easy_009,easy,Oracle simulator,,,,,,,0.0,1.0,,,,30.0,0.0,0.0
rollout,R_easy_010,easy,Random baseline,,,,,,,4.292620326344766,0.1889423269268643,,,,30.0,0.11376415292007175,83.87928888535826
rollout,R_easy_010,easy,Last-value baseline,,,,,,,0.3174287737232032,0.759054318491835,,,,30.0,1.5990340266456664e-06,11.109074310463235
rollout,R_easy_010,easy,Curve-fit baseline,,,,,,,0.05627495156018056,0.9467231978974232,,,,30.0,1.5990340266456664e-06,1.9686905347574428
rollout,R_easy_010,easy,Oracle simulator,,,,,,,0.0,1.0,,,,30.0,0.0,0.0
rollout,R_easy_011,easy,Random baseline,,,,,,,4.240819215782882,0.19080986365422992,,,,30.0,0.12349521115051118,76.38979938126936
rollout,R_easy_011,easy,Last-value baseline,,,,,,,0.3237417713785959,0.7554343465029144,,,,30.0,4.1520964510414576e-06,11.32853994198775
rollout,R_easy_011,easy,Curve-fit baseline,,,,,,,0.09760409835766062,0.9110753153129574,,,,30.0,4.1520964510414576e-06,3.413721386255014
rollout,R_easy_011,easy,Oracle simulator,,,,,,,0.0,1.0,,,,30.0,0.0,0.0
rollout,R_easy_012,easy,Random baseline,,,,,,,4.210895745868588,0.19190558567456295,,,,30.0,0.10418252338945776,86.60821246155021
rollout,R_easy_012,easy,Last-value baseline,,,,,,,0.5717694019134973,0.6362256440305963,,,,30.0,2.302486874717717e-06,20.010585949628823
rollout,R_easy_012,easy,Curve-fit baseline,,,,,,,0.19345240145813533,0.8379052225109446,,,,30.0,2.302486874717717e-06,6.769490933691151
rollout,R_easy_012,easy,Oracle simulator,,,,,,,0.0,1.0,,,,30.0,0.0,0.0
rollout,R_easy_013,easy,Random baseline,,,,,,,3.6137566265613064,0.2167431186645216,,,,30.0,0.10800757414505564,63.47706367836325
rollout,R_easy_013,easy,Last-value baseline,,,,,,,0.227316839609375,0.8147855286645261,,,,30.0,2.9748501897871224e-07,7.955915853400387
rollout,R_easy_013,easy,Curve-fit baseline,,,,,,,0.05155521989456766,0.9509724083726798,,,,30.0,2.9748501897871224e-07,1.8042591633821308
rollout,R_easy_013,easy,Oracle simulator,,,,,,,0.0,1.0,,,,30.0,0.0,0.0
rollout,R_easy_014,easy,Random baseline,,,,,,,4.954380680635937,0.16794357862473758,,,,30.0,0.16768759256013144,75.58556149551447
rollout,R_easy_014,easy,Last-value baseline,,,,,,,0.1559374262297354,0.8650987305270071,,,,30.0,0.0,5.457809918040739
rollout,R_easy_014,easy,Curve-fit baseline,,,,,,,0.061582824082327355,0.9419896190054112,,,,30.0,0.0,2.1553988428814574
rollout,R_easy_014,easy,Oracle simulator,,,,,,,0.0,1.0,,,,30.0,0.0,0.0
rollout,R_easy_015,easy,Random baseline,,,,,,,4.873770896788937,0.17024838346124094,,,,30.0,0.1426086504063344,87.39360198391772
rollout,R_easy_015,easy,Last-value baseline,,,,,,,0.23683852269471586,0.8085129801918582,,,,30.0,1.6804569877404419e-06,8.288368027738873
rollout,R_easy_015,easy,Curve-fit baseline,,,,,,,0.03186437649885383,0.9691196079401728,,,,30.0,1.6804569877404419e-06,1.1142729108837022
rollout,R_easy_015,easy,Oracle simulator,,,,,,,0.0,1.0,,,,30.0,0.0,0.0
rollout,R_easy_016,easy,Random baseline,,,,,,,3.65725237875077,0.21471887685593566,,,,30.0,0.09514740032249776,72.50118306815325
rollout,R_easy_016,easy,Last-value baseline,,,,,,,0.8853904188022118,0.5303941242235122,,,,30.0,1.0683648784426402e-06,30.988041445231655
rollout,R_easy_016,easy,Curve-fit baseline,,,,,,,0.27704337173572985,0.7830587606753101,,,,30.0,1.0683648784426402e-06,9.695894797904787
rollout,R_easy_016,easy,Oracle simulator,,,,,,,0.0,1.0,,,,30.0,0.0,0.0
rollout,R_easy_017,easy,Random baseline,,,,,,,4.7062588198717386,0.17524616943724214,,,,30.0,0.14100431620780945,82.466540907622
rollout,R_easy_017,easy,Last-value baseline,,,,,,,0.2638503899906895,0.7912328926902232,,,,30.0,2.8856201153920625e-06,9.233080371273486
rollout,R_easy_017,easy,Curve-fit baseline,,,,,,,0.10658082477961701,0.9036845548079661,,,,30.0,2.8856201153920625e-06,3.7286455888859504
rollout,R_easy_017,easy,Oracle simulator,,,,,,,0.0,1.0,,,,30.0,0.0,0.0
rollout,R_medium_018,medium,Random baseline,,,,,,,3.9856647512450905,0.20057505867201877,,,,30.0,0.11330455020812268,73.40394533883993
rollout,R_medium_018,medium,Last-value baseline,,,,,,,0.4688820303145181,0.6807898655999484,,,,30.0,3.0751084044035777e-06,16.40907724777223
rollout,R_medium_018,medium,Curve-fit baseline,,,,,,,0.34077010252671924,0.7458400199374015,,,,30.0,3.0751084044035777e-06,11.925159775199273
rollout,R_medium_018,medium,Oracle simulator,,,,,,,0.0,1.0,,,,30.0,0.0,0.0
rollout,R_medium_019,medium,Random baseline,,,,,,,3.4218304664352024,0.2261506875016358,,,,30.0,0.10194187721721819,60.2979712818548
rollout,R_medium_019,medium,Last-value baseline,,,,,,,0.6084204674249251,0.621727974900118,,,,30.0,1.4959759697119602e-07,21.294629094607476
rollout,R_medium_019,medium,Curve-fit baseline,,,,,,,0.40213360898039663,0.713198794747656,,,,30.0,1.4959759697119602e-07,14.074589049048983
rollout,R_medium_019,medium,Oracle simulator,,,,,,,0.0,1.0,,,,30.0,0.0,0.0
rollout,R_medium_020,medium,Random baseline,,,,,,,4.10249679298129,0.19598248476619215,,,,30.0,0.12813305525840438,68.84310552027594
rollout,R_medium_020,medium,Last-value baseline,,,,,,,0.5668189726857115,0.6382358252184569,,,,30.0,2.4578453901793102e-06,19.83723030085563
rollout,R_medium_020,medium,Curve-fit baseline,,,,,,,0.5436617282973367,0.6478103211789819,,,,30.0,2.4578453901793102e-06,19.026726747262515
rollout,R_medium_020,medium,Oracle simulator,,,,,,,0.0,1.0,,,,30.0,0.0,0.0
rollout,R_medium_021,medium,Random baseline,,,,,,,3.499299418999068,0.22225682420185852,,,,30.0,0.093377182716245,68.00545641382446
rollout,R_medium_021,medium,Last-value baseline,,,,,,,0.7041539780371776,0.5868014351331016,,,,30.0,1.8697108363885385e-06,24.644298566646658
rollout,R_medium_021,medium,Curve-fit baseline,,,,,,,1.6947987262553545,0.3710852280940412,,,,30.0,1.8697108363885385e-06,59.316864754282854
rollout,R_medium_021,medium,Oracle simulator,,,,,,,0.0,1.0,,,,30.0,0.0,0.0
rollout,R_medium_022,medium,Random baseline,,,,,,,4.527554975054447,0.18091181444833118,,,,30.0,0.14542439971240764,73.63352429466785
rollout,R_medium_022,medium,Last-value baseline,,,,,,,1.1742186860996229,0.45993533511291873,,,,30.0,1.9022442548930855e-06,41.09654437100478
rollout,R_medium_022,medium,Curve-fit baseline,,,,,,,1.4871835778560978,0.40206119439803467,,,,30.0,1.9022442548930855e-06,52.0503155824814
rollout,R_medium_022,medium,Oracle simulator,,,,,,,0.0,1.0,,,,30.0,0.0,0.0
rollout,R_medium_023,medium,Random baseline,,,,,,,3.4763944144293575,0.22339407733522476,,,,30.0,0.11492447109471779,54.634529699775456
rollout,R_medium_023,medium,Last-value baseline,,,,,,,1.278769174579888,0.43883338916253295,,,,30.0,4.5990875124912733e-07,44.75665283019118
rollout,R_medium_023,medium,Curve-fit baseline,,,,,,,0.3917176530974943,0.7185365492593538,,,,30.0,4.5990875124912733e-07,13.709849578307406
rollout,R_medium_023,medium,Oracle simulator,,,,,,,0.0,1.0,,,,30.0,0.0,0.0
rollout,R_medium_024,medium,Random baseline,,,,,,,4.015990430331235,0.1993624218166549,,,,30.0,0.1163768017647464,72.67319736549115
rollout,R_medium_024,medium,Last-value baseline,,,,,,,0.920161953524275,0.5207894043336266,,,,30.0,0.0,32.205668373349624
rollout,R_medium_024,medium,Curve-fit baseline,,,,,,,0.18306880298110859,0.8452593775443914,,,,30.0,0.0,6.4074081043388
rollout,R_medium_024,medium,Oracle simulator,,,,,,,0.0,1.0,,,,30.0,0.0,0.0
rollout,R_medium_025,medium,Random baseline,,,,,,,4.322742299643432,0.18787308190122026,,,,30.0,0.11550289636155792,83.919290943278
rollout,R_medium_025,medium,Last-value baseline,,,,,,,0.46531007881431696,0.6824494108504111,,,,30.0,1.3573301558258052e-06,16.285060982576862
rollout,R_medium_025,medium,Curve-fit baseline,,,,,,,0.5396466501540097,0.6494996757210304,,,,30.0,1.3573301558258052e-06,18.886840979466108
rollout,R_medium_025,medium,Oracle simulator,,,,,,,0.0,1.0,,,,30.0,0.0,0.0
rollout,R_medium_026,medium,Random baseline,,,,,,,3.7816690220633955,0.20913199876148642,,,,30.0,0.11350134812182526,66.14929603448743
rollout,R_medium_026,medium,Last-value baseline,,,,,,,0.4418283835352671,0.6935638189810541,,,,30.0,5.299199013107196e-07,15.463684303791918
rollout,R_medium_026,medium,Curve-fit baseline,,,,,,,0.6461004181412158,0.6074963525792701,,,,30.0,5.299199013107196e-07,22.613205515000118
rollout,R_medium_026,medium,Oracle simulator,,,,,,,0.0,1.0,,,,30.0,0.0,0.0
rollout,R_medium_027,medium,Random baseline,,,,,,,4.057456124545854,0.19772786463665018,,,,30.0,0.1388732664495996,61.00155893017177
rollout,R_medium_027,medium,Last-value baseline,,,,,,,1.710437613203727,0.3689441126143479,,,,30.0,8.195969692370574e-08,59.865268652307236
rollout,R_medium_027,medium,Curve-fit baseline,,,,,,,1.0177482562554945,0.49560196466519785,,,,30.0,8.195969692370574e-08,35.621141159119105
rollout,R_medium_027,medium,Oracle simulator,,,,,,,0.0,1.0,,,,30.0,0.0,0.0
rollout,R_medium_028,medium,Random baseline,,,,,,,4.011454999707628,0.19954284734839298,,,,30.0,0.1190794779361295,70.93789619369146
rollout,R_medium_028,medium,Last-value baseline,,,,,,,2.7146203968303397,0.269206511882962,,,,30.0,2.5957131842900088e-06,95.01019972303773
rollout,R_medium_028,medium,Curve-fit baseline,,,,,,,1.2692473044859118,0.4406747550269959,,,,30.0,2.5957131842900088e-06,44.422141490982746
rollout,R_medium_028,medium,Oracle simulator,,,,,,,0.0,1.0,,,,30.0,0.0,0.0
rollout,R_medium_029,medium,Random baseline,,,,,,,3.605195305442821,0.21714605650234048,,,,30.0,0.11277820611409496,60.39454879061001
rollout,R_medium_029,medium,Last-value baseline,,,,,,,1.3049119557014024,0.4338560514324255,,,,30.0,2.961860576544684e-06,45.6701906975461
rollout,R_medium_029,medium,Curve-fit baseline,,,,,,,0.8992663157212278,0.5265191046260723,,,,30.0,2.961860576544684e-06,31.47259329823999
rollout,R_medium_029,medium,Oracle simulator,,,,,,,0.0,1.0,,,,30.0,0.0,0.0
rollout,R_medium_030,medium,Random baseline,,,,,,,3.6101706779922473,0.21691170888178593,,,,30.0,0.11205236630462088,60.99209338536647
rollout,R_medium_030,medium,Last-value baseline,,,,,,,1.2687350102077197,0.4407742620890937,,,,30.0,3.5193445166133616e-06,44.403672406302164
rollout,R_medium_030,medium,Curve-fit baseline,,,,,,,0.7592697262424299,0.5684176707433426,,,,30.0,3.5193445166133616e-06,26.572387467517025
rollout,R_medium_030,medium,Oracle simulator,,,,,,,0.0,1.0,,,,30.0,0.0,0.0
rollout,R_medium_031,medium,Random baseline,,,,,,,3.5671453034226333,0.21895515328811566,,,,30.0,0.0923464469672219,70.98132488891272
rollout,R_medium_031,medium,Last-value baseline,,,,,,,0.9074477956144601,0.5242607437535992,,,,30.0,0.0,31.760672846506104
rollout,R_medium_031,medium,Curve-fit baseline,,,,,,,0.3191137475026047,0.7580847382519038,,,,30.0,0.0,11.168981162591164
rollout,R_medium_031,medium,Oracle simulator,,,,,,,0.0,1.0,,,,30.0,0.0,0.0
rollout,R_medium_032,medium,Random baseline,,,,,,,3.846883269847838,0.2063181521661432,,,,30.0,0.1102538693092858,70.32615734759095
rollout,R_medium_032,medium,Last-value baseline,,,,,,,0.8704641724396082,0.534626652963751,,,,30.0,2.3775434415211164e-07,30.466107345352196
rollout,R_medium_032,medium,Curve-fit baseline,,,,,,,0.528049589217855,0.6544290231522253,,,,30.0,2.3775434415211164e-07,18.48159693259084
rollout,R_medium_032,medium,Oracle simulator,,,,,,,0.0,1.0,,,,30.0,0.0,0.0
rollout,R_medium_033,medium,Random baseline,,,,,,,3.905692872566572,0.20384480357344867,,,,30.0,0.15039929970048976,48.96632571454433
rollout,R_medium_033,medium,Last-value baseline,,,,,,,1.3222744027364504,0.4306123336766967,,,,30.0,5.8998607151602064e-08,46.27956967992159
rollout,R_medium_033,medium,Curve-fit baseline,,,,,,,1.1924934043727404,0.45610171415137923,,,,30.0,5.8998607151602064e-08,41.73723473719175
rollout,R_medium_033,medium,Oracle simulator,,,,,,,0.0,1.0,,,,30.0,0.0,0.0
rollout,R_medium_034,medium,Random baseline,,,,,,,4.3839023191856095,0.18573888245269354,,,,30.0,0.13923601083627266,72.21557485033728
rollout,R_medium_034,medium,Last-value baseline,,,,,,,1.178518971455742,0.4590274462157997,,,,30.0,4.625929269271485e-18,41.24816400095097
rollout,R_medium_034,medium,Curve-fit baseline,,,,,,,0.714496741689183,0.5832615342358508,,,,30.0,4.625929269271485e-18,25.0073859591214
rollout,R_medium_034,medium,Oracle simulator,,,,,,,0.0,1.0,,,,30.0,0.0,0.0
rollout,R_medium_035,medium,Random baseline,,,,,,,3.7476446732511706,0.21063075879164384,,,,30.0,0.11562555691628128,63.719322029293544
rollout,R_medium_035,medium,Last-value baseline,,,,,,,0.8206943174908179,0.5492410177772982,,,,30.0,3.3550877684973557e-06,28.722343977647004
rollout,R_medium_035,medium,Curve-fit baseline,,,,,,,0.6370732771112053,0.6108462058366803,,,,30.0,3.3550877684973557e-06,22.295607564360566
rollout,R_medium_035,medium,Oracle simulator,,,,,,,0.0,1.0,,,,30.0,0.0,0.0
rollout,R_hard_036,hard,Random baseline,,,,,,,11.777787538468337,0.07826080978333978,,,,30.0,0.1705208721818163,312.7520550736656
rollout,R_hard_036,hard,Last-value baseline,,,,,,,6.1695609326983405,0.13947855515660418,,,,30.0,9.733740486591222e-08,215.9345758642891
rollout,R_hard_036,hard,Curve-fit baseline,,,,,,,6.225304557532931,0.13840247037855638,,,,30.0,9.733740486591222e-08,217.88560273349975
rollout,R_hard_036,hard,Oracle simulator,,,,,,,0.0,1.0,,,,30.0,0.0,0.0
rollout,R_hard_037,hard,Random baseline,,,,,,,5.484552907292283,0.15421263644490243,,,,30.0,0.11905449421939582,122.51089679391568
rollout,R_hard_037,hard,Last-value baseline,,,,,,,4.660372515556532,0.17666681782014823,,,,30.0,8.977601744235749e-07,163.11251435104356
rollout,R_hard_037,hard,Curve-fit baseline,,,,,,,3.3694985047080954,0.22885921551924296,,,,30.0,8.977601744235749e-07,117.93192397134827
rollout,R_hard_037,hard,Oracle simulator,,,,,,,0.0,1.0,,,,30.0,0.0,0.0
rollout,R_hard_038,hard,Random baseline,,,,,,,10.561176934434073,0.08649638403349552,,,,30.0,0.15077191228753514,281.6909105374637
rollout,R_hard_038,hard,Last-value baseline,,,,,,,4.048437754252627,0.19808107947010636,,,,30.0,0.0,141.69532139884197
rollout,R_hard_038,hard,Curve-fit baseline,,,,,,,5.459297495311928,0.15481559731933492,,,,30.0,0.0,191.07541233591746
rollout,R_hard_038,hard,Oracle simulator,,,,,,,0.0,1.0,,,,30.0,0.0,0.0
rollout,R_hard_039,hard,Random baseline,,,,,,,7.839054727837858,0.113134269533436,,,,30.0,0.15166942176223813,185.89308611301948
rollout,R_hard_039,hard,Last-value baseline,,,,,,,2.44145554951248,0.2905747250292572,,,,30.0,5.551115123125783e-18,85.45094423293679
rollout,R_hard_039,hard,Curve-fit baseline,,,,,,,4.944069372707233,0.16823491404585492,,,,30.0,5.551115123125783e-18,173.04242804475317
rollout,R_hard_039,hard,Oracle simulator,,,,,,,0.0,1.0,,,,30.0,0.0,0.0
rollout,R_hard_040,hard,Random baseline,,,,,,,10.073619756838095,0.09030470812242652,,,,30.0,0.14477031613586538,268.1273404100785
rollout,R_hard_040,hard,Last-value baseline,,,,,,,5.074010762092016,0.16463586239277245,,,,30.0,1.235085112331428e-07,177.590304626589
rollout,R_hard_040,hard,Curve-fit baseline,,,,,,,5.467158706295203,0.15462740987422946,,,,30.0,1.235085112331428e-07,191.35048267370055
rollout,R_hard_040,hard,Oracle simulator,,,,,,,0.0,1.0,,,,30.0,0.0,0.0
rollout,R_hard_041,hard,Random baseline,,,,,,,9.127319939282643,0.09874280717854302,,,,30.0,0.13648049265814446,239.84257715764153
rollout,R_hard_041,hard,Last-value baseline,,,,,,,2.504028935060089,0.28538577121734054,,,,30.0,0.0,87.6410127271031
rollout,R_hard_041,hard,Curve-fit baseline,,,,,,,6.511938508087103,0.13312143049672642,,,,30.0,0.0,227.91784778304861
rollout,R_hard_041,hard,Oracle simulator,,,,,,,0.0,1.0,,,,30.0,0.0,0.0
rollout,R_hard_042,hard,Random baseline,,,,,,,12.384866660777226,0.07471124108620239,,,,30.0,0.1603845380319096,339.9126859419223
rollout,R_hard_042,hard,Last-value baseline,,,,,,,5.6273262129764925,0.1508904146052101,,,,30.0,7.493564754268434e-07,196.95598032956656
rollout,R_hard_042,hard,Curve-fit baseline,,,,,,,6.18226123313635,0.13923191701610108,,,,30.0,7.493564754268434e-07,216.37870603516157
rollout,R_hard_042,hard,Oracle simulator,,,,,,,0.0,1.0,,,,30.0,0.0,0.0
rollout,R_hard_043,hard,Random baseline,,,,,,,8.439468431437268,0.10593816879238596,,,,30.0,0.17345609934501638,194.19867048237813
rollout,R_hard_043,hard,Last-value baseline,,,,,,,5.104510383310898,0.1638133015112722,,,,30.0,6.486360668134239e-07,178.65748504484245
rollout,R_hard_043,hard,Curve-fit baseline,,,,,,,4.3200469879340195,0.18796826461646324,,,,30.0,6.486360668134239e-07,151.2012662066517
rollout,R_hard_043,hard,Oracle simulator,,,,,,,0.0,1.0,,,,30.0,0.0,0.0
rollout,R_hard_044,hard,Random baseline,,,,,,,10.472401251082566,0.087165709960296,,,,30.0,0.151080663705311,278.40365662645837
rollout,R_hard_044,hard,Last-value baseline,,,,,,,4.632732983865873,0.17753371282898575,,,,30.0,0.0,162.14565443530554
rollout,R_hard_044,hard,Curve-fit baseline,,,,,,,6.265931759690444,0.1376285978279823,,,,30.0,0.0,219.30761158916553
rollout,R_hard_044,hard,Oracle simulator,,,,,,,0.0,1.0,,,,30.0,0.0,0.0
rollout,R_hard_045,hard,Random baseline,,,,,,,5.354518163576982,0.15736834394963728,,,,30.0,0.1209770776889708,116.83817373996139
rollout,R_hard_045,hard,Last-value baseline,,,,,,,2.5074730849846096,0.28510553773911224,,,,30.0,0.0,87.76155797446134
rollout,R_hard_045,hard,Curve-fit baseline,,,,,,,3.4567495694668464,0.22437877300779732,,,,30.0,0.0,120.98623493133962
rollout,R_hard_045,hard,Oracle simulator,,,,,,,0.0,1.0,,,,30.0,0.0,0.0
rollout,R_hard_046,hard,Random baseline,,,,,,,7.545535825054823,0.11702016356517755,,,,30.0,0.13508394396622667,185.29478656328658
rollout,R_hard_046,hard,Last-value baseline,,,,,,,3.1458569504617437,0.24120465610580832,,,,30.0,0.0,110.10499326616103
rollout,R_hard_046,hard,Curve-fit baseline,,,,,,,4.4572196347727395,0.1832434952091944,,,,30.0,0.0,156.0026872170459
rollout,R_hard_046,hard,Oracle simulator,,,,,,,0.0,1.0,,,,30.0,0.0,0.0
rollout,R_hard_047,hard,Random baseline,,,,,,,9.981036627911887,0.09106608363896845,,,,30.0,0.1581973791791981,257.0544774557172
rollout,R_hard_047,hard,Last-value baseline,,,,,,,4.713170867187449,0.17503414885476593,,,,30.0,5.3660779523549233e-17,164.96098035156066
rollout,R_hard_047,hard,Curve-fit baseline,,,,,,,5.37762551895879,0.15679816838215047,,,,30.0,5.3660779523549233e-17,188.21689316355761
rollout,R_hard_047,hard,Oracle simulator,,,,,,,0.0,1.0,,,,30.0,0.0,0.0
rollout,R_hard_048,hard,Random baseline,,,,,,,12.05288104186564,0.07661143902197631,,,,30.0,0.19004769257564263,310.9896824628392
rollout,R_hard_048,hard,Last-value baseline,,,,,,,5.927609166434069,0.1443499446887449,,,,30.0,8.304075616027973e-08,207.46627238475133
rollout,R_hard_048,hard,Curve-fit baseline,,,,,,,5.839591165297525,0.1462075694046984,,,,30.0,8.304075616027973e-08,204.3856423449723
rollout,R_hard_048,hard,Oracle simulator,,,,,,,0.0,1.0,,,,30.0,0.0,0.0
rollout,R_hard_049,hard,Random baseline,,,,,,,12.423108664318875,0.07449839117060762,,,,30.0,0.14687431958864164,349.13211682445296
rollout,R_hard_049,hard,Last-value baseline,,,,,,,6.901119601781542,0.12656434156173516,,,,30.0,9.006119777351292e-07,241.53866070536696
rollout,R_hard_049,hard,Curve-fit baseline,,,,,,,6.9369310204021275,0.125993283478144,,,,30.0,9.006119777351292e-07,242.79206035708745
rollout,R_hard_049,hard,Oracle simulator,,,,,,,0.0,1.0,,,,30.0,0.0,0.0
rollout,R_hard_050,hard,Random baseline,,,,,,,11.667987384583721,0.07893913765788461,,,,30.0,0.16282253828593776,313.39974446029987
rollout,R_hard_050,hard,Last-value baseline,,,,,,,6.893373746386042,0.1266885405569256,,,,30.0,5.677235367651523e-07,241.26774995144837
rollout,R_hard_050,hard,Curve-fit baseline,,,,,,,6.752738595572043,0.12898667840692415,,,,30.0,5.677235367651523e-07,236.3455196729584
rollout,R_hard_050,hard,Oracle simulator,,,,,,,0.0,1.0,,,,30.0,0.0,0.0
rollout,R_hard_051,hard,Random baseline,,,,,,,11.092705155810457,0.08269448292299654,,,,30.0,0.1953483988119538,274.29144781305956
rollout,R_hard_051,hard,Last-value baseline,,,,,,,4.018537055062668,0.19926125662282526,,,,30.0,1.3181695684797805e-07,140.64872003396852
rollout,R_hard_051,hard,Curve-fit baseline,,,,,,,5.333985964373186,0.15787846793862614,,,,30.0,1.3181695684797805e-07,186.68943185983667
rollout,R_hard_051,hard,Oracle simulator,,,,,,,0.0,1.0,,,,30.0,0.0,0.0
rollout,R_hard_052,hard,Random baseline,,,,,,,12.374276230267661,0.07477040123762921,,,,30.0,0.1589395427835952,340.3849347689376
rollout,R_hard_052,hard,Last-value baseline,,,,,,,6.231993930005303,0.13827445234031974,,,,30.0,1.1487194545578561e-07,218.11972054155078
rollout,R_hard_052,hard,Curve-fit baseline,,,,,,,6.54163893539144,0.13259717265264387,,,,30.0,1.1487194545578561e-07,228.95729573006554
rollout,R_hard_052,hard,Oracle simulator,,,,,,,0.0,1.0,,,,30.0,0.0,0.0
rollout,R_hard_053,hard,Random baseline,,,,,,,11.74846009205737,0.07844084640646337,,,,30.0,0.13900111900075948,330.1121171382316
rollout,R_hard_053,hard,Last-value baseline,,,,,,,5.712513396760953,0.1489754941096339,,,,30.0,1.5536225943339293e-07,199.9378782586487
rollout,R_hard_053,hard,Curve-fit baseline,,,,,,,6.625494630955117,0.13113903404253618,,,,30.0,1.5536225943339293e-07,231.89222145544443
rollout,R_hard_053,hard,Oracle simulator,,,,,,,0.0,1.0,,,,30.0,0.0,0.0
forward,F_easy_000,easy,gpt-4o,0.07809009934437239,0.07809,116.84857049094111,118.432,9.934437238123817e-08,1.5834295090588881,0.06333916724980315,0.9404337118385075,,,,,,
forward,F_easy_001,easy,gpt-4o,0.0588432276283043,0.05884,111.83561485896362,113.456,3.2276283042989573e-06,1.6203851410363797,0.06487995820754117,0.939072984041553,,,,,,
forward,F_easy_002,easy,gpt-4o,0.18834643087359068,0.18835,134.17391639709115,134.091,3.5691264093085096e-06,0.08291639709113952,0.003388038411831751,0.9966234016331366,,,,,,
forward,F_easy_003,easy,gpt-4o,0.0725296474480937,0.07253,113.92438065021997,113.245,3.5255190629357447e-07,0.6793806502199686,0.027182277046924618,0.9735370462922397,,,,,,
forward,F_easy_004,easy,gpt-4o,0.0824135825180543,0.08241,112.33304735719396,112.384,3.582518054309758e-06,0.050952642806038284,0.0021097560733277267,0.9978946856264582,,,,,,
forward,F_easy_005,easy,gpt-4o,0.0,0.0,101.57653139022962,101.597,0.0,0.02046860977037568,0.0008187443908150272,0.9991819254031724,,,,,,
forward,F_easy_006,easy,gpt-4o,0.10340527102052494,0.10341,116.75153590220765,116.835,4.7289794750660086e-06,0.0834640977923442,0.0034331435011950885,0.9965786026468927,,,,,,
forward,F_easy_007,easy,gpt-4o,0.04989999999999998,0.0499,113.46746119648942,116.789,2.0816681711721685e-17,3.3215388035105775,0.13286155214042353,0.8827203978373214,,,,,,
forward,F_easy_008,easy,gpt-4o,0.10084242569833962,0.10084,119.69456504171771,118.215,2.425698339622584e-06,1.4795650417177058,0.05923111563550068,0.9440810274913759,,,,,,
forward,F_easy_009,easy,gpt-4o,0.052265665860696954,0.05227,109.51423962982525,109.512,4.334139303042994e-06,0.0022396298252544966,0.00017626797907103976,0.9998237630858536,,,,,,
forward,F_easy_010,easy,gpt-4o,0.14223159903402666,0.14223,119.07442655633821,118.456,1.5990340266613945e-06,0.618426556338207,0.024769042934061507,0.9758296339015627,,,,,,
forward,F_easy_011,easy,gpt-4o,0.26462415209645107,0.26462,147.42048439602283,146.978,4.152096451048859e-06,0.4424843960228202,0.017782417769933785,0.98252827180008,,,,,,
forward,F_easy_012,easy,gpt-4o,0.15796230248687476,0.15796,126.33452132546579,125.964,2.3024868747723026e-06,0.37052132546578775,0.014866902756126956,0.9853508842235842,,,,,,
forward,F_easy_013,easy,gpt-4o,0.05508553772471531,0.05509,112.64398049623206,115.678,4.462275284687622e-06,3.0340195037679365,0.1214500256564112,0.8917026859174365,,,,,,
forward,F_easy_014,easy,gpt-4o,0.018999999999999996,0.019,105.75007160115695,106.789,3.469446951953614e-18,1.0389283988430549,0.04155713595372226,0.9601009541203231,,,,,,
forward,F_easy_015,easy,gpt-4o,0.16757639902074056,0.16758,123.14382463532182,123.21,3.600979259443804e-06,0.06617536467817331,0.0027190341723158083,0.997288338926806,,,,,,
forward,F_easy_016,easy,gpt-4o,0.1386589316351216,0.13866,126.01497961068993,126.045,1.0683648783982314e-06,0.03002038931006723,0.001222182869970654,0.9987793090376132,,,,,,
forward,F_easy_017,easy,gpt-4o,0.1253728856201154,0.12537,119.84079669080968,120.034,2.8856201153837358e-06,0.19320330919032358,0.007785844769920618,0.9922743062821069,,,,,,
forward,F_medium_018,medium,gpt-4o,0.0940430751084044,0.09404,124.80216915681918,123.456,3.0751084044017274e-06,1.3461691568191725,0.05390826844085493,0.9488491835056893,,,,,,
forward,F_medium_019,medium,gpt-4o,0.16411014959759695,0.16411,132.7335927878664,132.987,1.4959759694899155e-07,0.2534072121335953,0.010139280437282792,0.9899624926644832,,,,,,
forward,F_medium_020,medium,gpt-4o,0.1585024578453902,0.1585,152.64597326457564,153.456,2.4578453901857866e-06,0.8100267354243442,0.03245022632477748,0.9685696942115158,,,,,,
forward,F_medium_021,medium,gpt-4o,0.31403813028916355,0.31404,212.68472879435004,215.678,1.8697108364329473e-06,2.993271205649961,0.1197682424427271,0.8930419368016209,,,,,,
forward,F_medium_022,medium,gpt-4o,0.22201190224425493,0.22201,175.103607424224,173.456,1.9022442549199159e-06,1.6476074242240202,0.0659423418540592,0.938137046193923,,,,,,
forward,F_medium_023,medium,gpt-4o,0.10328045990875126,0.10328,132.51885544319478,132.678,4.599087512630051e-07,0.15914455680521655,0.006374980447233922,0.9936654024880459,,,,,,
forward,F_medium_024,medium,gpt-4o,0.0396,0.0396,112.49498091000886,112.345,0.0,0.14998091000886404,0.005999236400354562,0.9940365398071068,,,,,,
forward,F_medium_025,medium,gpt-4o,0.2107286426698442,0.21073,153.6574664508119,152.987,1.3573301557989748e-06,0.6704664508119151,0.026845804635592586,0.9738560507192026,,,,,,
forward,F_medium_026,medium,gpt-4o,0.22072941120010964,0.22073,156.210245165104,155.982,5.887998903719716e-07,0.22824516510399917,0.009141582601967407,0.9909412289022946,,,,,,
forward,F_medium_027,medium,gpt-4o,0.16109012941004777,0.16109,153.6177973663908,150.472,1.2941004776112486e-07,3.145797366390781,0.12583448285658647,0.8882300331241357,,,,,,
forward,F_medium_028,medium,gpt-4o,0.07729259571318431,0.07729,134.5799381188135,131.456,2.595713184311288e-06,3.1239381188134985,0.12500943901622616,0.8888814309633333,,,,,,
forward,F_medium_029,medium,gpt-4o,0.2583970381394235,0.2584,160.6924215147807,159.872,2.9618605765224792e-06,0.8204215147806906,0.032876097802758075,0.9681703373011579,,,,,,
forward,F_medium_030,medium,gpt-4o,0.14241648065548335,0.14242,143.93016091974255,142.987,3.519344516644818e-06,0.943160919742553,0.037796823680035015,0.9635797462300885,,,,,,
forward,F_medium_031,medium,gpt-4o,0.0938,0.0938,126.77304058972169,124.567,0.0,2.2060405897216953,0.0882416235888678,0.9189135742686818,,,,,,
forward,F_medium_032,medium,gpt-4o,0.19532023775434418,0.19532,161.23166394899565,159.872,2.3775434418449315e-07,1.3596639489956317,0.05439131304670896,0.9484144905466426,,,,,,
forward,F_medium_033,medium,gpt-4o,0.3624882300417855,0.36249,187.4221531752998,184.765,1.7699582144925508e-06,2.657153175299811,0.1063215261762823,0.9038963595477028,,,,,,
forward,F_medium_034,medium,gpt-4o,0.11929999999999999,0.1193,135.61538056266866,136.982,1.3877787807814457e-17,1.3666194373313374,0.054664777493253776,0.9481685757789484,,,,,,
forward,F_medium_035,medium,gpt-4o,0.1511766449122315,0.15118,144.22919155314077,144.987,3.3550877684973557e-06,0.7578084468592294,0.030379439629739123,0.9705162598734929,,,,,,
forward,F_hard_036,hard,gpt-4o,0.365727079877854,0.36573,310.8399502573211,303.512,2.9201221459773663e-06,7.327950257321106,0.2931764127357638,0.7732896998055061,,,,,,
forward,F_hard_037,hard,gpt-4o,0.11150089776017444,0.1115,157.63711611272504,150.472,8.977601744369901e-07,7.1651161127250305,0.28662259971248993,0.7772286917884554,,,,,,
forward,F_hard_038,hard,gpt-4o,0.4,0.4,355.142090855192,352.678,0.0,2.464090855192012,0.09856363420768048,0.9102795403574707,,,,,,
forward,F_hard_039,hard,gpt-4o,0.35900000000000004,0.359,325.6176518142142,324.872,5.551115123125783e-17,0.7456518142141704,0.029826072568567924,0.9710377573815193,,,,,,
forward,F_hard_040,hard,gpt-4o,0.3161603705255337,0.31616,284.49200054124526,276.482,3.705255336994284e-07,8.010000541245233,0.32040743216048334,0.7573419958442489,,,,,,
forward,F_hard_041,hard,gpt-4o,0.3704,0.3704,372.46828331471414,353.892,0.0,18.576283314714146,0.7430513325885658,0.5737065692235941,,,,,,
forward,F_hard_042,hard,gpt-4o,0.24505449613885258,0.24505,318.0992411516853,320.567,4.496138852588816e-06,2.467758848314702,0.09880027670963985,0.9100834985175854,,,,,,
forward,F_hard_043,hard,gpt-4o,0.3122551352294989,0.31226,260.03498963829077,253.472,4.864770501100679e-06,6.562989638290759,0.26261688094165236,0.7920058848367414,,,,,,
forward,F_hard_044,hard,gpt-4o,0.4,0.4,372.0908871945794,353.482,0.0,18.60888719457938,0.7443554877831753,0.5732776415149506,,,,,,
forward,F_hard_045,hard,gpt-4o,0.3146,0.3146,240.8777854652683,239.872,0.0,1.005785465268275,0.040231418610731,0.9613245496233312,,,,,,
forward,F_hard_046,hard,gpt-4o,0.4,0.4,331.0377391287495,311.456,0.0,19.58173912874946,0.7832695651499785,0.5607677154047638,,,,,,
forward,F_hard_047,hard,gpt-4o,0.30870000000000003,0.3087,311.9843602231001,313.245,5.551115123125783e-17,1.2606397768998931,0.05042559107599684,0.9519950851308339,,,,,,
forward,F_hard_048,hard,gpt-4o,0.335969644111045,0.33597,357.27296051720157,353.215,3.558889549726274e-07,4.057960517201593,0.1623255384671632,0.8603441694301643,,,,,,
forward,F_hard_049,hard,gpt-4o,0.2352866227050835,0.23529,280.08867047079013,276.543,3.3772949165067345e-06,3.545670470790128,0.14189436472993525,0.8757377485057524,,,,,,
forward,F_hard_050,hard,gpt-4o,0.2455265936587794,0.24553,280.34567853702436,283.456,3.406341220590914e-06,3.110321462975662,0.12448098534343831,0.8892991638223039,,,,,,
forward,F_hard_051,hard,gpt-4o,0.3972239545087054,0.39722,353.346483064902,343.512,3.95450870538383e-06,9.834483064901974,0.3934584127701866,0.7176389268855224,,,,,,
forward,F_hard_052,hard,gpt-4o,0.2938096170935151,0.29381,317.158084446843,311.456,3.8290648490812984e-07,5.702084446843003,0.22809103600341826,0.8142718826890099,,,,,,
forward,F_hard_053,hard,gpt-4o,0.325995339132217,0.326,330.49323833943544,319.456,4.6608677830017875e-06,11.037238339435419,0.4415827509330768,0.6936819959539204,,,,,,
inverse,I_easy_000,easy,gpt-4o,,,,,,,5.2173588993056494,0.16083999913720268,0.03261128805554801,0.45,0.417388711944452,,,
inverse,I_easy_001,easy,gpt-4o,,,,,,,3.6036114573430504,0.21722076445112173,0.023711083412555966,0.312,0.28828891658744404,,,
inverse,I_easy_002,easy,gpt-4o,,,,,,,3.6555526776457112,0.21479726881872482,0.019555785788343077,0.312,0.2924442142116569,,,
inverse,I_easy_003,easy,gpt-4o,,,,,,,2.337057430157593,0.2996652053281489,0.02803540558739256,0.215,0.18696459441260743,,,
inverse,I_easy_004,easy,gpt-4o,,,,,,,3.2205020522572165,0.23693863611917404,0.0173598358194227,0.275,0.25764016418057734,,,
inverse,I_easy_005,easy,gpt-4o,,,,,,,1.4594642824242146,0.40659260927112645,0.02524285740606282,0.142,0.11675714259393717,,,
inverse,I_easy_006,easy,gpt-4o,,,,,,,3.4569533834135466,0.2243685122939535,0.035443729326916265,0.312,0.27655627067308375,,,
inverse,I_easy_007,easy,gpt-4o,,,,,,,3.746569444964696,0.21067847244093948,0.050274444402824324,0.35,0.2997255555971757,,,
inverse,I_easy_008,easy,gpt-4o,,,,,,,3.516261218625541,0.22142209043974112,0.03069910250995673,0.312,0.2813008974900433,,,
inverse,I_easy_009,easy,gpt-4o,,,,,,,1.6032667640086338,0.3841327419169876,0.02173865887930928,0.15,0.1282613411206907,,,
inverse,I_easy_010,easy,gpt-4o,,,,,,,1.6856972077020582,0.3723427931980545,0.015144223383835349,0.15,0.13485577661616466,,,
inverse,I_easy_011,easy,gpt-4o,,,,,,,5.435444038416037,0.15538943296384117,0.037164476926716976,0.472,0.434835523073283,,,
inverse,I_easy_012,easy,gpt-4o,,,,,,,3.8626833102162723,0.20564777432637785,0.035985335182698225,0.345,0.3090146648173018,,,
inverse,I_easy_013,easy,gpt-4o,,,,,,,3.4754180904866363,0.22344281132654237,0.03396655276106906,0.312,0.2780334472389309,,,
inverse,I_easy_014,easy,gpt-4o,,,,,,,1.3400432745666764,0.42734252433223807,0.04279653803466588,0.15,0.10720346196533412,,,
inverse,I_easy_015,easy,gpt-4o,,,,,,,3.944595785459658,0.20224100075898083,0.034432337163227376,0.35,0.3155676628367726,,,
inverse,I_easy_016,easy,gpt-4o,,,,,,,3.8274225027228015,0.20714988162647294,0.04380619978217585,0.35,0.3061938002178241,,,
inverse,I_easy_017,easy,gpt-4o,,,,,,,3.536990558211283,0.22041042121856474,0.02904075534309734,0.312,0.28295924465690264,,,
inverse,I_medium_018,medium,gpt-4o,,,,,,,3.1803763968460332,0.23921290933382686,0.05756988825231734,0.312,0.25443011174768265,,,
inverse,I_medium_019,medium,gpt-4o,,,,,,,4.823782340083246,0.17170971399760554,0.06409741279334037,0.45,0.38590258720665965,,,
inverse,I_medium_020,medium,gpt-4o,,,,,,,3.1353953157177155,0.2418148504930648,0.09916837474258271,0.35,0.25083162525741726,,,
inverse,I_medium_021,medium,gpt-4o,,,,,,,6.969109279867386,0.12548453846985533,0.16247125761060907,0.72,0.5575287423893909,,,
inverse,I_medium_022,medium,gpt-4o,,,,,,,3.4813649376308264,0.2231462989329033,0.1714908049895339,0.45,0.2785091950104661,,,
inverse,I_medium_023,medium,gpt-4o,,,,,,,2.9720947112927916,0.251756333291089,0.07423242309657667,0.312,0.23776757690342332,,,
inverse,I_medium_024,medium,gpt-4o,,,,,,,1.4107090399823903,0.4148157174568461,0.037143276801408776,0.15,0.11285672319859122,,,
inverse,I_medium_025,medium,gpt-4o,,,,,,,3.1473260858912,0.24111921254562135,0.09821391312870396,0.35,0.251786086871296,,,
inverse,I_medium_026,medium,gpt-4o,,,,,,,2.8061078871118834,0.2627355896521396,0.12551136903104929,0.35,0.2244886309689507,,,
inverse,I_medium_027,medium,gpt-4o,,,,,,,3.9540105405452786,0.20185665569656458,0.13367915675637773,0.45,0.3163208432436223,,,
inverse,I_medium_028,medium,gpt-4o,,,,,,,4.451379806517778,0.18343979606858068,0.09388961547857777,0.45,0.35611038452142224,,,
inverse,I_medium_029,medium,gpt-4o,,,,,,,3.1791244326361574,0.23928457171331655,0.0956700453891074,0.35,0.2543299546108926,,,
inverse,I_medium_030,medium,gpt-4o,,,,,,,2.848867018225902,0.25981671885898006,0.08409063854192782,0.312,0.22790936145807217,,,
inverse,I_medium_031,medium,gpt-4o,,,,,,,3.6884803867067424,0.21328872417495912,0.0549215690634606,0.35,0.2950784309365394,,,
inverse,I_medium_032,medium,gpt-4o,,,,,,,2.7662652690246183,0.26551502046986153,0.09069877847803051,0.312,0.2213012215219695,,,
inverse,I_medium_033,medium,gpt-4o,,,,,,,4.240769652597815,0.1908116681877645,0.1107384277921748,0.45,0.3392615722078252,,,
inverse,I_medium_034,medium,gpt-4o,,,,,,,3.4393645146997995,0.22525746572257369,0.074850838824016,0.35,0.275149161175984,,,
inverse,I_medium_035,medium,gpt-4o,,,,,,,2.989884567159228,0.25063381738685075,0.07280923462726176,0.312,0.23919076537273826,,,
inverse,I_hard_036,hard,gpt-4o,,,,,,,4.939172632543543,0.16837362068253847,0.25486618939651656,0.65,0.39513381060348346,,,
inverse,I_hard_037,hard,gpt-4o,,,,,,,2.3373055201940414,0.29964292868872755,0.12501555838447667,0.312,0.18698444161552333,,,
inverse,I_hard_038,hard,gpt-4o,,,,,,,3.7502492535389003,0.2105152691208798,0.41998005971688795,0.72,0.300019940283112,,,
inverse,I_hard_039,hard,gpt-4o,,,,,,,3.4563836680135767,0.22439719613409045,0.3734893065589139,0.65,0.27651069344108614,,,
inverse,I_hard_040,hard,gpt-4o,,,,,,,4.715074314110805,0.1749758524628367,0.2427940548711356,0.62,0.3772059451288644,,,
inverse,I_hard_041,hard,gpt-4o,,,,,,,3.575747445152538,0.21854353020715367,0.4339402043877969,0.72,0.28605979561220307,,,
inverse,I_hard_042,hard,gpt-4o,,,,,,,3.6759342639614845,0.21386100478512565,0.4259252588830812,0.72,0.2940747411169188,,,
inverse,I_hard_043,hard,gpt-4o,,,,,,,5.136079538432002,0.16297050808039842,0.23911363692543985,0.65,0.41088636307456017,,,
inverse,I_hard_044,hard,gpt-4o,,,,,,,3.7942447057946187,0.20858342895833804,0.4164604235364305,0.72,0.3035395764635695,,,
inverse,I_hard_045,hard,gpt-4o,,,,,,,4.207965610179987,0.1920135567034668,0.31336275118560103,0.65,0.336637248814399,,,
inverse,I_hard_046,hard,gpt-4o,,,,,,,2.3153113235236638,0.30163079795991965,0.4647750941181069,0.65,0.1852249058818931,,,
inverse,I_hard_047,hard,gpt-4o,,,,,,,3.5543935538041054,0.21956820116363007,0.3656485156956716,0.65,0.28435148430432844,,,
inverse,I_hard_048,hard,gpt-4o,,,,,,,3.330792131804783,0.2309046404365908,0.3835366294556174,0.65,0.2664633705443826,,,
inverse,I_hard_049,hard,gpt-4o,,,,,,,1.8310551466734104,0.35322519279606235,0.3035155882661272,0.45,0.14648441173387283,,,
inverse,I_hard_050,hard,gpt-4o,,,,,,,5.284638568519767,0.1591181400644225,0.29722891451841854,0.72,0.42277108548158143,,,
inverse,I_hard_051,hard,gpt-4o,,,,,,,2.632619027316034,0.2752834779756278,0.4393904778147173,0.65,0.21060952218528273,,,
inverse,I_hard_052,hard,gpt-4o,,,,,,,4.587250561205744,0.17897890725419646,0.35301995510354045,0.72,0.3669800448964595,,,
inverse,I_hard_053,hard,gpt-4o,,,,,,,3.712660041912414,0.2121943851469066,0.3529871966470069,0.65,0.2970128033529931,,,
rollout,R_easy_000,easy,gpt-4o,,,,,,,0.10019579473507947,0.9089291240572265,,,,30.0,0.000759953639292842,3.0635465261402905
rollout,R_easy_001,easy,gpt-4o,,,,,,,0.024403663842638083,0.9761776878549051,,,,30.0,3.2276283043150323e-06,0.8522454513148158
rollout,R_easy_002,easy,gpt-4o,,,,,,,0.06091009352630367,0.9425869412516873,,,,30.0,3.5691264093499117e-06,2.1297712830151743
rollout,R_easy_003,easy,gpt-4o,,,,,,,0.07335284838580898,0.9316600794453355,,,,30.0,3.525519063156633e-07,2.56714403822463
rollout,R_easy_004,easy,gpt-4o,,,,,,,0.07541745417733184,0.9298714616501884,,,,30.0,3.582518054342602e-06,2.637521094008248
rollout,R_easy_005,easy,gpt-4o,,,,,,,0.09283316340637338,0.915052757808876,,,,30.0,2.2898349882893852e-17,3.249160719223055
rollout,R_easy_006,easy,gpt-4o,,,,,,,0.11178579282895822,0.8994538394446313,,,,30.0,4.728979475092839e-06,3.909744177653067
rollout,R_easy_007,easy,gpt-4o,,,,,,,0.1776081436297625,0.8491789101573994,,,,30.0,2.544261098099317e-17,6.216285027041672
rollout,R_easy_008,easy,gpt-4o,,,,,,,0.17516558519060135,0.8509439117363269,,,,30.0,2.4256983396026927e-06,6.129380490972946
rollout,R_easy_009,easy,gpt-4o,,,,,,,0.06658351710870991,0.937573086363453,,,,30.0,7.100080596968706e-05,2.289005961989196
rollout,R_easy_010,easy,gpt-4o,,,,,,,0.040510981295769306,0.9610662626113564,,,,30.0,1.599034026637571e-06,1.416951575503054
rollout,R_easy_011,easy,gpt-4o,,,,,,,0.12017724433889755,0.8927158671127771,,,,30.0,4.15209645105626e-06,4.203781495598298
rollout,R_easy_012,easy,gpt-4o,,,,,,,0.20345696931717122,0.8309395562081371,,,,30.0,2.3024868747237304e-06,7.119650808757403
rollout,R_easy_013,easy,gpt-4o,,,,,,,0.22663585540279585,0.8152378683497928,,,,30.0,0.01031096415168567,1.9175258506145478
rollout,R_easy_014,easy,gpt-4o,,,,,,,0.06628831149714817,0.9378326567191997,,,,30.0,0.0003433333333333345,2.1198131246224077
rollout,R_easy_015,easy,gpt-4o,,,,,,,0.04369159805180757,0.9581374439217831,,,,30.0,1.68045698774368e-06,1.5282256652370814
rollout,R_easy_016,easy,gpt-4o,,,,,,,0.1466582591074096,0.8720994176402893,,,,30.0,1.0683648784102588e-06,5.132415855913597
rollout,R_easy_017,easy,gpt-4o,,,,,,,0.09678262786952108,0.9117576943596204,,,,30.0,2.885620115390458e-06,3.3857086970325936
rollout,R_medium_018,medium,gpt-4o,,,,,,,0.3785561741102809,0.7253966278489878,,,,30.0,3.0751084043897e-06,13.247672280623938
rollout,R_medium_019,medium,gpt-4o,,,,,,,0.4340747417728739,0.6973137249204674,,,,30.0,1.4959759696009377e-07,15.192528696785693
rollout,R_medium_020,medium,gpt-4o,,,,,,,0.3686715523241641,0.7306354824880251,,,,30.0,2.457845390179773e-06,12.902070588201472
rollout,R_medium_021,medium,gpt-4o,,,,,,,1.6709710442457593,0.3743956723732976,,,,30.0,0.0009981302891635374,57.90174387992285
rollout,R_medium_022,medium,gpt-4o,,,,,,,0.9884424956234339,0.5029061701311464,,,,30.0,1.9022442549939307e-06,34.59437770433811
rollout,R_medium_023,medium,gpt-4o,,,,,,,0.6150739364846489,0.619166700303881,,,,30.0,4.59908751217671e-07,21.527319496857835
rollout,R_medium_024,medium,gpt-4o,,,,,,,0.3355753206795371,0.7487409991157988,,,,30.0,1.1232334506949825e-17,11.745136223783792
rollout,R_medium_025,medium,gpt-4o,,,,,,,0.26562760965566073,0.7901218275983012,,,,30.0,1.3573301557855597e-06,9.296174562023918
rollout,R_medium_026,medium,gpt-4o,,,,,,,0.5644115736331384,0.639217976173388,,,,30.0,5.299199013488835e-07,19.75409595721739
rollout,R_medium_027,medium,gpt-4o,,,,,,,0.6325748605984772,0.6125293388588717,,,,30.0,0.0016230819596969217,21.1933223111235
rollout,R_medium_028,medium,gpt-4o,,,,,,,1.0507152634994545,0.48763473788825484,,,,30.0,8.91628475970611e-06,36.769833056371084
rollout,R_medium_029,medium,gpt-4o,,,,,,,0.8766884486058699,0.5328534956043808,,,,30.0,0.000702961860576537,30.274034615869134
rollout,R_medium_030,medium,gpt-4o,,,,,,,0.4438352041827368,0.6925998182500587,,,,30.0,3.5193445166471307e-06,15.532179195427743
rollout,R_medium_031,medium,gpt-4o,,,,,,,0.31780201885023646,0.7588393291979366,,,,30.0,1.9197606467476665e-17,11.123070659758264
rollout,R_medium_032,medium,gpt-4o,,,,,,,0.4978250936903181,0.6676346952742096,,,,30.0,2.377543441613635e-07,17.423739589127038
rollout,R_medium_033,medium,gpt-4o,,,,,,,0.9255872468467334,0.5193220933705086,,,,30.0,5.899860718768431e-08,32.39551922378148
rollout,R_medium_034,medium,gpt-4o,,,,,,,0.8660843215476188,0.5358814649761698,,,,30.0,2.474872159060245e-17,30.312951254166645
rollout,R_medium_035,medium,gpt-4o,,,,,,,0.6443695991941994,0.6081357868024538,,,,30.0,3.3550877685026755e-06,22.550978837265355
rollout,R_hard_036,hard,gpt-4o,,,,,,,4.642890932698343,0.17721412870225645,,,,30.0,0.001161097337404878,161.82387586428916
rollout,R_hard_037,hard,gpt-4o,,,,,,,2.985761086985106,0.25089311129694836,,,,30.0,8.977601744027582e-07,104.50111435104363
rollout,R_hard_038,hard,gpt-4o,,,,,,,3.7488663256812003,0.21057657373763938,,,,30.0,0.010099999999999987,125.31865473217535
rollout,R_hard_039,hard,gpt-4o,,,,,,,2.9785306475628732,0.251349075471511,,,,30.0,0.0003000000000000586,104.07357266470054
rollout,R_hard_040,hard,gpt-4o,,,,,,,3.485518892894105,0.22293964731353283,,,,30.0,0.01831345684184457,111.31031142688434
rollout,R_hard_041,hard,gpt-4o,,,,,,,4.593830347809491,0.17876838191769504,,,,30.0,1.295260195396016e-17,160.7840621733322
rollout,R_hard_042,hard,gpt-4o,,,,,,,6.246705878662242,0.13799373353132446,,,,30.0,0.0588024160231421,184.33329640634557
rollout,R_hard_043,hard,gpt-4o,,,,,,,4.813145303945819,0.17202391265211017,,,,30.0,0.07471931530273347,124.8738183781758
rollout,R_hard_044,hard,gpt-4o,,,,,,,3.705274253707143,0.21252746302983938,,,,30.0,0.013523333333333347,121.79598776863888
rollout,R_hard_045,hard,gpt-4o,,,,,,,3.088930528981355,0.24456272683339586,,,,30.0,0.02181333333333333,95.38812406990299
rollout,R_hard_046,hard,gpt-4o,,,,,,,3.6048747282395204,0.21716117354234904,,,,30.0,0.009236666666666664,120.78255993282765
rollout,R_hard_047,hard,gpt-4o,,,,,,,4.4349321012535565,0.18399493891917287,,,,30.0,2.0354088784794535e-17,155.22262354387448
rollout,R_hard_048,hard,gpt-4o,,,,,,,4.571512182307084,0.1794844859490039,,,,30.0,0.02953374970742282,142.77490571808465
rollout,R_hard_049,hard,gpt-4o,,,,,,,7.965401596398905,0.11153990027637643,,,,30.0,0.07505356727864441,235.00780829475244
rollout,R_hard_050,hard,gpt-4o,,,,,,,5.833035832488311,0.14634783491773978,,,,30.0,0.07550890105687008,160.10939518725
rollout,R_hard_051,hard,gpt-4o,,,,,,,2.7137338804594946,0.26927077496362545,,,,30.0,0.0021767984836235303,93.71088670063524
rollout,R_hard_052,hard,gpt-4o,,,,,,,4.592825043237384,0.17880051535121044,,,,30.0,0.07735711487194542,115.62389283800692
rollout,R_hard_053,hard,gpt-4o,,,,,,,5.777257243427421,0.14755231564653964,,,,30.0,0.009639844637740523,196.5807608146111
