task_type,task_id,difficulty,model,strain_true,strain_pred,resistance_true,resistance_pred,strain_error,resistance_error,normalized_error,score,damage_rate_true,damage_rate_pred,recovery_rate_true,recovery_rate_pred,damage_rate_error,recovery_rate_error,horizon,mean_strain_error,mean_resistance_error
forward,F_easy_000,easy,Random baseline,0.07809009934437239,0.26577451449239203,116.84857049094111,195.2726963938641,0.18768441514801965,78.42412590292298,6.890653339077312,0.12673221811020965,,,,,,,,,
forward,F_easy_000,easy,Last-value baseline,0.07809009934437239,0.07809009934437239,116.84857049094111,126.55633609842401,0.0,9.707765607482898,0.3883106242993159,0.7202998972255957,,,,,,,,,
forward,F_easy_000,easy,Curve-fit baseline,0.07809009934437239,0.07809009934437239,116.84857049094111,115.63829275146773,0.0,1.2102777394733835,0.04841110957893534,0.9538243069568595,,,,,,,,,
forward,F_easy_000,easy,Oracle simulator,0.07809009934437239,0.07809009934437239,116.84857049094111,116.84857049094111,0.0,0.0,0.0,1.0,,,,,,,,,
forward,F_easy_001,easy,Random baseline,0.0588432276283043,0.36009868196139344,111.83561485896362,153.97693326197478,0.30125545433308915,42.141318403011155,7.710761822782229,0.1148005215094492,,,,,,,,,
forward,F_easy_001,easy,Last-value baseline,0.0588432276283043,0.0588432276283043,111.83561485896362,120.80692506980853,0.0,8.971310210844905,0.3588524084337962,0.7359150955566933,,,,,,,,,
forward,F_easy_001,easy,Curve-fit baseline,0.0588432276283043,0.0588432276283043,111.83561485896362,111.22302217924673,0.0,0.6125926797168972,0.02450370718867589,0.9760823635710251,,,,,,,,,
forward,F_easy_001,easy,Oracle simulator,0.0588432276283043,0.0588432276283043,111.83561485896362,111.83561485896362,0.0,0.0,0.0,1.0,,,,,,,,,
forward,F_easy_002,easy,Random baseline,0.18834643087359068,0.11166406928767386,134.17391639709115,286.39866785772216,0.07668236158591682,152.224751460631,7.622637290143577,0.11597379854340933,,,,,,,,,
forward,F_easy_002,easy,Last-value baseline,0.18834643087359068,0.18834643087359068,134.17391639709115,129.55076702779462,0.0,4.623149369296527,0.1849259747718611,0.8439345759067645,,,,,,,,,
forward,F_easy_002,easy,Curve-fit baseline,0.18834643087359068,0.18834643087359068,134.17391639709115,134.25699068012784,0.0,0.0830742830366944,0.0033229713214677757,0.9966880342457513,,,,,,,,,
forward,F_easy_002,easy,Oracle simulator,0.18834643087359068,0.18834643087359068,134.17391639709115,134.17391639709115,0.0,0.0,0.0,1.0,,,,,,,,,
forward,F_easy_003,easy,Random baseline,0.0725296474480937,0.10595767696940808,113.92438065021997,292.90536304061277,0.03342802952131438,178.9809823903928,7.8277998860419995,0.11327850799848119,,,,,,,,,
forward,F_easy_003,easy,Last-value baseline,0.0725296474480937,0.0725296474480937,113.92438065021997,119.60956342888758,0.0,5.68518277866761,0.2274073111467044,0.8147254712583966,,,,,,,,,
forward,F_easy_003,easy,Curve-fit baseline,0.0725296474480937,0.0725296474480937,113.92438065021997,113.37635010456329,0.0,0.5480305456566867,0.02192122182626747,0.9785490100821156,,,,,,,,,
forward,F_easy_003,easy,Oracle simulator,0.0725296474480937,0.0725296474480937,113.92438065021997,113.92438065021997,0.0,0.0,0.0,1.0,,,,,,,,,
forward,F_easy_004,easy,Random baseline,0.0824135825180543,0.36025725060590075,112.33304735719396,236.0417533861391,0.27784366808784644,123.70870602894514,10.505221602914734,0.08691705683849323,,,,,,,,,
forward,F_easy_004,easy,Last-value baseline,0.0824135825180543,0.0824135825180543,112.33304735719396,112.94103505129407,0.0,0.6079876941001032,0.024319507764004128,0.9762578886961829,,,,,,,,,
forward,F_easy_004,easy,Curve-fit baseline,0.0824135825180543,0.0824135825180543,112.33304735719396,112.26608141499241,0.0,0.0669659422015485,0.00267863768806194,0.9973285182436537,,,,,,,,,
forward,F_easy_004,easy,Oracle simulator,0.0824135825180543,0.0824135825180543,112.33304735719396,112.33304735719396,0.0,0.0,0.0,1.0,,,,,,,,,
forward,F_easy_005,easy,Random baseline,0.0,0.23494733968265186,101.57653139022962,277.051121366123,0.23494733968265186,175.47458997589342,11.717930392688775,0.07862914555460025,,,,,,,,,
forward,F_easy_005,easy,Last-value baseline,0.0,0.0,101.57653139022962,101.59857823112529,0.0,0.022046840895669106,0.0008818736358267642,0.999118903380053,,,,,,,,,
forward,F_easy_005,easy,Curve-fit baseline,0.0,0.0,101.57653139022962,101.62348277618368,0.0,0.04695138595405979,0.0018780554381623916,0.9981254650424088,,,,,,,,,
forward,F_easy_005,easy,Oracle simulator,0.0,0.0,101.57653139022962,101.57653139022962,0.0,0.0,0.0,1.0,,,,,,,,,
forward,F_easy_006,easy,Random baseline,0.10340527102052494,0.22765506450717982,116.75153590220765,84.32124104621012,0.12424979348665488,32.43029485599753,3.782207663972999,0.2091084432684825,,,,,,,,,
forward,F_easy_006,easy,Last-value baseline,0.10340527102052494,0.10340527102052494,116.75153590220765,117.41044431055566,0.0,0.6589084083480117,0.02635633633392047,0.9743204816876138,,,,,,,,,
forward,F_easy_006,easy,Curve-fit baseline,0.10340527102052494,0.10340527102052494,116.75153590220765,116.56903657830416,0.0,0.18249932390348533,0.007299972956139413,0.9927529304555464,,,,,,,,,
forward,F_easy_006,easy,Oracle simulator,0.10340527102052494,0.10340527102052494,116.75153590220765,116.75153590220765,0.0,0.0,0.0,1.0,,,,,,,,,
forward,F_easy_007,easy,Random baseline,0.04989999999999998,0.21677593847327636,113.46746119648942,294.21773766192837,0.1668759384732764,180.75027646543896,10.567529828083085,0.08644888017251952,,,,,,,,,
forward,F_easy_007,easy,Last-value baseline,0.04989999999999998,0.04989999999999998,113.46746119648942,122.5300030908497,0.0,9.06254189436028,0.36250167577441117,0.7339440514314418,,,,,,,,,
forward,F_easy_007,easy,Curve-fit baseline,0.04989999999999998,0.04989999999999998,113.46746119648942,115.69421866415226,0.0,2.2267574676628357,0.08907029870651342,0.9182143716412962,,,,,,,,,
forward,F_easy_007,easy,Oracle simulator,0.04989999999999998,0.04989999999999998,113.46746119648942,113.46746119648942,0.0,0.0,0.0,1.0,,,,,,,,,
forward,F_easy_008,easy,Random baseline,0.10084242569833962,0.2974104202522851,119.69456504171771,252.85556607726193,0.19656799455394547,133.16100103554422,9.257799932500678,0.09748679118137342,,,,,,,,,
forward,F_easy_008,easy,Last-value baseline,0.10084242569833962,0.10084242569833962,119.69456504171771,111.9592056517704,0.0,7.735359389947305,0.3094143755978922,0.7637001843235375,,,,,,,,,
forward,F_easy_008,easy,Curve-fit baseline,0.10084242569833962,0.10084242569833962,119.69456504171771,119.17696184598863,0.0,0.5176031957290803,0.020704127829163213,0.979715838052701,,,,,,,,,
forward,F_easy_008,easy,Oracle simulator,0.10084242569833962,0.10084242569833962,119.69456504171771,119.69456504171771,0.0,0.0,0.0,1.0,,,,,,,,,
forward,F_easy_009,easy,Random baseline,0.052265665860696954,0.0046643353927629414,109.51423962982525,170.23402244174903,0.047601330467934015,60.71978281192378,3.3808179218356313,0.22826787550690633,,,,,,,,,
forward,F_easy_009,easy,Last-value baseline,0.052265665860696954,0.052265665860696954,109.51423962982525,105.87106244261457,0.0,3.643177187210682,0.14572708748842728,0.872808202686489,,,,,,,,,
forward,F_easy_009,easy,Curve-fit baseline,0.052265665860696954,0.052265665860696954,109.51423962982525,109.10974012582258,0.0,0.404499504002672,0.01617998016010688,0.9840776432561115,,,,,,,,,
forward,F_easy_009,easy,Oracle simulator,0.052265665860696954,0.052265665860696954,109.51423962982525,109.51423962982525,0.0,0.0,0.0,1.0,,,,,,,,,
forward,F_easy_010,easy,Random baseline,0.14223159903402666,0.33920482934898083,119.07442655633821,86.71355303716669,0.19697323031495417,32.36087351917152,5.233899547065944,0.1604132361213073,,,,,,,,,
forward,F_easy_010,easy,Last-value baseline,0.14223159903402666,0.14223159903402666,119.07442655633821,113.19766434615039,0.0,5.87676221018782,0.23507048840751282,0.8096703867399421,,,,,,,,,
forward,F_easy_010,easy,Curve-fit baseline,0.14223159903402666,0.14223159903402666,119.07442655633821,118.62462222241008,0.0,0.44980433392812813,0.017992173357125125,0.9823258234905768,,,,,,,,,
forward,F_easy_010,easy,Oracle simulator,0.14223159903402666,0.14223159903402666,119.07442655633821,119.07442655633821,0.0,0.0,0.0,1.0,,,,,,,,,
forward,F_easy_011,easy,Random baseline,0.26462415209645107,0.03189748784942057,147.42048439602283,140.7583212593288,0.2327266642470305,6.6621631366940335,4.921019810408371,0.16888982506731898,,,,,,,,,
forward,F_easy_011,easy,Last-value baseline,0.26462415209645107,0.26462415209645107,147.42048439602283,139.32163257935818,0.0,8.098851816664649,0.32395407266658593,0.7553132096084666,,,,,,,,,
forward,F_easy_011,easy,Curve-fit baseline,0.26462415209645107,0.26462415209645107,147.42048439602283,147.48745166731902,0.0,0.06696727129619262,0.002678690851847705,0.9973284653635434,,,,,,,,,
forward,F_easy_011,easy,Oracle simulator,0.26462415209645107,0.26462415209645107,147.42048439602283,147.42048439602283,0.0,0.0,0.0,1.0,,,,,,,,,
forward,F_easy_012,easy,Random baseline,0.15796230248687476,0.27257890631262266,126.33452132546579,266.93095060659215,0.1146166038257479,140.59642928112635,7.916189247760012,0.11215553777654809,,,,,,,,,
forward,F_easy_012,easy,Last-value baseline,0.15796230248687476,0.15796230248687476,126.33452132546579,122.31254516192465,0.0,4.02197616354114,0.16087904654164562,0.8614161854149082,,,,,,,,,
forward,F_easy_012,easy,Curve-fit baseline,0.15796230248687476,0.15796230248687476,126.33452132546579,125.77773528009271,0.0,0.5567860453730731,0.022271441814922924,0.9782137689620062,,,,,,,,,
forward,F_easy_012,easy,Oracle simulator,0.15796230248687476,0.15796230248687476,126.33452132546579,126.33452132546579,0.0,0.0,0.0,1.0,,,,,,,,,
forward,F_easy_013,easy,Random baseline,0.05508553772471531,0.08112922138163753,112.64398049623206,281.36086391358066,0.026043683656922216,168.71688341734858,7.269549009832388,0.12092557874812916,,,,,,,,,
forward,F_easy_013,easy,Last-value baseline,0.05508553772471531,0.05508553772471531,112.64398049623206,121.90417323312975,0.0,9.260192736897693,0.37040770947590773,0.7297098469932246,,,,,,,,,
forward,F_easy_013,easy,Curve-fit baseline,0.05508553772471531,0.05508553772471531,112.64398049623206,113.96352630264875,0.0,1.3195458064166843,0.05278183225666737,0.9498644157417421,,,,,,,,,
forward,F_easy_013,easy,Oracle simulator,0.05508553772471531,0.05508553772471531,112.64398049623206,112.64398049623206,0.0,0.0,0.0,1.0,,,,,,,,,
forward,F_easy_014,easy,Random baseline,0.018999999999999996,0.1931167239026809,105.75007160115695,159.88109393252927,0.1741167239026809,54.13102233137232,5.647575371308511,0.15043078779009914,,,,,,,,,
forward,F_easy_014,easy,Last-value baseline,0.018999999999999996,0.018999999999999996,105.75007160115695,114.4155779066049,0.0,8.665506305447948,0.3466202522179179,0.7425998520020581,,,,,,,,,
forward,F_easy_014,easy,Curve-fit baseline,0.018999999999999996,0.018999999999999996,105.75007160115695,105.30727721170064,0.0,0.44279438945631,0.0177117755782524,0.9825964718073654,,,,,,,,,
forward,F_easy_014,easy,Oracle simulator,0.018999999999999996,0.018999999999999996,105.75007160115695,105.75007160115695,0.0,0.0,0.0,1.0,,,,,,,,,
forward,F_easy_015,easy,Random baseline,0.16757639902074056,0.11544958998452835,123.14382463532182,210.1376153676022,0.05212680903621221,86.99379073228037,4.5222878100154595,0.18108436836384312,,,,,,,,,
forward,F_easy_015,easy,Last-value baseline,0.16757639902074056,0.16757639902074056,123.14382463532182,123.71423775640389,0.0,0.5704131210820691,0.022816524843282764,0.977692455793302,,,,,,,,,
forward,F_easy_015,easy,Curve-fit baseline,0.16757639902074056,0.16757639902074056,123.14382463532182,123.0677076848585,0.0,0.0761169504633159,0.0030446780185326362,0.9969645639070163,,,,,,,,,
forward,F_easy_015,easy,Oracle simulator,0.16757639902074056,0.16757639902074056,123.14382463532182,123.14382463532182,0.0,0.0,0.0,1.0,,,,,,,,,
forward,F_easy_016,easy,Random baseline,0.1386589316351216,0.3434434320777047,126.01497961068993,191.6938417723949,0.20478450044258312,65.67886216170497,6.72284449531986,0.12948596862283224,,,,,,,,,
forward,F_easy_016,easy,Last-value baseline,0.1386589316351216,0.1386589316351216,126.01497961068993,121.61810942235878,0.0,4.39687018833115,0.175874807533246,0.8504306696541984,,,,,,,,,
forward,F_easy_016,easy,Curve-fit baseline,0.1386589316351216,0.1386589316351216,126.01497961068993,125.67093256521697,0.0,0.34404704547296205,0.013761881818918482,0.9864249365992864,,,,,,,,,
forward,F_easy_016,easy,Oracle simulator,0.1386589316351216,0.1386589316351216,126.01497961068993,126.01497961068993,0.0,0.0,0.0,1.0,,,,,,,,,
forward,F_easy_017,easy,Random baseline,0.1253728856201154,0.0890618732775474,119.84079669080968,82.74014179350031,0.03631101234256799,37.10065489730937,2.2102464427437347,0.31150256462719406,,,,,,,,,
forward,F_easy_017,easy,Last-value baseline,0.1253728856201154,0.1253728856201154,119.84079669080968,124.57794442734716,0.0,4.73714773653748,0.1894859094614992,0.8406993240068874,,,,,,,,,
forward,F_easy_017,easy,Curve-fit baseline,0.1253728856201154,0.1253728856201154,119.84079669080968,119.20944461441891,0.0,0.631352076390769,0.025254083055630757,0.9753679761212319,,,,,,,,,
forward,F_easy_017,easy,Oracle simulator,0.1253728856201154,0.1253728856201154,119.84079669080968,119.84079669080968,0.0,0.0,0.0,1.0,,,,,,,,,
forward,F_medium_018,medium,Random baseline,0.0940430751084044,0.3648289970215784,124.80216915681918,307.44514242806923,0.27078592191317397,182.64297327125007,12.721437369113481,0.07287866227855751,,,,,,,,,
forward,F_medium_018,medium,Last-value baseline,0.0940430751084044,0.0940430751084044,124.80216915681918,131.26936675083715,0.0,6.467197594017975,0.258687903760719,0.7944781204396983,,,,,,,,,
forward,F_medium_018,medium,Curve-fit baseline,0.0940430751084044,0.0940430751084044,124.80216915681918,121.94740493779636,0.0,2.8547642190228117,0.11419056876091246,0.8975125333470527,,,,,,,,,
forward,F_medium_018,medium,Oracle simulator,0.0940430751084044,0.0940430751084044,124.80216915681918,124.80216915681918,0.0,0.0,0.0,1.0,,,,,,,,,
forward,F_medium_019,medium,Random baseline,0.16411014959759695,0.006201119928440946,132.7335927878664,93.09233905561985,0.15790902966915601,39.641253732246554,4.743830742672983,0.17409983768683165,,,,,,,,,
forward,F_medium_019,medium,Last-value baseline,0.16411014959759695,0.16411014959759695,132.7335927878664,135.67033820102714,0.0,2.936745413160736,0.11746981652642945,0.8948787566436689,,,,,,,,,
forward,F_medium_019,medium,Curve-fit baseline,0.16411014959759695,0.16411014959759695,132.7335927878664,131.1183305430171,0.0,1.6152622448493048,0.06461048979397219,0.9393106770848408,,,,,,,,,
forward,F_medium_019,medium,Oracle simulator,0.16411014959759695,0.16411014959759695,132.7335927878664,132.7335927878664,0.0,0.0,0.0,1.0,,,,,,,,,
forward,F_medium_020,medium,Random baseline,0.1585024578453902,0.04235190250198593,152.64597326457564,207.62581581320651,0.11615055534340427,54.97984254863087,4.522204808813321,0.1810870901426947,,,,,,,,,
forward,F_medium_020,medium,Last-value baseline,0.1585024578453902,0.1585024578453902,152.64597326457564,157.3416344613416,0.0,4.695661196765968,0.18782644787063874,0.8418738291209575,,,,,,,,,
forward,F_medium_020,medium,Curve-fit baseline,0.1585024578453902,0.1585024578453902,152.64597326457564,148.69048401737237,0.0,3.9554892472032748,0.158219569888131,0.8633941490874542,,,,,,,,,
forward,F_medium_020,medium,Oracle simulator,0.1585024578453902,0.1585024578453902,152.64597326457564,152.64597326457564,0.0,0.0,0.0,1.0,,,,,,,,,
forward,F_medium_021,medium,Random baseline,0.31403813028916355,0.3633687618371175,212.68472879435004,137.11464690192966,0.049330631547953974,75.57008189242038,4.009415906655894,0.1996240716749678,,,,,,,,,
forward,F_medium_021,medium,Last-value baseline,0.31403813028916355,0.31403813028916355,212.68472879435004,220.31003766456345,0.0,7.625308870213416,0.30501235480853667,0.7662762703474282,,,,,,,,,
forward,F_medium_021,medium,Curve-fit baseline,0.31403813028916355,0.31403813028916355,212.68472879435004,197.5692187021919,0.0,15.115510092158132,0.6046204036863253,0.6232003517484139,,,,,,,,,
forward,F_medium_021,medium,Oracle simulator,0.31403813028916355,0.31403813028916355,212.68472879435004,212.68472879435004,0.0,0.0,0.0,1.0,,,,,,,,,
forward,F_medium_022,medium,Random baseline,0.22201190224425493,0.24819823095519725,175.103607424224,292.1744868967721,0.026186328710942314,117.07087947254811,5.206561753120771,0.16111980187697028,,,,,,,,,
forward,F_medium_022,medium,Last-value baseline,0.22201190224425493,0.22201190224425493,175.103607424224,168.41408137422903,0.0,6.689526049994981,0.26758104199979926,0.7889041937881541,,,,,,,,,
forward,F_medium_022,medium,Curve-fit baseline,0.22201190224425493,0.22201190224425493,175.103607424224,165.40441350429774,0.0,9.699193919926273,0.3879677567970509,0.7204778317816646,,,,,,,,,
forward,F_medium_022,medium,Oracle simulator,0.22201190224425493,0.22201190224425493,175.103607424224,175.103607424224,0.0,0.0,0.0,1.0,,,,,,,,,
forward,F_medium_023,medium,Random baseline,0.10328045990875126,0.2865375792809794,132.51885544319478,88.77823868825789,0.18325711937222813,43.740616754936894,5.414767057642038,0.15589030607256119,,,,,,,,,
forward,F_medium_023,medium,Last-value baseline,0.10328045990875126,0.10328045990875126,132.51885544319478,133.54655903193373,0.0,1.0277035887389445,0.04110814354955778,0.9605150110444786,,,,,,,,,
forward,F_medium_023,medium,Curve-fit baseline,0.10328045990875126,0.10328045990875126,132.51885544319478,131.1583035621765,0.0,1.3605518810182673,0.05442207524073069,0.9483868210665962,,,,,,,,,
forward,F_medium_023,medium,Oracle simulator,0.10328045990875126,0.10328045990875126,132.51885544319478,132.51885544319478,0.0,0.0,0.0,1.0,,,,,,,,,
forward,F_medium_024,medium,Random baseline,0.0396,0.08304314468493952,112.49498091000886,104.79468165961664,0.04344314468493952,7.70029925039222,1.1768748637144792,0.4593741315445502,,,,,,,,,
forward,F_medium_024,medium,Last-value baseline,0.0396,0.0396,112.49498091000886,116.10400868899748,0.0,3.6090277789886187,0.14436111115954475,0.8738500375871143,,,,,,,,,
forward,F_medium_024,medium,Curve-fit baseline,0.0396,0.0396,112.49498091000886,111.00159543631695,0.0,1.4933854736919159,0.05973541894767664,0.9436317614004123,,,,,,,,,
forward,F_medium_024,medium,Oracle simulator,0.0396,0.0396,112.49498091000886,112.49498091000886,0.0,0.0,0.0,1.0,,,,,,,,,
forward,F_medium_025,medium,Random baseline,0.2107286426698442,0.2849940774808762,153.6574664508119,163.2773859153104,0.07426543481103198,9.61991946449848,1.870105474800579,0.3484192510623611,,,,,,,,,
forward,F_medium_025,medium,Last-value baseline,0.2107286426698442,0.2107286426698442,153.6574664508119,153.77388991154538,0.0,0.11642346073347198,0.00465693842933888,0.9953646481189694,,,,,,,,,
forward,F_medium_025,medium,Curve-fit baseline,0.2107286426698442,0.2107286426698442,153.6574664508119,150.8010576596978,0.0,2.85640879111412,0.1142563516445648,0.8974595464715724,,,,,,,,,
forward,F_medium_025,medium,Oracle simulator,0.2107286426698442,0.2107286426698442,153.6574664508119,153.6574664508119,0.0,0.0,0.0,1.0,,,,,,,,,
forward,F_medium_026,medium,Random baseline,0.22072941120010964,0.3284678610789997,156.210245165104,236.975788053391,0.10773844987889009,80.765542888287,5.385390713109281,0.15660748808165934,,,,,,,,,
forward,F_medium_026,medium,Last-value baseline,0.22072941120010964,0.22072941120010964,156.210245165104,156.4766771285376,0.0,0.26643196343360387,0.010657278537344154,0.9894551013843508,,,,,,,,,
forward,F_medium_026,medium,Curve-fit baseline,0.22072941120010964,0.22072941120010964,156.210245165104,152.37947317138813,0.0,3.830771993715871,0.15323087974863484,0.8671290524391491,,,,,,,,,
forward,F_medium_026,medium,Oracle simulator,0.22072941120010964,0.22072941120010964,156.210245165104,156.210245165104,0.0,0.0,0.0,1.0,,,,,,,,,
forward,F_medium_027,medium,Random baseline,0.16109012941004777,0.050333879332661806,153.6177973663908,117.39154247965453,0.11075625007738596,36.22625488673626,3.664175197017169,0.21440017961579133,,,,,,,,,
forward,F_medium_027,medium,Last-value baseline,0.16109012941004777,0.16109012941004777,153.6177973663908,143.10504800673996,0.0,10.512749359650826,0.42050997438603305,0.7039725296066407,,,,,,,,,
forward,F_medium_027,medium,Curve-fit baseline,0.16109012941004777,0.16109012941004777,153.6177973663908,144.72071974388183,0.0,8.89707762250896,0.35588310490035835,0.7375267059423153,,,,,,,,,
forward,F_medium_027,medium,Oracle simulator,0.16109012941004777,0.16109012941004777,153.6177973663908,153.6177973663908,0.0,0.0,0.0,1.0,,,,,,,,,
forward,F_medium_028,medium,Random baseline,0.07729259571318431,0.20564998551060643,134.5799381188135,243.74844910727094,0.12835738979742212,109.16851098845746,6.933888235486741,0.12604160410619275,,,,,,,,,
forward,F_medium_028,medium,Last-value baseline,0.07729259571318431,0.07729259571318431,134.5799381188135,123.00616808037594,0.0,11.573770038437544,0.4629508015375018,0.68354998606176,,,,,,,,,
forward,F_medium_028,medium,Curve-fit baseline,0.07729259571318431,0.07729259571318431,134.5799381188135,131.8704800183257,0.0,2.7094581004877796,0.10837832401951118,0.9022190152307569,,,,,,,,,
forward,F_medium_028,medium,Oracle simulator,0.07729259571318431,0.07729259571318431,134.5799381188135,134.5799381188135,0.0,0.0,0.0,1.0,,,,,,,,,
forward,F_medium_029,medium,Random baseline,0.2583970381394235,0.2519002894388849,160.6924215147807,120.60531435388457,0.006496748700538624,40.08710716089614,1.733419260446618,0.3658421576485886,,,,,,,,,
forward,F_medium_029,medium,Last-value baseline,0.2583970381394235,0.2583970381394235,160.6924215147807,150.60553537471034,0.0,10.086886140070362,0.4034754456028145,0.7125169187199314,,,,,,,,,
forward,F_medium_029,medium,Curve-fit baseline,0.2583970381394235,0.2583970381394235,160.6924215147807,163.47434240214278,0.0,2.7819208873620767,0.11127683549448307,0.8998657832681554,,,,,,,,,
forward,F_medium_029,medium,Oracle simulator,0.2583970381394235,0.2583970381394235,160.6924215147807,160.6924215147807,0.0,0.0,0.0,1.0,,,,,,,,,
forward,F_medium_030,medium,Random baseline,0.14241648065548335,0.3155430917151265,143.93016091974255,310.68587456973466,0.17312661105964317,166.75571364999212,10.132760767192547,0.08982497880911344,,,,,,,,,
forward,F_medium_030,medium,Last-value baseline,0.14241648065548335,0.14241648065548335,143.93016091974255,134.0520259455759,0.0,9.878134974166642,0.39512539896666565,0.7167814454103373,,,,,,,,,
forward,F_medium_030,medium,Curve-fit baseline,0.14241648065548335,0.14241648065548335,143.93016091974255,142.44198150503934,0.0,1.488179414703211,0.05952717658812844,0.9438172253591297,,,,,,,,,
forward,F_medium_030,medium,Oracle simulator,0.14241648065548335,0.14241648065548335,143.93016091974255,143.93016091974255,0.0,0.0,0.0,1.0,,,,,,,,,
forward,F_medium_031,medium,Random baseline,0.0938,0.16752179739474424,126.77304058972169,222.7851313714111,0.07372179739474424,96.01209078168941,5.314919579162461,0.15835514410978907,,,,,,,,,
forward,F_medium_031,medium,Last-value baseline,0.0938,0.0938,126.77304058972169,114.11904428953183,0.0,12.65399630018986,0.5061598520075944,0.6639401512841265,,,,,,,,,
forward,F_medium_031,medium,Curve-fit baseline,0.0938,0.0938,126.77304058972169,124.17617186123277,0.0,2.5968687284889143,0.10387474913955658,0.905899877481096,,,,,,,,,
forward,F_medium_031,medium,Oracle simulator,0.0938,0.0938,126.77304058972169,126.77304058972169,0.0,0.0,0.0,1.0,,,,,,,,,
forward,F_medium_032,medium,Random baseline,0.19532023775434418,0.32855052734642665,161.23166394899565,172.39075885346838,0.13323028959208247,11.159094904472738,3.1109695880205583,0.2432516170671801,,,,,,,,,
forward,F_medium_032,medium,Last-value baseline,0.19532023775434418,0.19532023775434418,161.23166394899565,149.01361397378858,0.0,12.218049975207066,0.4887219990082826,0.6717170839593648,,,,,,,,,
forward,F_medium_032,medium,Curve-fit baseline,0.19532023775434418,0.19532023775434418,161.23166394899565,163.16786215518542,0.0,1.936198206189772,0.07744792824759088,0.9281190986430726,,,,,,,,,
forward,F_medium_032,medium,Oracle simulator,0.19532023775434418,0.19532023775434418,161.23166394899565,161.23166394899565,0.0,0.0,0.0,1.0,,,,,,,,,
forward,F_medium_033,medium,Random baseline,0.3624882300417855,0.2914677296695436,187.4221531752998,287.7395048534579,0.07102050037224189,100.3173516781581,5.433104074571162,0.15544595399176114,,,,,,,,,
forward,F_medium_033,medium,Last-value baseline,0.3624882300417855,0.3624882300417855,187.4221531752998,171.0223882864968,0.0,16.39976488880299,0.6559905955521197,0.6038681636755265,,,,,,,,,
forward,F_medium_033,medium,Curve-fit baseline,0.3624882300417855,0.3624882300417855,187.4221531752998,194.0535121374848,0.0,6.631358962185004,0.26525435848740014,0.7903549142446668,,,,,,,,,
forward,F_medium_033,medium,Oracle simulator,0.3624882300417855,0.3624882300417855,187.4221531752998,187.4221531752998,0.0,0.0,0.0,1.0,,,,,,,,,
forward,F_medium_034,medium,Random baseline,0.11929999999999999,0.2762732465918219,135.61538056266866,142.58263929109188,0.1569732465918219,6.967258728423218,3.418155280973367,0.2263388080329511,,,,,,,,,
forward,F_medium_034,medium,Last-value baseline,0.11929999999999999,0.11929999999999999,135.61538056266866,144.4685726480946,0.0,8.853192085425945,0.3541276834170378,0.7384827976314438,,,,,,,,,
forward,F_medium_034,medium,Curve-fit baseline,0.11929999999999999,0.11929999999999999,135.61538056266866,133.27082724635147,0.0,2.3445533163171888,0.09378213265268755,0.9142588548002306,,,,,,,,,
forward,F_medium_034,medium,Oracle simulator,0.11929999999999999,0.11929999999999999,135.61538056266866,135.61538056266866,0.0,0.0,0.0,1.0,,,,,,,,,
forward,F_medium_035,medium,Random baseline,0.1511766449122315,0.2514325552976117,144.22919155314077,178.64821519412854,0.1002559103853802,34.419023640987774,3.381879153347115,0.2282125921332509,,,,,,,,,
forward,F_medium_035,medium,Last-value baseline,0.1511766449122315,0.1511766449122315,144.22919155314077,152.6828782251167,0.0,8.45368667197593,0.3381474668790372,0.7473017920306654,,,,,,,,,
forward,F_medium_035,medium,Curve-fit baseline,0.1511766449122315,0.1511766449122315,144.22919155314077,140.07320584796372,0.0,4.155985705177045,0.1662394282070818,0.8574568616131852,,,,,,,,,
forward,F_medium_035,medium,Oracle simulator,0.1511766449122315,0.1511766449122315,144.22919155314077,144.22919155314077,0.0,0.0,0.0,1.0,,,,,,,,,
forward,F_hard_036,hard,Random baseline,0.365727079877854,0.09745207295778698,310.8399502573211,101.92019480067646,0.26827500692006706,208.91975545664465,13.722290356667127,0.06792421394862251,,,,,,,,,
forward,F_hard_036,hard,Last-value baseline,0.365727079877854,0.365727079877854,310.8399502573211,288.6480778273497,0.0,22.191872429971397,0.8876748971988558,0.5297522372543665,,,,,,,,,
forward,F_hard_036,hard,Curve-fit baseline,0.365727079877854,0.365727079877854,310.8399502573211,287.860979815541,0.0,22.97897044178012,0.9191588176712048,0.5210616186592862,,,,,,,,,
forward,F_hard_036,hard,Oracle simulator,0.365727079877854,0.365727079877854,310.8399502573211,310.8399502573211,0.0,0.0,0.0,1.0,,,,,,,,,
forward,F_hard_037,hard,Random baseline,0.11150089776017444,0.31686879138805635,157.63711611272504,244.25639791570433,0.2053678936278819,86.61928180297929,7.5721291446768095,0.11665713186565652,,,,,,,,,
forward,F_hard_037,hard,Last-value baseline,0.11150089776017444,0.11150089776017444,157.63711611272504,140.340538333012,0.0,17.296577779713033,0.6918631111885213,0.5910643676706844,,,,,,,,,
forward,F_hard_037,hard,Curve-fit baseline,0.11150089776017444,0.11150089776017444,157.63711611272504,143.63692847561774,0.0,14.000187637107302,0.5600075054842921,0.6410225569328641,,,,,,,,,
forward,F_hard_037,hard,Oracle simulator,0.11150089776017444,0.11150089776017444,157.63711611272504,157.63711611272504,0.0,0.0,0.0,1.0,,,,,,,,,
forward,F_hard_038,hard,Random baseline,0.4,0.05605840128157489,355.142090855192,312.30508430586053,0.3439415987184251,42.83700654933148,8.592312236341762,0.10425015109614195,,,,,,,,,
forward,F_hard_038,hard,Last-value baseline,0.4,0.4,355.142090855192,333.24040022657687,0.0,21.901690628615142,0.8760676251446057,0.5330298261092379,,,,,,,,,
forward,F_hard_038,hard,Curve-fit baseline,0.4,0.4,355.142090855192,313.8496006373777,0.0,41.292490217814304,1.6516996087125722,0.3771166223784716,,,,,,,,,
forward,F_hard_038,hard,Oracle simulator,0.4,0.4,355.142090855192,355.142090855192,0.0,0.0,0.0,1.0,,,,,,,,,
forward,F_hard_039,hard,Random baseline,0.35900000000000004,0.3502456829775853,325.6176518142142,160.44989212621238,0.008754317022414748,165.1677596880018,6.781796727968367,0.1285050271752697,,,,,,,,,
forward,F_hard_039,hard,Last-value baseline,0.35900000000000004,0.35900000000000004,325.6176518142142,329.4914063356307,0.0,3.873754521416515,0.1549501808566606,0.8658382123965472,,,,,,,,,
forward,F_hard_039,hard,Curve-fit baseline,0.35900000000000004,0.35900000000000004,325.6176518142142,285.8233251603765,0.0,39.794326653837686,1.5917730661535074,0.3858362497315848,,,,,,,,,
forward,F_hard_039,hard,Oracle simulator,0.35900000000000004,0.35900000000000004,325.6176518142142,325.6176518142142,0.0,0.0,0.0,1.0,,,,,,,,,
forward,F_hard_040,hard,Random baseline,0.3161603705255337,0.12694945855846826,284.49200054124526,182.40999946983007,0.18921091196706544,102.08200107141519,7.867498282197916,0.11277137792150076,,,,,,,,,
forward,F_hard_040,hard,Last-value baseline,0.3161603705255337,0.3161603705255337,284.49200054124526,287.3233283235569,0.0,2.8313277823116323,0.11325311129246529,0.8982683181895799,,,,,,,,,
forward,F_hard_040,hard,Curve-fit baseline,0.3161603705255337,0.3161603705255337,284.49200054124526,266.04707119207234,0.0,18.444929349172924,0.7377971739669169,0.5754411475519164,,,,,,,,,
forward,F_hard_040,hard,Oracle simulator,0.3161603705255337,0.3161603705255337,284.49200054124526,284.49200054124526,0.0,0.0,0.0,1.0,,,,,,,,,
forward,F_hard_041,hard,Random baseline,0.3704,0.39894247646191383,372.46828331471414,138.64874673554465,0.028542476461913824,233.8195365791695,9.923630992405057,0.09154465220358289,,,,,,,,,
forward,F_hard_041,hard,Last-value baseline,0.3704,0.3704,372.46828331471414,371.0151136126412,0.0,1.4531697020729553,0.05812678808291821,0.9450663297276213,,,,,,,,,
forward,F_hard_041,hard,Curve-fit baseline,0.3704,0.3704,372.46828331471414,311.9993714564756,0.0,60.46891185823853,2.418756474329541,0.2925040164482941,,,,,,,,,
forward,F_hard_041,hard,Oracle simulator,0.3704,0.3704,372.46828331471414,372.46828331471414,0.0,0.0,0.0,1.0,,,,,,,,,
forward,F_hard_042,hard,Random baseline,0.24505449613885258,0.07491184288432993,318.0992411516853,290.2415280986467,0.17014265325452266,27.857713053038594,4.517161587211997,0.18125262133301642,,,,,,,,,
forward,F_hard_042,hard,Last-value baseline,0.24505449613885258,0.24505449613885258,318.0992411516853,335.91380434537854,0.0,17.814563193693232,0.7125825277477292,0.5839134662404452,,,,,,,,,
forward,F_hard_042,hard,Curve-fit baseline,0.24505449613885258,0.24505449613885258,318.0992411516853,249.32071707374757,0.0,68.77852407793773,2.751140963117509,0.2665855561900604,,,,,,,,,
forward,F_hard_042,hard,Oracle simulator,0.24505449613885258,0.24505449613885258,318.0992411516853,318.0992411516853,0.0,0.0,0.0,1.0,,,,,,,,,
forward,F_hard_043,hard,Random baseline,0.3122551352294989,0.27377147640460786,260.03498963829077,192.84764599920877,0.03848365882489102,67.187343639082,3.4571669220611003,0.22435776301094332,,,,,,,,,
forward,F_hard_043,hard,Last-value baseline,0.3122551352294989,0.3122551352294989,260.03498963829077,221.838547207273,0.0,38.19644243101777,1.527857697240711,0.39559188837708403,,,,,,,,,
forward,F_hard_043,hard,Curve-fit baseline,0.3122551352294989,0.3122551352294989,260.03498963829077,233.75102889651856,0.0,26.283960741772205,1.0513584296708882,0.4874818488743754,,,,,,,,,
forward,F_hard_043,hard,Oracle simulator,0.3122551352294989,0.3122551352294989,260.03498963829077,260.03498963829077,0.0,0.0,0.0,1.0,,,,,,,,,
forward,F_hard_044,hard,Random baseline,0.4,0.3133566084568847,372.0908871945794,210.4938528044025,0.08664339154311534,161.5970343901769,8.196749206469383,0.10873407304578422,,,,,,,,,
forward,F_hard_044,hard,Last-value baseline,0.4,0.4,372.0908871945794,333.36698717050956,0.0,38.72390002406985,1.5489560009627938,0.39231748198959854,,,,,,,,,
forward,F_hard_044,hard,Curve-fit baseline,0.4,0.4,372.0908871945794,299.9788322516408,0.0,72.11205494293858,2.8844821977175434,0.25743456890794436,,,,,,,,,
forward,F_hard_044,hard,Oracle simulator,0.4,0.4,372.0908871945794,372.0908871945794,0.0,0.0,0.0,1.0,,,,,,,,,
forward,F_hard_045,hard,Random baseline,0.3146,0.15572522566649286,240.8777854652683,141.4196853004441,0.15887477433350713,99.4581001648242,7.1558194932631105,0.12261183573594567,,,,,,,,,
forward,F_hard_045,hard,Last-value baseline,0.3146,0.3146,240.8777854652683,244.63812575310797,0.0,3.760340287839682,0.1504136115135873,0.8692525801083928,,,,,,,,,
forward,F_hard_045,hard,Curve-fit baseline,0.3146,0.3146,240.8777854652683,206.4258475606407,0.0,34.451937904627584,1.3780775161851033,0.4205077392112069,,,,,,,,,
forward,F_hard_045,hard,Oracle simulator,0.3146,0.3146,240.8777854652683,240.8777854652683,0.0,0.0,0.0,1.0,,,,,,,,,
forward,F_hard_046,hard,Random baseline,0.4,0.3776549285197709,331.0377391287495,226.82691704627288,0.02234507148022913,104.2108220824766,4.615334312903647,0.17808378705112352,,,,,,,,,
forward,F_hard_046,hard,Last-value baseline,0.4,0.4,331.0377391287495,290.0221588027915,0.0,41.015580325957956,1.6406232130383183,0.3786984811246105,,,,,,,,,
forward,F_hard_046,hard,Curve-fit baseline,0.4,0.4,331.0377391287495,274.5790086556359,0.0,56.458730473113576,2.258349218924543,0.3069038745730459,,,,,,,,,
forward,F_hard_046,hard,Oracle simulator,0.4,0.4,331.0377391287495,331.0377391287495,0.0,0.0,0.0,1.0,,,,,,,,,
forward,F_hard_047,hard,Random baseline,0.30870000000000003,0.37294509040800405,311.9843602231001,95.77782361987917,0.06424509040800402,216.20653660322094,9.933163272288919,0.09146483731150247,,,,,,,,,
forward,F_hard_047,hard,Last-value baseline,0.30870000000000003,0.30870000000000003,311.9843602231001,317.3790060604402,0.0,5.394645837340079,0.21578583349360314,0.8225132851946999,,,,,,,,,
forward,F_hard_047,hard,Curve-fit baseline,0.30870000000000003,0.30870000000000003,311.9843602231001,266.21319929347874,0.0,45.771160929621374,1.830846437184855,0.35325123498908456,,,,,,,,,
forward,F_hard_047,hard,Oracle simulator,0.30870000000000003,0.30870000000000003,311.9843602231001,311.9843602231001,0.0,0.0,0.0,1.0,,,,,,,,,
forward,F_hard_048,hard,Random baseline,0.335969644111045,0.019495041942322634,357.27296051720157,243.12860427881674,0.31647460216872236,114.14435623838483,10.895266292909842,0.08406705452202014,,,,,,,,,
forward,F_hard_048,hard,Last-value baseline,0.335969644111045,0.335969644111045,357.27296051720157,316.04819091674375,0.0,41.22476960045782,1.6489907840183127,0.37750225709848556,,,,,,,,,
forward,F_hard_048,hard,Curve-fit baseline,0.335969644111045,0.335969644111045,357.27296051720157,315.0326144342423,0.0,42.24034608295926,1.6896138433183705,0.3718005848624827,,,,,,,,,
forward,F_hard_048,hard,Oracle simulator,0.335969644111045,0.335969644111045,357.27296051720157,357.27296051720157,0.0,0.0,0.0,1.0,,,,,,,,,
forward,F_hard_049,hard,Random baseline,0.2352866227050835,0.16775335043019945,280.08867047079013,113.46356484067225,0.06753327227488404,166.6251056301179,8.015669670702398,0.11091799461659863,,,,,,,,,
forward,F_hard_049,hard,Last-value baseline,0.2352866227050835,0.2352866227050835,280.08867047079013,287.80152197591786,0.0,7.71285150512773,0.30851406020510924,0.7642256437376379,,,,,,,,,
forward,F_hard_049,hard,Curve-fit baseline,0.2352866227050835,0.2352866227050835,280.08867047079013,259.19637231074756,0.0,20.89229816004257,0.8356919264017029,0.5447537169050941,,,,,,,,,
forward,F_hard_049,hard,Oracle simulator,0.2352866227050835,0.2352866227050835,280.08867047079013,280.08867047079013,0.0,0.0,0.0,1.0,,,,,,,,,
forward,F_hard_050,hard,Random baseline,0.2455265936587794,0.17842497465921456,280.34567853702436,219.38521165732018,0.06710161899956485,60.96046687970417,3.780451055179464,0.20918528156805044,,,,,,,,,
forward,F_hard_050,hard,Last-value baseline,0.2455265936587794,0.2455265936587794,280.34567853702436,297.0990112353518,0.0,16.753332698327426,0.6701333079330971,0.5987545995580242,,,,,,,,,
forward,F_hard_050,hard,Curve-fit baseline,0.2455265936587794,0.2455265936587794,280.34567853702436,228.44126159886105,0.0,51.90441693816331,2.0761766775265325,0.3250788575655128,,,,,,,,,
forward,F_hard_050,hard,Oracle simulator,0.2455265936587794,0.2455265936587794,280.34567853702436,280.34567853702436,0.0,0.0,0.0,1.0,,,,,,,,,
forward,F_hard_051,hard,Random baseline,0.3972239545087054,0.01761190494316658,353.346483064902,192.4334733536707,0.37961204956553884,160.91300971123127,14.028761379760027,0.06653908294443674,,,,,,,,,
forward,F_hard_051,hard,Last-value baseline,0.3972239545087054,0.3972239545087054,353.346483064902,328.2969646833175,0.0,25.04951838158445,1.0019807352633778,0.49950530611296884,,,,,,,,,
forward,F_hard_051,hard,Curve-fit baseline,0.3972239545087054,0.3972239545087054,353.346483064902,302.04396761777593,0.0,51.30251544712604,2.0521006178850416,0.3276431956863046,,,,,,,,,
forward,F_hard_051,hard,Oracle simulator,0.3972239545087054,0.3972239545087054,353.346483064902,353.346483064902,0.0,0.0,0.0,1.0,,,,,,,,,
forward,F_hard_052,hard,Random baseline,0.2938096170935151,0.25412656710502013,317.158084446843,123.31158296830019,0.03968304998849498,193.84650147854285,8.547521058911613,0.10473922956855952,,,,,,,,,
forward,F_hard_052,hard,Last-value baseline,0.2938096170935151,0.2938096170935151,317.158084446843,320.82260859776966,0.0,3.6645241509266384,0.14658096603706552,0.8721582074193206,,,,,,,,,
forward,F_hard_052,hard,Curve-fit baseline,0.2938096170935151,0.2938096170935151,317.158084446843,275.93177170905903,0.0,41.226312737783985,1.6490525095113595,0.3774934609297188,,,,,,,,,
forward,F_hard_052,hard,Oracle simulator,0.2938096170935151,0.2938096170935151,317.158084446843,317.158084446843,0.0,0.0,0.0,1.0,,,,,,,,,
forward,F_hard_053,hard,Random baseline,0.325995339132217,0.3262443110167756,330.49323833943544,84.73719186451834,0.00024897188455857977,245.7560464749171,9.835221296687855,0.09229160832235915,,,,,,,,,
forward,F_hard_053,hard,Last-value baseline,0.325995339132217,0.325995339132217,330.49323833943544,331.9997501301244,0.0,1.5065117906889895,0.060260471627559584,0.9431644645442111,,,,,,,,,
forward,F_hard_053,hard,Curve-fit baseline,0.325995339132217,0.325995339132217,330.49323833943544,286.3920444440059,0.0,44.10119389542956,1.7640477558171823,0.3617882498214482,,,,,,,,,
forward,F_hard_053,hard,Oracle simulator,0.325995339132217,0.325995339132217,330.49323833943544,330.49323833943544,0.0,0.0,0.0,1.0,,,,,,,,,
inverse,I_easy_000,easy,Random baseline,,,,,,,2.781843640940437,0.2644212968443424,0.11965604437003671,0.5158745240416518,0.17949905957768472,0.13885496902859332,0.39621847967161505,0.040644090549091405,,,
inverse,I_easy_000,easy,Last-value baseline,,,,,,,1.7487228268317998,0.36380532450869485,0.11965604437003671,0.32,0.17949905957768472,0.135,0.2003439556299633,0.04449905957768471,,,
inverse,I_easy_000,easy,Curve-fit baseline,,,,,,,2.573962158765733,0.2798015075641847,0.11965604437003671,0.23534378980889417,0.17949905957768472,0.04431138724586132,0.11568774543885746,0.1351876723318234,,,
inverse,I_easy_000,easy,Oracle simulator,,,,,,,0.0,1.0,0.11965604437003671,0.11965604437003671,0.17949905957768472,0.17949905957768472,0.0,0.0,,,
inverse,I_easy_001,easy,Random baseline,,,,,,,3.1780123869223815,0.23934826118038935,0.0506626042775905,0.5808541949301235,0.21082319397519247,0.19454794547772192,0.530191590652533,0.016275248497470557,,,
inverse,I_easy_001,easy,Last-value baseline,,,,,,,2.5795073504843895,0.27936805322237346,0.0506626042775905,0.32,0.21082319397519247,0.135,0.2693373957224095,0.07582319397519247,,,
inverse,I_easy_001,easy,Curve-fit baseline,,,,,,,2.3818595090911643,0.29569531120727677,0.0506626042775905,0.07405855193053978,0.21082319397519247,0.05319145242606903,0.023395947652949285,0.15763174154912346,,,
inverse,I_easy_001,easy,Oracle simulator,,,,,,,0.0,1.0,0.0506626042775905,0.0506626042775905,0.21082319397519247,0.21082319397519247,0.0,0.0,,,
inverse,I_easy_002,easy,Random baseline,,,,,,,2.834680399361847,0.2607779256301037,0.07392829653135677,0.0659347910552852,0.22722587396129515,0.03190683146888257,0.007993505476071569,0.19531904249241258,,,
inverse,I_easy_002,easy,Last-value baseline,,,,,,,2.6845775044315996,0.2714015375703882,0.07392829653135677,0.32,0.22722587396129515,0.135,0.24607170346864324,0.09222587396129514,,,
inverse,I_easy_002,easy,Curve-fit baseline,,,,,,,3.082948620569772,0.24492103450972424,0.07392829653135677,0.14742108661915684,0.22722587396129515,0.04,0.07349279008780008,0.18722587396129514,,,
inverse,I_easy_002,easy,Oracle simulator,,,,,,,0.0,1.0,0.07392829653135677,0.07392829653135677,0.22722587396129515,0.22722587396129515,0.0,0.0,,,
inverse,I_easy_003,easy,Random baseline,,,,,,,3.018115706901101,0.24887287299430008,0.09986325291851446,0.5921614422125268,0.14977181670218992,0.16959062034870664,0.4922981892940123,0.019818803646516725,,,
inverse,I_easy_003,easy,Last-value baseline,,,,,,,1.4340078811189028,0.4108450131806083,0.09986325291851446,0.32,0.14977181670218992,0.135,0.22013674708148556,0.01477181670218991,,,
inverse,I_easy_003,easy,Curve-fit baseline,,,,,,,1.7426035974767724,0.3646170379562004,0.09986325291851446,0.13588106411012893,0.14977181670218992,0.04179649145333257,0.03601781119161447,0.10797532524885735,,,
inverse,I_easy_003,easy,Oracle simulator,,,,,,,0.0,1.0,0.09986325291851446,0.09986325291851446,0.14977181670218992,0.14977181670218992,0.0,0.0,,,
inverse,I_easy_004,easy,Random baseline,,,,,,,0.7142565896017227,0.5833432439844565,0.05125426589373814,0.1705890252939638,0.16066904269989699,0.15707904341675305,0.11933475940022567,0.0035899992831439353,,,
inverse,I_easy_004,easy,Last-value baseline,,,,,,,1.8597324661444274,0.3496830601598997,0.05125426589373814,0.32,0.16066904269989699,0.135,0.26874573410626185,0.025669042699896977,,,
inverse,I_easy_004,easy,Curve-fit baseline,,,,,,,0.43402458683865164,0.6973381134311851,0.05125426589373814,0.07,0.16066904269989699,0.1375773293291821,0.018745734106261867,0.02309171337071489,,,
inverse,I_easy_004,easy,Oracle simulator,,,,,,,0.0,1.0,0.05125426589373814,0.05125426589373814,0.16066904269989699,0.16066904269989699,0.0,0.0,,,
inverse,I_easy_005,easy,Random baseline,,,,,,,0.8542096959661891,0.5393133269529805,0.11714128522191018,0.0755847424596914,0.21349118870815195,0.16985738773138156,0.041556542762218776,0.04363380097677039,,,
inverse,I_easy_005,easy,Last-value baseline,,,,,,,2.248295555709019,0.3078537598718371,0.11714128522191018,0.32,0.21349118870815195,0.135,0.2028587147780898,0.07849118870815194,,,
inverse,I_easy_005,easy,Curve-fit baseline,,,,,,,2.88818850656905,0.2571891764791011,0.11714128522191018,0.31101957520597634,0.21349118870815195,0.08671510601989973,0.19387828998406614,0.12677608268825222,,,
inverse,I_easy_005,easy,Oracle simulator,,,,,,,0.0,1.0,0.11714128522191018,0.11714128522191018,0.21349118870815195,0.21349118870815195,0.0,0.0,,,
inverse,I_easy_006,easy,Random baseline,,,,,,,2.998974579133878,0.2500641052378447,0.08465805464903182,0.29005926513036184,0.19756069441133992,0.06751072239248564,0.20540121048133003,0.13004997201885427,,,
inverse,I_easy_006,easy,Last-value baseline,,,,,,,2.2011794578261075,0.31238486100966395,0.08465805464903182,0.32,0.19756069441133992,0.135,0.2353419453509682,0.0625606944113399,,,
inverse,I_easy_006,easy,Curve-fit baseline,,,,,,,1.135812898996395,0.4682058060750048,0.08465805464903182,0.07,0.19756069441133992,0.12375414606732685,0.014658054649031818,0.07380654834401307,,,
inverse,I_easy_006,easy,Oracle simulator,,,,,,,0.0,1.0,0.08465805464903182,0.08465805464903182,0.19756069441133992,0.19756069441133992,0.0,0.0,,,
inverse,I_easy_007,easy,Random baseline,,,,,,,1.9671039116047537,0.3370289783545705,0.121932024486086,0.23698352114577897,0.18429378940178864,0.09133876429044759,0.11505149665969297,0.09295502511134106,,,
inverse,I_easy_007,easy,Last-value baseline,,,,,,,1.80457463319809,0.35656030977492226,0.121932024486086,0.32,0.18429378940178864,0.135,0.198067975513914,0.049293789401788635,,,
inverse,I_easy_007,easy,Curve-fit baseline,,,,,,,2.4437903629446627,0.2903777218149062,0.121932024486086,0.1922096509098536,0.18429378940178864,0.040558652049349636,0.07027762642376759,0.143735137352439,,,
inverse,I_easy_007,easy,Oracle simulator,,,,,,,0.0,1.0,0.121932024486086,0.121932024486086,0.18429378940178864,0.18429378940178864,0.0,0.0,,,
inverse,I_easy_008,easy,Random baseline,,,,,,,2.4695162582518844,0.2882246185247306,0.05957775786842446,0.3927978780351673,0.22991942574268148,0.18663888995211622,0.33322012016674285,0.04328053579056526,,,
inverse,I_easy_008,easy,Last-value baseline,,,,,,,2.8027820303883297,0.26296537429937383,0.05957775786842446,0.32,0.22991942574268148,0.135,0.26042224213157555,0.09491942574268147,,,
inverse,I_easy_008,easy,Curve-fit baseline,,,,,,,2.883456998594351,0.25750252941179935,0.05957775786842446,0.11448623723115489,0.22991942574268148,0.049430733371027616,0.05490847936273043,0.18048869237165388,,,
inverse,I_easy_008,easy,Oracle simulator,,,,,,,0.0,1.0,0.05957775786842446,0.05957775786842446,0.22991942574268148,0.22991942574268148,0.0,0.0,,,
inverse,I_easy_009,easy,Random baseline,,,,,,,1.8847765501006304,0.3466472992388671,0.10727675078969992,0.04961996458364414,0.19151718349627736,0.08200490851381048,0.05765678620605578,0.10951227498246688,,,
inverse,I_easy_009,easy,Last-value baseline,,,,,,,1.9891841646072166,0.33453944117605133,0.10727675078969992,0.32,0.19151718349627736,0.135,0.21272324921030009,0.05651718349627735,,,
inverse,I_easy_009,easy,Curve-fit baseline,,,,,,,2.073894755532439,0.3253201815710138,0.10727675078969992,0.22418526352515344,0.19151718349627736,0.09180897222834966,0.11690851273545352,0.0997082112679277,,,
inverse,I_easy_009,easy,Oracle simulator,,,,,,,0.0,1.0,0.10727675078969992,0.10727675078969992,0.19151718349627736,0.19151718349627736,0.0,0.0,,,
inverse,I_easy_010,easy,Random baseline,,,,,,,1.4176199949032045,0.413629934443042,0.05648532323656494,0.20907828315226343,0.2157793889935517,0.17588769598421014,0.1525929599156985,0.03989169300934156,,,
inverse,I_easy_010,easy,Last-value baseline,,,,,,,2.6179616977999807,0.2763987248975252,0.05648532323656494,0.32,0.2157793889935517,0.135,0.2635146767634351,0.08077938899355169,,,
inverse,I_easy_010,easy,Curve-fit baseline,,,,,,,0.8904501843323803,0.528974531192502,0.05648532323656494,0.07,0.2157793889935517,0.15870358372050983,0.013514676763435068,0.057075805273041874,,,
inverse,I_easy_010,easy,Oracle simulator,,,,,,,0.0,1.0,0.05648532323656494,0.05648532323656494,0.2157793889935517,0.2157793889935517,0.0,0.0,,,
inverse,I_easy_011,easy,Random baseline,,,,,,,1.8301469052691928,0.35333854865914943,0.07193007086501423,0.21472289988115276,0.2159229546286287,0.14334321587717241,0.14279282901613854,0.07257973875145629,,,
inverse,I_easy_011,easy,Last-value baseline,,,,,,,2.534208481952553,0.2829487861586274,0.07193007086501423,0.32,0.2159229546286287,0.135,0.24806992913498577,0.0809229546286287,,,
inverse,I_easy_011,easy,Curve-fit baseline,,,,,,,2.3943941874966366,0.2946033797970587,0.07193007086501423,0.0882689771298604,0.2159229546286287,0.0546693806068599,0.016338906264846173,0.16125357402176882,,,
inverse,I_easy_011,easy,Oracle simulator,,,,,,,0.0,1.0,0.07193007086501423,0.07193007086501423,0.2159229546286287,0.2159229546286287,0.0,0.0,,,
inverse,I_easy_012,easy,Random baseline,,,,,,,2.1701454599858776,0.3154429386986094,0.13728336050350126,0.50806632324206,0.22861202732884622,0.2208952195281632,0.37078296273855876,0.007716807800683012,,,
inverse,I_easy_012,easy,Last-value baseline,,,,,,,2.3524071177735895,0.29829312636232647,0.13728336050350126,0.32,0.22861202732884622,0.135,0.18271663949649875,0.09361202732884621,,,
inverse,I_easy_012,easy,Curve-fit baseline,,,,,,,2.1360105276851487,0.3188764805385241,0.13728336050350126,0.11704659868038324,0.22861202732884622,0.08696114221098725,0.020236761823118024,0.14165088511785898,,,
inverse,I_easy_012,easy,Oracle simulator,,,,,,,0.0,1.0,0.13728336050350126,0.13728336050350126,0.22861202732884622,0.22861202732884622,0.0,0.0,,,
inverse,I_easy_013,easy,Random baseline,,,,,,,3.3077351528830885,0.23214054822537505,0.05763304321121868,0.4852588889517968,0.17077342446910945,0.10553090377751807,0.4276258457405781,0.06524252069159138,,,
inverse,I_easy_013,easy,Last-value baseline,,,,,,,1.9686431253693961,0.3368542319735948,0.05763304321121868,0.32,0.17077342446910945,0.135,0.2623669567887813,0.035773424469109444,,,
inverse,I_easy_013,easy,Curve-fit baseline,,,,,,,2.196699251912836,0.3128226715108159,0.05763304321121868,0.11910566373212139,0.17077342446910945,0.0409104959266731,0.06147262052090271,0.12986292854243636,,,
inverse,I_easy_013,easy,Oracle simulator,,,,,,,0.0,1.0,0.05763304321121868,0.05763304321121868,0.17077342446910945,0.17077342446910945,0.0,0.0,,,
inverse,I_easy_014,easy,Random baseline,,,,,,,1.9020981840855602,0.34457827977143235,0.12088308526064054,0.4296033154214846,0.1566661410458211,0.16975514664703764,0.30872023016084404,0.013089005601216536,,,
inverse,I_easy_014,easy,Last-value baseline,,,,,,,1.4157213825399175,0.4139550228050672,0.12088308526064054,0.32,0.1566661410458211,0.135,0.19911691473935947,0.021666141045821097,,,
inverse,I_easy_014,easy,Curve-fit baseline,,,,,,,1.4898179344043836,0.4016357927951149,0.12088308526064054,0.1017257381766549,0.1566661410458211,0.05982896505906422,0.019157347083985643,0.0968371759867569,,,
inverse,I_easy_014,easy,Oracle simulator,,,,,,,0.0,1.0,0.12088308526064054,0.12088308526064054,0.1566661410458211,0.1566661410458211,0.0,0.0,,,
inverse,I_easy_015,easy,Random baseline,,,,,,,3.20421612148319,0.2378564686268349,0.05083338036390111,0.39823975001180595,0.1569489777330217,0.24614162915154866,0.34740636964790483,0.08919265141852697,,,
inverse,I_easy_015,easy,Last-value baseline,,,,,,,1.8089269338468907,0.3560078362844692,0.05083338036390111,0.32,0.1569489777330217,0.135,0.2691666196360989,0.02194897773302168,,,
inverse,I_easy_015,easy,Curve-fit baseline,,,,,,,1.1152717598423456,0.47275249402210695,0.05083338036390111,0.07,0.1569489777330217,0.22756431550794742,0.0191666196360989,0.07061533777492573,,,
inverse,I_easy_015,easy,Oracle simulator,,,,,,,0.0,1.0,0.05083338036390111,0.05083338036390111,0.1569489777330217,0.1569489777330217,0.0,0.0,,,
inverse,I_easy_016,easy,Random baseline,,,,,,,3.1003918878078154,0.24387912847389526,0.12923422701149231,0.29019360977162345,0.1882580371800238,0.03382592055130547,0.16095938276013114,0.1544321166287183,,,
inverse,I_easy_016,easy,Last-value baseline,,,,,,,1.820638952507922,0.3545296001499474,0.12923422701149231,0.32,0.1882580371800238,0.135,0.1907657729885077,0.05325803718002378,,,
inverse,I_easy_016,easy,Curve-fit baseline,,,,,,,2.137881120820034,0.31868638788287373,0.12923422701149231,0.13651498396339723,0.1882580371800238,0.041437764203917746,0.007280756951904915,0.14682027297610606,,,
inverse,I_easy_016,easy,Oracle simulator,,,,,,,0.0,1.0,0.12923422701149231,0.12923422701149231,0.1882580371800238,0.1882580371800238,0.0,0.0,,,
inverse,I_easy_017,easy,Random baseline,,,,,,,1.2674878338808448,0.44101669921133935,0.12182876922364999,0.33831688901079293,0.14898762294446566,0.14445329893447323,0.21648811978714294,0.00453432400999243,,,
inverse,I_easy_017,easy,Last-value baseline,,,,,,,1.3007744670117711,0.43463625589464777,0.12182876922364999,0.32,0.14898762294446566,0.135,0.19817123077635002,0.01398762294446565,,,
inverse,I_easy_017,easy,Curve-fit baseline,,,,,,,0.2922946660269872,0.7738173237798668,0.12182876922364999,0.07,0.14898762294446566,0.14929261709049088,0.051828769223649984,0.00030499414602522257,,,
inverse,I_easy_017,easy,Oracle simulator,,,,,,,0.0,1.0,0.12182876922364999,0.12182876922364999,0.14898762294446566,0.14898762294446566,0.0,0.0,,,
inverse,I_medium_018,medium,Random baseline,,,,,,,0.4663259723696953,0.681976599230472,0.21480397476568594,0.22633630713980532,0.11423186032515692,0.0860738381825469,0.01153233237411938,0.028158022142610026,,,
inverse,I_medium_018,medium,Last-value baseline,,,,,,,0.8811100720534715,0.5316010024380831,0.21480397476568594,0.32,0.11423186032515692,0.135,0.10519602523431407,0.02076813967484309,,,
inverse,I_medium_018,medium,Curve-fit baseline,,,,,,,2.0309227935839598,0.32993252157952035,0.21480397476568594,0.3894881510603952,0.11423186032515692,0.04,0.17468417629470925,0.07423186032515691,,,
inverse,I_medium_018,medium,Oracle simulator,,,,,,,0.0,1.0,0.21480397476568594,0.21480397476568594,0.11423186032515692,0.11423186032515692,0.0,0.0,,,
inverse,I_medium_019,medium,Random baseline,,,,,,,3.2889655413896763,0.23315645470912036,0.19738910560327708,0.5765348875360634,0.09025476849012813,0.1730367745246552,0.37914578193278636,0.08278200603452708,,,
inverse,I_medium_019,medium,Last-value baseline,,,,,,,1.3203892285355192,0.43096217983701635,0.19738910560327708,0.32,0.09025476849012813,0.135,0.12261089439672293,0.04474523150987188,,,
inverse,I_medium_019,medium,Curve-fit baseline,,,,,,,0.679806713410438,0.5953065861784442,0.19738910560327708,0.2001277423175878,0.09025476849012813,0.04373332394029608,0.0027386367143107104,0.04652144454983205,,,
inverse,I_medium_019,medium,Oracle simulator,,,,,,,0.0,1.0,0.19738910560327708,0.19738910560327708,0.09025476849012813,0.09025476849012813,0.0,0.0,,,
inverse,I_medium_020,medium,Random baseline,,,,,,,0.3928139641159326,0.7179709751364639,0.32064778414371875,0.2667045423407581,0.1299694895138294,0.13648853963412663,0.05394324180296067,0.006519050120297243,,,
inverse,I_medium_020,medium,Last-value baseline,,,,,,,0.0754632363151606,0.9298318773092431,0.32064778414371875,0.32,0.1299694895138294,0.135,0.0006477841437187437,0.00503051048617062,,,
inverse,I_medium_020,medium,Curve-fit baseline,,,,,,,2.364936122384037,0.29718246160688067,0.32064778414371875,0.6,0.1299694895138294,0.07306093377994508,0.2793522158562812,0.056908555733884314,,,
inverse,I_medium_020,medium,Oracle simulator,,,,,,,0.0,1.0,0.32064778414371875,0.32064778414371875,0.1299694895138294,0.1299694895138294,0.0,0.0,,,
inverse,I_medium_021,medium,Random baseline,,,,,,,2.1225267094002858,0.3202534655634893,0.26984093999798425,0.55483870184309,0.10551543091167812,0.14325983762993474,0.2849977618451058,0.03774440671825663,,,
inverse,I_medium_021,medium,Last-value baseline,,,,,,,0.699869574288813,0.588280427584203,0.26984093999798425,0.32,0.10551543091167812,0.135,0.050159060002015754,0.029484569088321894,,,
inverse,I_medium_021,medium,Curve-fit baseline,,,,,,,2.3228608250339478,0.30094549626218053,0.26984093999798425,0.6,0.10551543091167812,0.07131036316008568,0.3301590600020157,0.03420506775159243,,,
inverse,I_medium_021,medium,Oracle simulator,,,,,,,0.0,1.0,0.26984093999798425,0.26984093999798425,0.10551543091167812,0.10551543091167812,0.0,0.0,,,
inverse,I_medium_022,medium,Random baseline,,,,,,,0.8053934684427432,0.5538958778124738,0.3098552712863213,0.3356667152736837,0.08410851040064607,0.13044826941877494,0.025811443987362404,0.04633975901812887,,,
inverse,I_medium_022,medium,Last-value baseline,,,,,,,0.7833808839556523,0.5607327122302311,0.3098552712863213,0.32,0.08410851040064607,0.135,0.010144728713678719,0.05089148959935394,,,
inverse,I_medium_022,medium,Curve-fit baseline,,,,,,,2.242036736672524,0.30844807792843015,0.3098552712863213,0.6,0.08410851040064607,0.04,0.2901447287136787,0.04410851040064607,,,
inverse,I_medium_022,medium,Oracle simulator,,,,,,,0.0,1.0,0.3098552712863213,0.3098552712863213,0.08410851040064607,0.08410851040064607,0.0,0.0,,,
inverse,I_medium_023,medium,Random baseline,,,,,,,1.614127603567574,0.38253679684008984,0.2954192045980395,0.542876460926447,0.1103342883512651,0.0935787335625823,0.24745725632840754,0.016755554788682805,,,
inverse,I_medium_023,medium,Last-value baseline,,,,,,,0.48892728372297767,0.6716244714782559,0.2954192045980395,0.32,0.1103342883512651,0.135,0.02458079540196051,0.024665711648734906,,,
inverse,I_medium_023,medium,Curve-fit baseline,,,,,,,2.0274563351699078,0.3303102965955338,0.2954192045980395,0.6,0.1103342883512651,0.08686043199013396,0.3045807954019605,0.02347385636113114,,,
inverse,I_medium_023,medium,Oracle simulator,,,,,,,0.0,1.0,0.2954192045980395,0.2954192045980395,0.1103342883512651,0.1103342883512651,0.0,0.0,,,
inverse,I_medium_024,medium,Random baseline,,,,,,,2.8290093133997196,0.2611641597476594,0.19095286334866413,0.5568027562922302,0.14122111694588949,0.08546542337485147,0.36584989294356607,0.05575569357103802,,,
inverse,I_medium_024,medium,Last-value baseline,,,,,,,0.8058016361788585,0.5537706799934218,0.19095286334866413,0.32,0.14122111694588949,0.135,0.12904713665133588,0.006221116945889477,,,
inverse,I_medium_024,medium,Curve-fit baseline,,,,,,,2.63362274897094,0.27520743596269176,0.19095286334866413,0.42581399188309466,0.14122111694588949,0.048202407836868896,0.23486112853443053,0.09301870910902059,,,
inverse,I_medium_024,medium,Oracle simulator,,,,,,,0.0,1.0,0.19095286334866413,0.19095286334866413,0.14122111694588949,0.14122111694588949,0.0,0.0,,,
inverse,I_medium_025,medium,Random baseline,,,,,,,3.5388564234898157,0.22031981333992592,0.2177954127541339,0.4754163070209297,0.08545666579561045,0.2329907121139214,0.2576208942667958,0.14753404631831094,,,
inverse,I_medium_025,medium,Last-value baseline,,,,,,,1.275565179682599,0.4394512664055979,0.2177954127541339,0.32,0.08545666579561045,0.135,0.10220458724586612,0.049543334204389555,,,
inverse,I_medium_025,medium,Curve-fit baseline,,,,,,,2.7243458138462344,0.26850353054816695,0.2177954127541339,0.5912890900577434,0.08545666579561045,0.04,0.37349367730360955,0.04545666579561045,,,
inverse,I_medium_025,medium,Oracle simulator,,,,,,,0.0,1.0,0.2177954127541339,0.2177954127541339,0.08545666579561045,0.08545666579561045,0.0,0.0,,,
inverse,I_medium_026,medium,Random baseline,,,,,,,1.2637857621204458,0.4417379138666014,0.22715090576044955,0.4462375596409027,0.11520623285045645,0.11847087080093364,0.21908665388045317,0.0032646379504771977,,,
inverse,I_medium_026,medium,Last-value baseline,,,,,,,0.7985964034671724,0.5559891024313681,0.22715090576044955,0.32,0.11520623285045645,0.135,0.09284909423955046,0.019793767149543562,,,
inverse,I_medium_026,medium,Curve-fit baseline,,,,,,,2.957300110245313,0.25269753926699534,0.22715090576044955,0.5660774697034322,0.11520623285045645,0.04,0.33892656394298265,0.07520623285045644,,,
inverse,I_medium_026,medium,Oracle simulator,,,,,,,0.0,1.0,0.22715090576044955,0.22715090576044955,0.11520623285045645,0.11520623285045645,0.0,0.0,,,
inverse,I_medium_027,medium,Random baseline,,,,,,,1.724503910864489,0.36703929695689025,0.31685363561341856,0.47590359622071754,0.12073875471733826,0.06187624341521807,0.15904996060729898,0.05886251130212019,,,
inverse,I_medium_027,medium,Last-value baseline,,,,,,,0.22121187761427105,0.8188587241335835,0.31685363561341856,0.32,0.12073875471733826,0.135,0.003146364386581446,0.014261245282661747,,,
inverse,I_medium_027,medium,Curve-fit baseline,,,,,,,2.6584520979066983,0.2733396456310532,0.31685363561341856,0.6,0.12073875471733826,0.0447595829030955,0.2831463643865814,0.07597917181424277,,,
inverse,I_medium_027,medium,Oracle simulator,,,,,,,0.0,1.0,0.31685363561341856,0.31685363561341856,0.12073875471733826,0.12073875471733826,0.0,0.0,,,
inverse,I_medium_028,medium,Random baseline,,,,,,,2.413079366269961,0.2929905497899002,0.3003765718970161,0.46903806547053734,0.1056858314336181,0.2090108062383682,0.16866149357352123,0.10332497480475011,,,
inverse,I_medium_028,medium,Last-value baseline,,,,,,,0.5277928816791759,0.6545389836486958,0.3003765718970161,0.32,0.1056858314336181,0.135,0.019623428102983898,0.029314168566381915,,,
inverse,I_medium_028,medium,Curve-fit baseline,,,,,,,1.6658932028124762,0.3751087999117952,0.3003765718970161,0.6,0.1056858314336181,0.10577813359044214,0.29962342810298387,9.23021568240423e-05,,,
inverse,I_medium_028,medium,Oracle simulator,,,,,,,0.0,1.0,0.3003765718970161,0.3003765718970161,0.1056858314336181,0.1056858314336181,0.0,0.0,,,
inverse,I_medium_029,medium,Random baseline,,,,,,,0.756604664716312,0.5692800549186164,0.24603038453316958,0.310000014486121,0.10374128501716491,0.1318265332322701,0.06396962995295144,0.028085248215105177,,,
inverse,I_medium_029,medium,Last-value baseline,,,,,,,0.8574953793324165,0.53835934728376,0.24603038453316958,0.32,0.10374128501716491,0.135,0.07396961546683042,0.0312587149828351,,,
inverse,I_medium_029,medium,Curve-fit baseline,,,,,,,2.25977016113031,0.30677009438397174,0.24603038453316958,0.48888285206391563,0.10374128501716491,0.04,0.24285246753074605,0.06374128501716492,,,
inverse,I_medium_029,medium,Oracle simulator,,,,,,,0.0,1.0,0.24603038453316958,0.24603038453316958,0.10374128501716491,0.10374128501716491,0.0,0.0,,,
inverse,I_medium_030,medium,Random baseline,,,,,,,1.865564416344741,0.348971390870208,0.21549997671151197,0.46547945823987813,0.08018209586632315,0.11355736219386818,0.24997948152836616,0.03337526632754503,,,
inverse,I_medium_030,medium,Last-value baseline,,,,,,,1.3636686011314283,0.4230711528347609,0.21549997671151197,0.32,0.08018209586632315,0.135,0.10450002328848804,0.05481790413367686,,,
inverse,I_medium_030,medium,Curve-fit baseline,,,,,,,2.571483185434417,0.2799957183274167,0.21549997671151197,0.6,0.08018209586632315,0.049706059720325976,0.384500023288488,0.03047603614599717,,,
inverse,I_medium_030,medium,Oracle simulator,,,,,,,0.0,1.0,0.21549997671151197,0.21549997671151197,0.08018209586632315,0.08018209586632315,0.0,0.0,,,
inverse,I_medium_031,medium,Random baseline,,,,,,,1.320474354796154,0.4309463700527932,0.21658262967338288,0.2596094197973577,0.10213293072075011,0.02643236648878732,0.04302679012397481,0.0757005642319628,,,
inverse,I_medium_031,medium,Last-value baseline,,,,,,,1.0440705073911256,0.48921991505875856,0.21658262967338288,0.32,0.10213293072075011,0.135,0.10341737032661713,0.0328670692792499,,,
inverse,I_medium_031,medium,Curve-fit baseline,,,,,,,2.231611136230737,0.30944317179398406,0.21658262967338288,0.4585022409129867,0.10213293072075011,0.04,0.24191961123960382,0.06213293072075011,,,
inverse,I_medium_031,medium,Oracle simulator,,,,,,,0.0,1.0,0.21658262967338288,0.21658262967338288,0.10213293072075011,0.10213293072075011,0.0,0.0,,,
inverse,I_medium_032,medium,Random baseline,,,,,,,1.7590570768518372,0.36244266506477224,0.27560543534223886,0.14756900563057532,0.1252321563612401,0.19857420685299956,0.12803642971166354,0.07334205049175946,,,
inverse,I_medium_032,medium,Last-value baseline,,,,,,,0.386177093731751,0.7214085447826027,0.27560543534223886,0.32,0.1252321563612401,0.135,0.04439456465776115,0.009767843638759904,,,
inverse,I_medium_032,medium,Curve-fit baseline,,,,,,,1.9431239249195797,0.33977502324416214,0.27560543534223886,0.6,0.1252321563612401,0.11536692342822108,0.3243945646577611,0.009865232933019025,,,
inverse,I_medium_032,medium,Oracle simulator,,,,,,,0.0,1.0,0.27560543534223886,0.27560543534223886,0.1252321563612401,0.1252321563612401,0.0,0.0,,,
inverse,I_medium_033,medium,Random baseline,,,,,,,2.0995660705598134,0.3226258054306904,0.21181387768866772,0.21121804672873273,0.0794275120724665,0.2261654249716787,0.0005958309599349843,0.14673791289921223,,,
inverse,I_medium_033,medium,Last-value baseline,,,,,,,1.394926697519785,0.4175493141546303,0.21181387768866772,0.32,0.0794275120724665,0.135,0.10818612231133229,0.05557248792753351,,,
inverse,I_medium_033,medium,Curve-fit baseline,,,,,,,2.719839740860097,0.26882878555643935,0.21181387768866772,0.6,0.0794275120724665,0.04,0.38818612231133226,0.039427512072466496,,,
inverse,I_medium_033,medium,Oracle simulator,,,,,,,0.0,1.0,0.21181387768866772,0.21181387768866772,0.0794275120724665,0.0794275120724665,0.0,0.0,,,
inverse,I_medium_034,medium,Random baseline,,,,,,,1.665712716719928,0.37513419721779595,0.31598958978766106,0.06859572540253653,0.1296854383167492,0.1500766034484846,0.24739386438512453,0.020391165131735417,,,
inverse,I_medium_034,medium,Last-value baseline,,,,,,,0.09820236649594223,0.9105789884524847,0.31598958978766106,0.32,0.1296854383167492,0.135,0.004010410212338944,0.0053145616832508125,,,
inverse,I_medium_034,medium,Curve-fit baseline,,,,,,,2.148490463845828,0.31761252304334975,0.31598958978766106,0.6,0.1296854383167492,0.08973959870789523,0.2840104102123389,0.039945839608853964,,,
inverse,I_medium_034,medium,Oracle simulator,,,,,,,0.0,1.0,0.31598958978766106,0.31598958978766106,0.1296854383167492,0.1296854383167492,0.0,0.0,,,
inverse,I_medium_035,medium,Random baseline,,,,,,,0.3913318465976667,0.7187357943724056,0.3115726273190032,0.35943808100967906,0.09641610364781851,0.08763721748791134,0.04786545369067585,0.00877888615990717,,,
inverse,I_medium_035,medium,Last-value baseline,,,,,,,0.5980172564335273,0.625775470179722,0.3115726273190032,0.32,0.09641610364781851,0.135,0.008427372680996803,0.0385838963521815,,,
inverse,I_medium_035,medium,Curve-fit baseline,,,,,,,2.0910105627564994,0.3235187909251985,0.3115726273190032,0.6,0.09641610364781851,0.062211564741917864,0.2884273726809968,0.034204538905900646,,,
inverse,I_medium_035,medium,Oracle simulator,,,,,,,0.0,1.0,0.3115726273190032,0.3115726273190032,0.09641610364781851,0.09641610364781851,0.0,0.0,,,
inverse,I_hard_036,hard,Random baseline,,,,,,,3.0755496696654676,0.24536567605666865,0.3601249884369678,0.06706692311490052,0.048757011355026504,0.1500784628285831,0.29305806532206724,0.10132145147355659,,,
inverse,I_hard_036,hard,Last-value baseline,,,,,,,1.4549592973557917,0.4073387290278452,0.3601249884369678,0.32,0.048757011355026504,0.135,0.04012498843696777,0.08624298864497351,,,
inverse,I_hard_036,hard,Curve-fit baseline,,,,,,,1.5552296343234275,0.39135425895480414,0.3601249884369678,0.6,0.048757011355026504,0.06433835903870946,0.2398750115630322,0.01558134768368296,,,
inverse,I_hard_036,hard,Oracle simulator,,,,,,,0.0,1.0,0.3601249884369678,0.3601249884369678,0.048757011355026504,0.048757011355026504,0.0,0.0,,,
inverse,I_hard_037,hard,Random baseline,,,,,,,0.7187049344042145,0.5818334374810229,0.4015166862063622,0.3765069813406401,0.07177864834067467,0.031195299269049376,0.025009704865722127,0.040583349071625294,,,
inverse,I_hard_037,hard,Last-value baseline,,,,,,,1.356032645486025,0.4244423361093583,0.4015166862063622,0.32,0.07177864834067467,0.135,0.08151668620636221,0.06322135165932534,,,
inverse,I_hard_037,hard,Curve-fit baseline,,,,,,,1.5472417454245018,0.3925815057782623,0.4015166862063622,0.6,0.07177864834067467,0.10289761515619733,0.19848331379363776,0.03111896681552266,,,
inverse,I_hard_037,hard,Oracle simulator,,,,,,,0.0,1.0,0.4015166862063622,0.4015166862063622,0.07177864834067467,0.07177864834067467,0.0,0.0,,,
inverse,I_hard_038,hard,Random baseline,,,,,,,1.7202487556151564,0.3676134390047208,0.4140245285380793,0.1836433028630371,0.02734034997057271,0.05816506399000614,0.2303812256750422,0.030824714019433434,,,
inverse,I_hard_038,hard,Last-value baseline,,,,,,,2.060353492298608,0.32675963823019266,0.4140245285380793,0.32,0.02734034997057271,0.135,0.0940245285380793,0.1076596500294273,,,
inverse,I_hard_038,hard,Curve-fit baseline,,,,,,,1.2149708280651492,0.45147321460370354,0.4140245285380793,0.6,0.02734034997057271,0.040064513477719554,0.18597547146192067,0.012724163507146845,,,
inverse,I_hard_038,hard,Oracle simulator,,,,,,,0.0,1.0,0.4140245285380793,0.4140245285380793,0.02734034997057271,0.02734034997057271,0.0,0.0,,,
inverse,I_hard_039,hard,Random baseline,,,,,,,0.7410120670031531,0.5743785577094388,0.39313162319346073,0.475083869799489,0.029862125988537092,0.049862652554191256,0.08195224660602829,0.020000526565654164,,,
inverse,I_hard_039,hard,Last-value baseline,,,,,,,1.9082564242544107,0.3438486344120669,0.39313162319346073,0.32,0.029862125988537092,0.135,0.07313162319346073,0.10513787401146292,,,
inverse,I_hard_039,hard,Curve-fit baseline,,,,,,,1.2940955316286564,0.4359016380150769,0.39313162319346073,0.6,0.029862125988537092,0.04,0.20686837680653924,0.010137874011462909,,,
inverse,I_hard_039,hard,Oracle simulator,,,,,,,0.0,1.0,0.39313162319346073,0.39313162319346073,0.029862125988537092,0.029862125988537092,0.0,0.0,,,
inverse,I_hard_040,hard,Random baseline,,,,,,,2.408989307755291,0.2933420758243644,0.4226576695029757,0.32447868967907295,0.06831555716747692,0.19876409433438513,0.09817897982390272,0.1304485371669082,,,
inverse,I_hard_040,hard,Last-value baseline,,,,,,,1.522955283735115,0.39636057224111704,0.4226576695029757,0.32,0.06831555716747692,0.135,0.10265766950297567,0.06668444283252309,,,
inverse,I_hard_040,hard,Curve-fit baseline,,,,,,,1.3884461552724763,0.4186822456903656,0.4226576695029757,0.6,0.06831555716747692,0.09654032617659637,0.1773423304970243,0.028224769009119452,,,
inverse,I_hard_040,hard,Oracle simulator,,,,,,,0.0,1.0,0.4226576695029757,0.4226576695029757,0.06831555716747692,0.06831555716747692,0.0,0.0,,,
inverse,I_hard_041,hard,Random baseline,,,,,,,2.6528257436356553,0.2737606637114588,0.5475769981886789,0.1202610075417089,0.05645728441026615,0.07597664565760702,0.42731599064697,0.01951936124734087,,,
inverse,I_hard_041,hard,Last-value baseline,,,,,,,2.3863554507428266,0.2953027272375206,0.5475769981886789,0.32,0.05645728441026615,0.135,0.22757699818867888,0.07854271558973386,,,
inverse,I_hard_041,hard,Curve-fit baseline,,,,,,,0.37738822403120065,0.726011724619876,0.5475769981886789,0.6,0.05645728441026615,0.050426831654706974,0.05242300181132109,0.006030452755559176,,,
inverse,I_hard_041,hard,Oracle simulator,,,,,,,0.0,1.0,0.5475769981886789,0.5475769981886789,0.05645728441026615,0.05645728441026615,0.0,0.0,,,
inverse,I_hard_042,hard,Random baseline,,,,,,,2.4958332239851466,0.28605483612288274,0.5287126249835834,0.47295581048588337,0.06935193008377333,0.22237705012473916,0.055756814497700036,0.15302512004096583,,,
inverse,I_hard_042,hard,Last-value baseline,,,,,,,2.09734415347394,0.32285724493302215,0.5287126249835834,0.32,0.06935193008377333,0.135,0.2087126249835834,0.06564806991622668,,,
inverse,I_hard_042,hard,Curve-fit baseline,,,,,,,0.7228691086052026,0.5804271462093706,0.5287126249835834,0.6,0.06935193008377333,0.04647396054334892,0.07128737501641658,0.022877969540424405,,,
inverse,I_hard_042,hard,Oracle simulator,,,,,,,0.0,1.0,0.5287126249835834,0.5287126249835834,0.06935193008377333,0.06935193008377333,0.0,0.0,,,
inverse,I_hard_043,hard,Random baseline,,,,,,,2.585240017239513,0.27892135399346535,0.372946678213135,0.2825697813389281,0.0578820818263412,0.2037023120264711,0.09037689687420686,0.1458202302001299,,,
inverse,I_hard_043,hard,Last-value baseline,,,,,,,1.3958327576331775,0.41739140464374125,0.372946678213135,0.32,0.0578820818263412,0.135,0.05294667821313498,0.07711791817365882,,,
inverse,I_hard_043,hard,Curve-fit baseline,,,,,,,1.3626649810190463,0.4232508663029694,0.372946678213135,0.6,0.0578820818263412,0.05079404718323324,0.227053321786865,0.007088034643107956,,,
inverse,I_hard_043,hard,Oracle simulator,,,,,,,0.0,1.0,0.372946678213135,0.372946678213135,0.0578820818263412,0.0578820818263412,0.0,0.0,,,
inverse,I_hard_044,hard,Random baseline,,,,,,,2.09210491594456,0.3234042916343041,0.44490268412190725,0.5814323044799585,0.035832774844101446,0.12918526659875626,0.13652962035805127,0.09335249175465482,,,
inverse,I_hard_044,hard,Last-value baseline,,,,,,,2.1105784457615275,0.32148361387979124,0.44490268412190725,0.32,0.035832774844101446,0.135,0.12490268412190725,0.09916722515589857,,,
inverse,I_hard_044,hard,Curve-fit baseline,,,,,,,0.9211835428197008,0.5205124745823663,0.44490268412190725,0.6,0.035832774844101446,0.04,0.15509731587809272,0.004167225155898555,,,
inverse,I_hard_044,hard,Oracle simulator,,,,,,,0.0,1.0,0.44490268412190725,0.44490268412190725,0.035832774844101446,0.035832774844101446,0.0,0.0,,,
inverse,I_hard_045,hard,Random baseline,,,,,,,1.860247063216171,0.3496201474552208,0.3686951961118507,0.0894716597434746,0.06506650267960623,0.08669686629481416,0.2792235363683761,0.021630363615207926,,,
inverse,I_hard_045,hard,Last-value baseline,,,,,,,1.2695788290079704,0.4406103842786983,0.3686951961118507,0.32,0.06506650267960623,0.135,0.04869519611185069,0.06993349732039378,,,
inverse,I_hard_045,hard,Curve-fit baseline,,,,,,,1.6431195836904422,0.3783408084032865,0.3686951961118507,0.6,0.06506650267960623,0.04,0.23130480388814928,0.02506650267960623,,,
inverse,I_hard_045,hard,Oracle simulator,,,,,,,0.0,1.0,0.3686951961118507,0.3686951961118507,0.06506650267960623,0.06506650267960623,0.0,0.0,,,
inverse,I_hard_046,hard,Random baseline,,,,,,,3.915414212386295,0.20344165451613652,0.5497605160898316,0.10344862387727799,0.07095416089611004,0.1714674199027132,0.4463118922125536,0.10051325900660316,,,
inverse,I_hard_046,hard,Last-value baseline,,,,,,,2.191387870237175,0.31334329785670423,0.5497605160898316,0.32,0.07095416089611004,0.135,0.22976051608983156,0.06404583910388997,,,
inverse,I_hard_046,hard,Curve-fit baseline,,,,,,,0.7213105424612376,0.5809526958279925,0.5497605160898316,0.6,0.07095416089611004,0.04,0.050239483910168414,0.030954160896110035,,,
inverse,I_hard_046,hard,Oracle simulator,,,,,,,0.0,1.0,0.5497605160898316,0.5497605160898316,0.07095416089611004,0.07095416089611004,0.0,0.0,,,
inverse,I_hard_047,hard,Random baseline,,,,,,,3.0672587462087155,0.24586584291745575,0.40168808098118747,0.29244863427119033,0.03181592410144332,0.20404202928216564,0.10923944670999713,0.17222610518072232,,,
inverse,I_hard_047,hard,Last-value baseline,,,,,,,1.9278808992399463,0.34154394745346084,0.40168808098118747,0.32,0.03181592410144332,0.135,0.08168808098118746,0.10318407589855669,,,
inverse,I_hard_047,hard,Curve-fit baseline,,,,,,,1.2186482534172285,0.450724894520693,0.40168808098118747,0.6,0.03181592410144332,0.04,0.1983119190188125,0.00818407589855668,,,
inverse,I_hard_047,hard,Oracle simulator,,,,,,,0.0,1.0,0.40168808098118747,0.40168808098118747,0.03181592410144332,0.03181592410144332,0.0,0.0,,,
inverse,I_hard_048,hard,Random baseline,,,,,,,0.8420573309553754,0.5428712685513182,0.48825521765442337,0.5722065913842656,0.05718552432177295,0.030889267605390854,0.08395137372984218,0.026296256716382096,,,
inverse,I_hard_048,hard,Last-value baseline,,,,,,,2.046386576023056,0.3282577489904327,0.48825521765442337,0.32,0.05718552432177295,0.135,0.16825521765442336,0.07781447567822705,,,
inverse,I_hard_048,hard,Curve-fit baseline,,,,,,,0.8663118366753566,0.5358161376618591,0.48825521765442337,0.6,0.05718552432177295,0.04,0.11174478234557661,0.01718552432177295,,,
inverse,I_hard_048,hard,Oracle simulator,,,,,,,0.0,1.0,0.48825521765442337,0.48825521765442337,0.05718552432177295,0.05718552432177295,0.0,0.0,,,
inverse,I_hard_049,hard,Random baseline,,,,,,,2.7904892516373216,0.2638181864169763,0.4696920084462678,0.3042482715458573,0.02686327873284061,0.15785829533062684,0.16544373690041048,0.13099501659778623,,,
inverse,I_hard_049,hard,Last-value baseline,,,,,,,2.3764325729624947,0.2961705819354172,0.4696920084462678,0.32,0.02686327873284061,0.135,0.1496920084462678,0.1081367212671594,,,
inverse,I_hard_049,hard,Curve-fit baseline,,,,,,,1.2822234254914744,0.43816919449271324,0.4696920084462678,0.6,0.02686327873284061,0.0659435884685702,0.13030799155373218,0.03908030973572958,,,
inverse,I_hard_049,hard,Oracle simulator,,,,,,,0.0,1.0,0.4696920084462678,0.4696920084462678,0.02686327873284061,0.02686327873284061,0.0,0.0,,,
inverse,I_hard_050,hard,Random baseline,,,,,,,2.5486184761964092,0.2817998065184655,0.4795280187719105,0.5593280045482873,0.05246041413357814,0.19983037966540246,0.07979998577637687,0.14736996553182433,,,
inverse,I_hard_050,hard,Last-value baseline,,,,,,,2.065403711903942,0.3262213052449439,0.4795280187719105,0.32,0.05246041413357814,0.135,0.15952801877191047,0.08253958586642188,,,
inverse,I_hard_050,hard,Curve-fit baseline,,,,,,,1.0584983070341896,0.4857910237685666,0.4795280187719105,0.6,0.05246041413357814,0.0797050807039366,0.1204719812280895,0.027244666570358463,,,
inverse,I_hard_050,hard,Oracle simulator,,,,,,,0.0,1.0,0.4795280187719105,0.4795280187719105,0.05246041413357814,0.05246041413357814,0.0,0.0,,,
inverse,I_hard_051,hard,Random baseline,,,,,,,1.318727766694034,0.43127098159770916,0.5068273153817354,0.2812607895976156,0.050121007909469946,0.05471163599533906,0.22556652578411984,0.004590628085869117,,,
inverse,I_hard_051,hard,Last-value baseline,,,,,,,2.250486559763245,0.30764624975801674,0.5068273153817354,0.32,0.050121007909469946,0.135,0.18682731538173541,0.08487899209053007,,,
inverse,I_hard_051,hard,Curve-fit baseline,,,,,,,0.6622118529351674,0.6016080310305691,0.5068273153817354,0.6,0.050121007909469946,0.04,0.09317268461826456,0.010121007909469945,,,
inverse,I_hard_051,hard,Oracle simulator,,,,,,,0.0,1.0,0.5068273153817354,0.5068273153817354,0.050121007909469946,0.050121007909469946,0.0,0.0,,,
inverse,I_hard_052,hard,Random baseline,,,,,,,4.5176854058096145,0.18123541420956912,0.5390614504161054,0.09866610323974835,0.06595188677349184,0.2109250079449149,0.4403953471763571,0.14497312117142305,,,
inverse,I_hard_052,hard,Last-value baseline,,,,,,,2.2034096753887975,0.312167378304066,0.5390614504161054,0.32,0.06595188677349184,0.135,0.21906145041610542,0.06904811322650817,,,
inverse,I_hard_052,hard,Curve-fit baseline,,,,,,,0.5781973369671329,0.6336343222589189,0.5390614504161054,0.6,0.06595188677349184,0.04917639802397375,0.06093854958389455,0.01677548874951809,,,
inverse,I_hard_052,hard,Oracle simulator,,,,,,,0.0,1.0,0.5390614504161054,0.5390614504161054,0.06595188677349184,0.06595188677349184,0.0,0.0,,,
inverse,I_hard_053,hard,Random baseline,,,,,,,1.2916778637071509,0.4363615043094853,0.5387053282234628,0.35501524236395127,0.06402571221715216,0.08300812928684266,0.18369008585951158,0.018982417069690505,,,
inverse,I_hard_053,hard,Last-value baseline,,,,,,,2.2289479981392866,0.30969839110950687,0.5387053282234628,0.32,0.06402571221715216,0.135,0.21870532822346284,0.07097428778284785,,,
inverse,I_hard_053,hard,Curve-fit baseline,,,,,,,0.6832681255165218,0.594082419099538,0.5387053282234628,0.6,0.06402571221715216,0.04003376023298229,0.061294671776537135,0.023991951984169868,,,
inverse,I_hard_053,hard,Oracle simulator,,,,,,,0.0,1.0,0.5387053282234628,0.5387053282234628,0.06402571221715216,0.06402571221715216,0.0,0.0,,,
rollout,R_easy_000,easy,Random baseline,,,,,,,3.672037131406291,0.21403939478087972,,,,,,,30.0,0.08751017290649737,77.47369873709673
rollout,R_easy_000,easy,Last-value baseline,,,,,,,0.4084248667132805,0.7100130249287729,,,,,,,30.0,9.934437239511595e-08,14.29481238408092
rollout,R_easy_000,easy,Curve-fit baseline,,,,,,,0.15261073092472532,0.8675956011599097,,,,,,,30.0,9.934437239511595e-08,5.341317631481489
rollout,R_easy_000,easy,Oracle simulator,,,,,,,0.0,1.0,,,,,,,30.0,0.0,0.0
rollout,R_easy_001,easy,Random baseline,,,,,,,4.964142124336676,0.16766870727635766,,,,,,,30.0,0.15017961255125237,86.1402003635531
rollout,R_easy_001,easy,Last-value baseline,,,,,,,0.18612578931974205,0.8430809017090105,,,,,,,30.0,3.2276283042952566e-06,6.512519843013466
rollout,R_easy_001,easy,Curve-fit baseline,,,,,,,0.03226371961944137,0.9687446928471575,,,,,,,30.0,3.2276283042952566e-06,1.1273474035029423
rollout,R_easy_001,easy,Oracle simulator,,,,,,,0.0,1.0,,,,,,,30.0,0.0,0.0
rollout,R_easy_002,easy,Random baseline,,,,,,,4.743626824013532,0.17410601883449314,,,,,,,30.0,0.11718595642475009,97.66846425936939
rollout,R_easy_002,easy,Last-value baseline,,,,,,,0.2770689025275376,0.7830431059912502,,,,,,,30.0,3.5691264093464422e-06,9.695329598058363
rollout,R_easy_002,easy,Curve-fit baseline,,,,,,,0.05759848179273903,0.9455384223934364,,,,,,,30.0,3.5691264093464422e-06,2.013864872340414
rollout,R_easy_002,easy,Oracle simulator,,,,,,,0.0,1.0,,,,,,,30.0,0.0,0.0
rollout,R_easy_003,easy,Random baseline,,,,,,,4.153464855967674,0.19404420675189188,,,,,,,30.0,0.13613849036968834,65.95715057655039
rollout,R_easy_003,easy,Last-value baseline,,,,,,,0.5859578703534193,0.6305337731179185,,,,,,,30.0,3.5255190631207817e-07,20.50831980709099
rollout,R_easy_003,easy,Curve-fit baseline,,,,,,,0.20277040982367045,0.8314138690413932,,,,,,,30.0,3.5255190631207817e-07,7.096758688549784
rollout,R_easy_003,easy,Oracle simulator,,,,,,,0.0,1.0,,,,,,,30.0,0.0,0.0
rollout,R_easy_004,easy,Random baseline,,,,,,,3.312932520953791,0.23186080355805178,,,,,,,30.0,0.09561599784656953,60.17663948955046
rollout,R_easy_004,easy,Last-value baseline,,,,,,,0.3271928091307195,0.7534700256965503,,,,,,,30.0,3.582518054319935e-06,11.44965851737683
rollout,R_easy_004,easy,Curve-fit baseline,,,,,,,0.05425387502516146,0.948538130795235,,,,,,,30.0,3.582518054319935e-06,1.896795823682298
rollout,R_easy_004,easy,Oracle simulator,,,,,,,0.0,1.0,,,,,,,30.0,0.0,0.0
rollout,R_easy_005,easy,Random baseline,,,,,,,4.893888769250474,0.16966726708810456,,,,,,,30.0,0.14957888666095948,84.03175637154021
rollout,R_easy_005,easy,Last-value baseline,,,,,,,0.4969474491206586,0.6680261224850766,,,,,,,30.0,0.0,17.39316071922305
rollout,R_easy_005,easy,Curve-fit baseline,,,,,,,0.04777012019869418,0.9544078235504222,,,,,,,30.0,0.0,1.6719542069542963
rollout,R_easy_005,easy,Oracle simulator,,,,,,,0.0,1.0,,,,,,,30.0,0.0,0.0
rollout,R_easy_006,easy,Random baseline,,,,,,,4.499166015324781,0.18184575574064388,,,,,,,30.0,0.11236402385738148,91.9251299528948
rollout,R_easy_006,easy,Last-value baseline,,,,,,,0.6491961543512668,0.6063560100850243,,,,,,,30.0,4.728979475047505e-06,22.71910683093389
rollout,R_easy_006,easy,Curve-fit baseline,,,,,,,0.10135113180626217,0.9079756411199742,,,,,,,30.0,4.728979475047505e-06,3.5445310418587317
rollout,R_easy_006,easy,Oracle simulator,,,,,,,0.0,1.0,,,,,,,30.0,0.0,0.0
rollout,R_easy_007,easy,Random baseline,,,,,,,4.3508229695762175,0.18688713973267546,,,,,,,30.0,0.12562374336837825,78.99828697028032
rollout,R_easy_007,easy,Last-value baseline,,,,,,,0.8920839154643249,0.5285177849813263,,,,,,,30.0,2.3129646346357427e-18,31.22293704125137
rollout,R_easy_007,easy,Curve-fit baseline,,,,,,,0.24799826795649976,0.8012831633471914,,,,,,,30.0,2.3129646346357427e-18,8.67993937847749
rollout,R_easy_007,easy,Oracle simulator,,,,,,,0.0,1.0,,,,,,,30.0,0.0,0.0
rollout,R_easy_008,easy,Random baseline,,,,,,,4.8635483245600994,0.17054519629545697,,,,,,,30.0,0.12771525974454992,95.72362317528268
rollout,R_easy_008,easy,Last-value baseline,,,,,,,0.6028132042382208,0.6239030208609221,,,,,,,30.0,2.4256983396290604e-06,21.09704715763961
rollout,R_easy_008,easy,Curve-fit baseline,,,,,,,0.06495745461925942,0.9390046481786609,,,,,,,30.0,2.4256983396290604e-06,2.272095920975963
rollout,R_easy_008,easy,Oracle simulator,,,,,,,0.0,1.0,,,,,,,30.0,0.0,0.0
rollout,R_easy_009,easy,Random baseline,,,,,,,4.640809317477343,0.17727952563502278,,,,,,,30.0,0.12641170417863878,88.68816534083439
rollout,R_easy_009,easy,Last-value baseline,,,,,,,0.570471993068917,0.6367512470221537,,,,,,,30.0,4.334139303022409e-06,19.963991509485336
rollout,R_easy_009,easy,Curve-fit baseline,,,,,,,0.10383041936780114,0.905936258372669,,,,,,,30.0,4.334139303022409e-06,3.631536429946277
rollout,R_easy_009,easy,Oracle simulator,,,,,,,0.0,1.0,,,,,,,30.0,0.0,0.0
rollout,R_easy_010,easy,Random baseline,,,,,,,4.5514739956481804,0.18013233976848372,,,,,,,30.0,0.12633896132657174,85.60386240718611
rollout,R_easy_010,easy,Last-value baseline,,,,,,,0.3174287737232032,0.759054318491835,,,,,,,30.0,1.5990340266456664e-06,11.109074310463235
rollout,R_easy_010,easy,Curve-fit baseline,,,,,,,0.05627495156018056,0.9467231978974232,,,,,,,30.0,1.5990340266456664e-06,1.9686905347574428
rollout,R_easy_010,easy,Oracle simulator,,,,,,,0.0,1.0,,,,,,,30.0,0.0,0.0
rollout,R_easy_011,easy,Random baseline,,,,,,,4.58307601533167,0.17911273234573605,,,,,,,30.0,0.12270533660122264,88.82954751922856
rollout,R_easy_011,easy,Last-value baseline,,,,,,,0.3237417713785959,0.7554343465029144,,,,,,,30.0,4.1520964510414576e-06,11.32853994198775
rollout,R_easy_011,easy,Curve-fit baseline,,,,,,,0.09760409835766062,0.9110753153129574,,,,,,,30.0,4.1520964510414576e-06,3.413721386255014
rollout,R_easy_011,easy,Oracle simulator,,,,,,,0.0,1.0,,,,,,,30.0,0.0,0.0
rollout,R_easy_012,easy,Random baseline,,,,,,,3.4084623500129387,0.22683646146985129,,,,,,,30.0,0.09357601052719625,64.71017610958837
rollout,R_easy_012,easy,Last-value baseline,,,,,,,0.5717694019134973,0.6362256440305963,,,,,,,30.0,2.302486874717717e-06,20.010585949628823
rollout,R_easy_012,easy,Curve-fit baseline,,,,,,,0.19345240145813533,0.8379052225109446,,,,,,,30.0,2.302486874717717e-06,6.769490933691151
rollout,R_easy_012,easy,Oracle simulator,,,,,,,0.0,1.0,,,,,,,30.0,0.0,0.0
rollout,R_easy_013,easy,Random baseline,,,,,,,4.271637056957295,0.18969439458663798,,,,,,,30.0,0.1394856597029692,68.1406621667733
rollout,R_easy_013,easy,Last-value baseline,,,,,,,0.227316839609375,0.8147855286645261,,,,,,,30.0,2.9748501897871224e-07,7.955915853400387
rollout,R_easy_013,easy,Curve-fit baseline,,,,,,,0.05155521989456766,0.9509724083726798,,,,,,,30.0,2.9748501897871224e-07,1.8042591633821308
rollout,R_easy_013,easy,Oracle simulator,,,,,,,0.0,1.0,,,,,,,30.0,0.0,0.0
rollout,R_easy_014,easy,Random baseline,,,,,,,4.717081710329293,0.17491441449809225,,,,,,,30.0,0.14549602814419685,80.22517677741043
rollout,R_easy_014,easy,Last-value baseline,,,,,,,0.1559374262297354,0.8650987305270071,,,,,,,30.0,0.0,5.457809918040739
rollout,R_easy_014,easy,Curve-fit baseline,,,,,,,0.061582824082327355,0.9419896190054112,,,,,,,30.0,0.0,2.1553988428814574
rollout,R_easy_014,easy,Oracle simulator,,,,,,,0.0,1.0,,,,,,,30.0,0.0,0.0
rollout,R_easy_015,easy,Random baseline,,,,,,,5.073894316625497,0.16463901870383132,,,,,,,30.0,0.13165576338756949,100.78710577247686
rollout,R_easy_015,easy,Last-value baseline,,,,,,,0.23683852269471586,0.8085129801918582,,,,,,,30.0,1.6804569877404419e-06,8.288368027738873
rollout,R_easy_015,easy,Curve-fit baseline,,,,,,,0.03186437649885383,0.9691196079401728,,,,,,,30.0,1.6804569877404419e-06,1.1142729108837022
rollout,R_easy_015,easy,Oracle simulator,,,,,,,0.0,1.0,,,,,,,30.0,0.0,0.0
rollout,R_easy_016,easy,Random baseline,,,,,,,3.9100590493794396,0.2036635384510061,,,,,,,30.0,0.09946693404452801,78.82968853563905
rollout,R_easy_016,easy,Last-value baseline,,,,,,,0.8853904188022118,0.5303941242235122,,,,,,,30.0,1.0683648784426402e-06,30.988041445231655
rollout,R_easy_016,easy,Curve-fit baseline,,,,,,,0.27704337173572985,0.7830587606753101,,,,,,,30.0,1.0683648784426402e-06,9.695894797904787
rollout,R_easy_016,easy,Oracle simulator,,,,,,,0.0,1.0,,,,,,,30.0,0.0,0.0
rollout,R_easy_017,easy,Random baseline,,,,,,,4.871639138974114,0.17031019385409962,,,,,,,30.0,0.13017264699751244,94.57332578221175
rollout,R_easy_017,easy,Last-value baseline,,,,,,,0.2638503899906895,0.7912328926902232,,,,,,,30.0,2.8856201153920625e-06,9.233080371273486
rollout,R_easy_017,easy,Curve-fit baseline,,,,,,,0.10658082477961701,0.9036845548079661,,,,,,,30.0,2.8856201153920625e-06,3.7286455888859504
rollout,R_easy_017,easy,Oracle simulator,,,,,,,0.0,1.0,,,,,,,30.0,0.0,0.0
rollout,R_medium_018,medium,Random baseline,,,,,,,3.8829815621056722,0.2047929092668483,,,,,,,30.0,0.12937065717288637,60.43813798951482
rollout,R_medium_018,medium,Last-value baseline,,,,,,,0.4688820303145181,0.6807898655999484,,,,,,,30.0,3.0751084044035777e-06,16.40907724777223
rollout,R_medium_018,medium,Curve-fit baseline,,,,,,,0.34077010252671924,0.7458400199374015,,,,,,,30.0,3.0751084044035777e-06,11.925159775199273
rollout,R_medium_018,medium,Oracle simulator,,,,,,,0.0,1.0,,,,,,,30.0,0.0,0.0
rollout,R_medium_019,medium,Random baseline,,,,,,,3.626248825175961,0.21615785008320745,,,,,,,30.0,0.09537912749999648,71.28088450616067
rollout,R_medium_019,medium,Last-value baseline,,,,,,,0.6084204674249251,0.621727974900118,,,,,,,30.0,1.4959759697119602e-07,21.294629094607476
rollout,R_medium_019,medium,Curve-fit baseline,,,,,,,0.40213360898039663,0.713198794747656,,,,,,,30.0,1.4959759697119602e-07,14.074589049048983
rollout,R_medium_019,medium,Oracle simulator,,,,,,,0.0,1.0,,,,,,,30.0,0.0,0.0
rollout,R_medium_020,medium,Random baseline,,,,,,,4.32005122724153,0.18796811483307924,,,,,,,30.0,0.13119200260100305,74.67312476953508
rollout,R_medium_020,medium,Last-value baseline,,,,,,,0.5668189726857115,0.6382358252184569,,,,,,,30.0,2.4578453901793102e-06,19.83723030085563
rollout,R_medium_020,medium,Curve-fit baseline,,,,,,,0.5436617282973367,0.6478103211789819,,,,,,,30.0,2.4578453901793102e-06,19.026726747262515
rollout,R_medium_020,medium,Oracle simulator,,,,,,,0.0,1.0,,,,,,,30.0,0.0,0.0
rollout,R_medium_021,medium,Random baseline,,,,,,,3.8946619474490562,0.20430420133941396,,,,,,,30.0,0.1098930609089583,72.20888263049129
rollout,R_medium_021,medium,Last-value baseline,,,,,,,0.7041539780371776,0.5868014351331016,,,,,,,30.0,1.8697108363885385e-06,24.644298566646658
rollout,R_medium_021,medium,Curve-fit baseline,,,,,,,1.6947987262553545,0.3710852280940412,,,,,,,30.0,1.8697108363885385e-06,59.316864754282854
rollout,R_medium_021,medium,Oracle simulator,,,,,,,0.0,1.0,,,,,,,30.0,0.0,0.0
rollout,R_medium_022,medium,Random baseline,,,,,,,4.364207435936719,0.18642082953404207,,,,,,,30.0,0.15361727910315215,63.13718078094641
rollout,R_medium_022,medium,Last-value baseline,,,,,,,1.1742186860996229,0.45993533511291873,,,,,,,30.0,1.9022442548930855e-06,41.09654437100478
rollout,R_medium_022,medium,Curve-fit baseline,,,,,,,1.4871835778560978,0.40206119439803467,,,,,,,30.0,1.9022442548930855e-06,52.0503155824814
rollout,R_medium_022,medium,Oracle simulator,,,,,,,0.0,1.0,,,,,,,30.0,0.0,0.0
rollout,R_medium_023,medium,Random baseline,,,,,,,3.5248425068951637,0.22100216714198426,,,,,,,30.0,0.10190272002875372,63.92623439122439
rollout,R_medium_023,medium,Last-value baseline,,,,,,,1.278769174579888,0.43883338916253295,,,,,,,30.0,4.5990875124912733e-07,44.75665283019118
rollout,R_medium_023,medium,Curve-fit baseline,,,,,,,0.3917176530974943,0.7185365492593538,,,,,,,30.0,4.5990875124912733e-07,13.709849578307406
rollout,R_medium_023,medium,Oracle simulator,,,,,,,0.0,1.0,,,,,,,30.0,0.0,0.0
rollout,R_medium_024,medium,Random baseline,,,,,,,5.057430065684397,0.16508651179731207,,,,,,,30.0,0.16384118244039325,81.43602920872448
rollout,R_medium_024,medium,Last-value baseline,,,,,,,0.920161953524275,0.5207894043336266,,,,,,,30.0,0.0,32.205668373349624
rollout,R_medium_024,medium,Curve-fit baseline,,,,,,,0.18306880298110859,0.8452593775443914,,,,,,,30.0,0.0,6.4074081043388
rollout,R_medium_024,medium,Oracle simulator,,,,,,,0.0,1.0,,,,,,,30.0,0.0,0.0
rollout,R_medium_025,medium,Random baseline,,,,,,,3.471850655109783,0.22362106365456208,,,,,,,30.0,0.10350036926190818,61.139557526062625
rollout,R_medium_025,medium,Last-value baseline,,,,,,,0.46531007881431696,0.6824494108504111,,,,,,,30.0,1.3573301558258052e-06,16.285060982576862
rollout,R_medium_025,medium,Curve-fit baseline,,,,,,,0.5396466501540097,0.6494996757210304,,,,,,,30.0,1.3573301558258052e-06,18.886840979466108
rollout,R_medium_025,medium,Oracle simulator,,,,,,,0.0,1.0,,,,,,,30.0,0.0,0.0
rollout,R_medium_026,medium,Random baseline,,,,,,,3.434359544000725,0.2255117092056522,,,,,,,30.0,0.10177110179717806,60.83610799167152
rollout,R_medium_026,medium,Last-value baseline,,,,,,,0.4418283835352671,0.6935638189810541,,,,,,,30.0,5.299199013107196e-07,15.463684303791918
rollout,R_medium_026,medium,Curve-fit baseline,,,,,,,0.6461004181412158,0.6074963525792701,,,,,,,30.0,5.299199013107196e-07,22.613205515000118
rollout,R_medium_026,medium,Oracle simulator,,,,,,,0.0,1.0,,,,,,,30.0,0.0,0.0
rollout,R_medium_027,medium,Random baseline,,,,,,,4.453899352145974,0.1833550521255081,,,,,,,30.0,0.13365010924583795,77.9239135983703
rollout,R_medium_027,medium,Last-value baseline,,,,,,,1.710437613203727,0.3689441126143479,,,,,,,30.0,8.195969692370574e-08,59.865268652307236
rollout,R_medium_027,medium,Curve-fit baseline,,,,,,,1.0177482562554945,0.49560196466519785,,,,,,,30.0,8.195969692370574e-08,35.621141159119105
rollout,R_medium_027,medium,Oracle simulator,,,,,,,0.0,1.0,,,,,,,30.0,0.0,0.0
rollout,R_medium_028,medium,Random baseline,,,,,,,3.941489248250379,0.20236814242873594,,,,,,,30.0,0.10334492673241841,77.66758309485253
rollout,R_medium_028,medium,Last-value baseline,,,,,,,2.7146203968303397,0.269206511882962,,,,,,,30.0,2.5957131842900088e-06,95.01019972303773
rollout,R_medium_028,medium,Curve-fit baseline,,,,,,,1.2692473044859118,0.4406747550269959,,,,,,,30.0,2.5957131842900088e-06,44.422141490982746
rollout,R_medium_028,medium,Oracle simulator,,,,,,,0.0,1.0,,,,,,,30.0,0.0,0.0
rollout,R_medium_029,medium,Random baseline,,,,,,,3.770796035359708,0.2096086256021637,,,,,,,30.0,0.12778630232067031,57.43585155053209
rollout,R_medium_029,medium,Last-value baseline,,,,,,,1.3049119557014024,0.4338560514324255,,,,,,,30.0,2.961860576544684e-06,45.6701906975461
rollout,R_medium_029,medium,Curve-fit baseline,,,,,,,0.8992663157212278,0.5265191046260723,,,,,,,30.0,2.961860576544684e-06,31.47259329823999
rollout,R_medium_029,medium,Oracle simulator,,,,,,,0.0,1.0,,,,,,,30.0,0.0,0.0
rollout,R_medium_030,medium,Random baseline,,,,,,,3.7851049884598513,0.20898183057878175,,,,,,,30.0,0.12211361808020803,61.24573071597343
rollout,R_medium_030,medium,Last-value baseline,,,,,,,1.2687350102077197,0.4407742620890937,,,,,,,30.0,3.5193445166133616e-06,44.403672406302164
rollout,R_medium_030,medium,Curve-fit baseline,,,,,,,0.7592697262424299,0.5684176707433426,,,,,,,30.0,3.5193445166133616e-06,26.572387467517025
rollout,R_medium_030,medium,Oracle simulator,,,,,,,0.0,1.0,,,,,,,30.0,0.0,0.0
rollout,R_medium_031,medium,Random baseline,,,,,,,4.2355293774521225,0.19100265281801385,,,,,,,30.0,0.09974367664811923,90.05971683275476
rollout,R_medium_031,medium,Last-value baseline,,,,,,,0.9074477956144601,0.5242607437535992,,,,,,,30.0,0.0,31.760672846506104
rollout,R_medium_031,medium,Curve-fit baseline,,,,,,,0.3191137475026047,0.7580847382519038,,,,,,,30.0,0.0,11.168981162591164
rollout,R_medium_031,medium,Oracle simulator,,,,,,,0.0,1.0,,,,,,,30.0,0.0,0.0
rollout,R_medium_032,medium,Random baseline,,,,,,,3.5864864281795836,0.21803182363212809,,,,,,,30.0,0.11711056697358249,57.21252758502897
rollout,R_medium_032,medium,Last-value baseline,,,,,,,0.8704641724396082,0.534626652963751,,,,,,,30.0,2.3775434415211164e-07,30.466107345352196
rollout,R_medium_032,medium,Curve-fit baseline,,,,,,,0.528049589217855,0.6544290231522253,,,,,,,30.0,2.3775434415211164e-07,18.48159693259084
rollout,R_medium_032,medium,Oracle simulator,,,,,,,0.0,1.0,,,,,,,30.0,0.0,0.0
rollout,R_medium_033,medium,Random baseline,,,,,,,4.131744158488198,0.1948655211787873,,,,,,,30.0,0.14466895561551288,60.22082143803774
rollout,R_medium_033,medium,Last-value baseline,,,,,,,1.3222744027364504,0.4306123336766967,,,,,,,30.0,5.8998607151602064e-08,46.27956967992159
rollout,R_medium_033,medium,Curve-fit baseline,,,,,,,1.1924934043727404,0.45610171415137923,,,,,,,30.0,5.8998607151602064e-08,41.73723473719175
rollout,R_medium_033,medium,Oracle simulator,,,,,,,0.0,1.0,,,,,,,30.0,0.0,0.0
rollout,R_medium_034,medium,Random baseline,,,,,,,3.8632346477950086,0.20562446034829926,,,,,,,30.0,0.13551189260069485,56.16460865575329
rollout,R_medium_034,medium,Last-value baseline,,,,,,,1.178518971455742,0.4590274462157997,,,,,,,30.0,4.625929269271485e-18,41.24816400095097
rollout,R_medium_034,medium,Curve-fit baseline,,,,,,,0.714496741689183,0.5832615342358508,,,,,,,30.0,4.625929269271485e-18,25.0073859591214
rollout,R_medium_034,medium,Oracle simulator,,,,,,,0.0,1.0,,,,,,,30.0,0.0,0.0
rollout,R_medium_035,medium,Random baseline,,,,,,,3.918390770941441,0.20331853375867237,,,,,,,30.0,0.11053728860868901,72.66359196121518
rollout,R_medium_035,medium,Last-value baseline,,,,,,,0.8206943174908179,0.5492410177772982,,,,,,,30.0,3.3550877684973557e-06,28.722343977647004
rollout,R_medium_035,medium,Curve-fit baseline,,,,,,,0.6370732771112053,0.6108462058366803,,,,,,,30.0,3.3550877684973557e-06,22.295607564360566
rollout,R_medium_035,medium,Oracle simulator,,,,,,,0.0,1.0,,,,,,,30.0,0.0,0.0
rollout,R_hard_036,hard,Random baseline,,,,,,,11.391375715469202,0.08070128958737127,,,,,,,30.0,0.17183995358898255,298.45817711451554
rollout,R_hard_036,hard,Last-value baseline,,,,,,,6.1695609326983405,0.13947855515660418,,,,,,,30.0,9.733740486591222e-08,215.9345758642891
rollout,R_hard_036,hard,Curve-fit baseline,,,,,,,6.225304557532931,0.13840247037855638,,,,,,,30.0,9.733740486591222e-08,217.88560273349975
rollout,R_hard_036,hard,Oracle simulator,,,,,,,0.0,1.0,,,,,,,30.0,0.0,0.0
rollout,R_hard_037,hard,Random baseline,,,,,,,6.3353183020663115,0.1363267357761839,,,,,,,30.0,0.14253427988900746,138.59114397039988
rollout,R_hard_037,hard,Last-value baseline,,,,,,,4.660372515556532,0.17666681782014823,,,,,,,30.0,8.977601744235749e-07,163.11251435104356
rollout,R_hard_037,hard,Curve-fit baseline,,,,,,,3.3694985047080954,0.22885921551924296,,,,,,,30.0,8.977601744235749e-07,117.93192397134827
rollout,R_hard_037,hard,Oracle simulator,,,,,,,0.0,1.0,,,,,,,30.0,0.0,0.0
rollout,R_hard_038,hard,Random baseline,,,,,,,10.370442148483244,0.08794732754815472,,,,,,,30.0,0.17482291014909773,260.98544427660653
rollout,R_hard_038,hard,Last-value baseline,,,,,,,4.048437754252627,0.19808107947010636,,,,,,,30.0,0.0,141.69532139884197
rollout,R_hard_038,hard,Curve-fit baseline,,,,,,,5.459297495311928,0.15481559731933492,,,,,,,30.0,0.0,191.07541233591746
rollout,R_hard_038,hard,Oracle simulator,,,,,,,0.0,1.0,,,,,,,30.0,0.0,0.0
rollout,R_hard_039,hard,Random baseline,,,,,,,8.013609236404678,0.11094334952542019,,,,,,,30.0,0.11839289076951706,211.41380365861207
rollout,R_hard_039,hard,Last-value baseline,,,,,,,2.44145554951248,0.2905747250292572,,,,,,,30.0,5.551115123125783e-18,85.45094423293679
rollout,R_hard_039,hard,Curve-fit baseline,,,,,,,4.944069372707233,0.16823491404585492,,,,,,,30.0,5.551115123125783e-18,173.04242804475317
rollout,R_hard_039,hard,Oracle simulator,,,,,,,0.0,1.0,,,,,,,30.0,0.0,0.0
rollout,R_hard_040,hard,Random baseline,,,,,,,9.68522418326475,0.09358718009550092,,,,,,,30.0,0.14493866809188116,254.43529002733555
rollout,R_hard_040,hard,Last-value baseline,,,,,,,5.074010762092016,0.16463586239277245,,,,,,,30.0,1.235085112331428e-07,177.590304626589
rollout,R_hard_040,hard,Curve-fit baseline,,,,,,,5.467158706295203,0.15462740987422946,,,,,,,30.0,1.235085112331428e-07,191.35048267370055
rollout,R_hard_040,hard,Oracle simulator,,,,,,,0.0,1.0,,,,,,,30.0,0.0,0.0
rollout,R_hard_041,hard,Random baseline,,,,,,,9.617633306323095,0.0941829474751659,,,,,,,30.0,0.11599494845009756,268.9534457920847
rollout,R_hard_041,hard,Last-value baseline,,,,,,,2.504028935060089,0.28538577121734054,,,,,,,30.0,0.0,87.6410127271031
rollout,R_hard_041,hard,Curve-fit baseline,,,,,,,6.511938508087103,0.13312143049672642,,,,,,,30.0,0.0,227.91784778304861
rollout,R_hard_041,hard,Oracle simulator,,,,,,,0.0,1.0,,,,,,,30.0,0.0,0.0
rollout,R_hard_042,hard,Random baseline,,,,,,,12.033289222921892,0.0767266023868542,,,,,,,30.0,0.16351659458548848,325.780442627398
rollout,R_hard_042,hard,Last-value baseline,,,,,,,5.6273262129764925,0.1508904146052101,,,,,,,30.0,7.493564754268434e-07,196.95598032956656
rollout,R_hard_042,hard,Curve-fit baseline,,,,,,,6.18226123313635,0.13923191701610108,,,,,,,30.0,7.493564754268434e-07,216.37870603516157
rollout,R_hard_042,hard,Oracle simulator,,,,,,,0.0,1.0,,,,,,,30.0,0.0,0.0
rollout,R_hard_043,hard,Random baseline,,,,,,,7.724629512367532,0.11461804751507874,,,,,,,30.0,0.1305597808545297,194.20216076772127
rollout,R_hard_043,hard,Last-value baseline,,,,,,,5.104510383310898,0.1638133015112722,,,,,,,30.0,6.486360668134239e-07,178.65748504484245
rollout,R_hard_043,hard,Curve-fit baseline,,,,,,,4.3200469879340195,0.18796826461646324,,,,,,,30.0,6.486360668134239e-07,151.2012662066517
rollout,R_hard_043,hard,Oracle simulator,,,,,,,0.0,1.0,,,,,,,30.0,0.0,0.0
rollout,R_hard_044,hard,Random baseline,,,,,,,10.24146807484556,0.08895635279502748,,,,,,,30.0,0.13643134718534797,278.8664300948083
rollout,R_hard_044,hard,Last-value baseline,,,,,,,4.632732983865873,0.17753371282898575,,,,,,,30.0,0.0,162.14565443530554
rollout,R_hard_044,hard,Curve-fit baseline,,,,,,,6.265931759690444,0.1376285978279823,,,,,,,30.0,0.0,219.30761158916553
rollout,R_hard_044,hard,Oracle simulator,,,,,,,0.0,1.0,,,,,,,30.0,0.0,0.0
rollout,R_hard_045,hard,Random baseline,,,,,,,5.710356600905075,0.14902337677033775,,,,,,,30.0,0.12917227405912632,124.5119878305206
rollout,R_hard_045,hard,Last-value baseline,,,,,,,2.5074730849846096,0.28510553773911224,,,,,,,30.0,0.0,87.76155797446134
rollout,R_hard_045,hard,Curve-fit baseline,,,,,,,3.4567495694668464,0.22437877300779732,,,,,,,30.0,0.0,120.98623493133962
rollout,R_hard_045,hard,Oracle simulator,,,,,,,0.0,1.0,,,,,,,30.0,0.0,0.0
rollout,R_hard_046,hard,Random baseline,,,,,,,7.363431772757229,0.11956814226157347,,,,,,,30.0,0.12521324432189887,184.67905285872865
rollout,R_hard_046,hard,Last-value baseline,,,,,,,3.1458569504617437,0.24120465610580832,,,,,,,30.0,0.0,110.10499326616103
rollout,R_hard_046,hard,Curve-fit baseline,,,,,,,4.4572196347727395,0.1832434952091944,,,,,,,30.0,0.0,156.0026872170459
rollout,R_hard_046,hard,Oracle simulator,,,,,,,0.0,1.0,,,,,,,30.0,0.0,0.0
rollout,R_hard_047,hard,Random baseline,,,,,,,10.810295529642652,0.0846718862783832,,,,,,,30.0,0.19344721656284342,265.5161338758341
rollout,R_hard_047,hard,Last-value baseline,,,,,,,4.713170867187449,0.17503414885476593,,,,,,,30.0,5.3660779523549233e-17,164.96098035156066
rollout,R_hard_047,hard,Curve-fit baseline,,,,,,,5.37762551895879,0.15679816838215047,,,,,,,30.0,5.3660779523549233e-17,188.21689316355761
rollout,R_hard_047,hard,Oracle simulator,,,,,,,0.0,1.0,,,,,,,30.0,0.0,0.0
rollout,R_hard_048,hard,Random baseline,,,,,,,12.177517193524762,0.07588682946218316,,,,,,,30.0,0.15058371904700113,338.3725989959494
rollout,R_hard_048,hard,Last-value baseline,,,,,,,5.927609166434069,0.1443499446887449,,,,,,,30.0,8.304075616027973e-08,207.46627238475133
rollout,R_hard_048,hard,Curve-fit baseline,,,,,,,5.839591165297525,0.1462075694046984,,,,,,,30.0,8.304075616027973e-08,204.3856423449723
rollout,R_hard_048,hard,Oracle simulator,,,,,,,0.0,1.0,,,,,,,30.0,0.0,0.0
rollout,R_hard_049,hard,Random baseline,,,,,,,11.64471322832894,0.07908443488932765,,,,,,,30.0,0.16655278581443325,310.4091712664268
rollout,R_hard_049,hard,Last-value baseline,,,,,,,6.901119601781542,0.12656434156173516,,,,,,,30.0,9.006119777351292e-07,241.53866070536696
rollout,R_hard_049,hard,Curve-fit baseline,,,,,,,6.9369310204021275,0.125993283478144,,,,,,,30.0,9.006119777351292e-07,242.79206035708745
rollout,R_hard_049,hard,Oracle simulator,,,,,,,0.0,1.0,,,,,,,30.0,0.0,0.0
rollout,R_hard_050,hard,Random baseline,,,,,,,12.772354263690257,0.07260922721371046,,,,,,,30.0,0.17473138614689812,345.1057573101351
rollout,R_hard_050,hard,Last-value baseline,,,,,,,6.893373746386042,0.1266885405569256,,,,,,,30.0,5.677235367651523e-07,241.26774995144837
rollout,R_hard_050,hard,Curve-fit baseline,,,,,,,6.752738595572043,0.12898667840692415,,,,,,,30.0,5.677235367651523e-07,236.3455196729584
rollout,R_hard_050,hard,Oracle simulator,,,,,,,0.0,1.0,,,,,,,30.0,0.0,0.0
rollout,R_hard_051,hard,Random baseline,,,,,,,10.748897233677173,0.08511437117124393,,,,,,,30.0,0.1748757888952518,274.2005263231375
rollout,R_hard_051,hard,Last-value baseline,,,,,,,4.018537055062668,0.19926125662282526,,,,,,,30.0,1.3181695684797805e-07,140.64872003396852
rollout,R_hard_051,hard,Curve-fit baseline,,,,,,,5.333985964373186,0.15787846793862614,,,,,,,30.0,1.3181695684797805e-07,186.68943185983667
rollout,R_hard_051,hard,Oracle simulator,,,,,,,0.0,1.0,,,,,,,30.0,0.0,0.0
rollout,R_hard_052,hard,Random baseline,,,,,,,12.012242480994656,0.07685070436249355,,,,,,,30.0,0.13725676683112945,340.36203951665414
rollout,R_hard_052,hard,Last-value baseline,,,,,,,6.231993930005303,0.13827445234031974,,,,,,,30.0,1.1487194545578561e-07,218.11972054155078
rollout,R_hard_052,hard,Curve-fit baseline,,,,,,,6.54163893539144,0.13259717265264387,,,,,,,30.0,1.1487194545578561e-07,228.95729573006554
rollout,R_hard_052,hard,Oracle simulator,,,,,,,0.0,1.0,,,,,,,30.0,0.0,0.0
rollout,R_hard_053,hard,Random baseline,,,,,,,11.90643455625552,0.07748073223796093,,,,,,,30.0,0.14288601677539073,333.37503301663196
rollout,R_hard_053,hard,Last-value baseline,,,,,,,5.712513396760953,0.1489754941096339,,,,,,,30.0,1.5536225943339293e-07,199.9378782586487
rollout,R_hard_053,hard,Curve-fit baseline,,,,,,,6.625494630955117,0.13113903404253618,,,,,,,30.0,1.5536225943339293e-07,231.89222145544443
rollout,R_hard_053,hard,Oracle simulator,,,,,,,0.0,1.0,,,,,,,30.0,0.0,0.0
forward,F_easy_000,easy,gpt-4o,0.07809009934437239,0.07809,116.84857049094111,119.432,9.934437238123817e-08,2.583429509058888,0.10333916724980315,0.906339618571334,,,,,,,,,
forward,F_easy_001,easy,gpt-4o,0.0588432276283043,0.05884,111.83561485896362,113.5,3.2276283042989573e-06,1.6643851410363766,0.06663995820754104,0.9375234748194436,,,,,,,,,
forward,F_easy_002,easy,gpt-4o,0.18834643087359068,0.18835,134.17391639709115,134.789,3.5691264093085096e-06,0.6150836029088396,0.024674726644539752,0.9759194542395507,,,,,,,,,
forward,F_easy_003,easy,gpt-4o,0.0725296474480937,0.07253,113.92438065021997,114.2,3.5255190629357447e-07,0.27561934978002967,0.011031825029327058,0.989088548197771,,,,,,,,,
forward,F_easy_004,easy,gpt-4o,0.0824135825180543,0.08241,112.33304735719396,112.5,3.582518054309758e-06,0.16695264280603794,0.006749756073327713,0.9932954976819125,,,,,,,,,
forward,F_easy_005,easy,gpt-4o,0.0,0.0,101.57653139022962,101.59,0.0,0.013468609770384887,0.0005387443908153955,0.9994615456984193,,,,,,,,,
forward,F_easy_006,easy,gpt-4o,0.10340527102052494,0.10341,116.75153590220765,116.892,4.7289794750660086e-06,0.14046409779234637,0.005713143501195175,0.9943193110897348,,,,,,,,,
forward,F_easy_007,easy,gpt-4o,0.04989999999999998,0.0499,113.46746119648942,116.8,2.0816681711721685e-17,3.332538803510573,0.13330155214042336,0.882377685013612,,,,,,,,,
forward,F_easy_008,easy,gpt-4o,0.10084242569833962,0.10084,119.69456504171771,118.5,2.425698339622584e-06,1.1945650417177092,0.04783111563550082,0.9543522663893296,,,,,,,,,
forward,F_easy_009,easy,gpt-4o,0.052265665860696954,0.05227,109.51423962982525,109.5,4.334139303042994e-06,0.014239629825254951,0.0006562679790710579,0.9993441624261281,,,,,,,,,
forward,F_easy_010,easy,gpt-4o,0.14223159903402666,0.14223,119.07442655633821,119.456,1.5990340266613945e-06,0.381573443661793,0.015294918427004948,0.9849354919940884,,,,,,,,,
forward,F_easy_011,easy,gpt-4o,0.26462415209645107,0.26462,147.42048439602283,147.89,4.152096451048859e-06,0.4695156039771575,0.01886366608810728,0.9814855836791848,,,,,,,,,
forward,F_easy_012,easy,gpt-4o,0.15796230248687476,0.15796,126.33452132546579,126.5,2.3024868747723026e-06,0.1654786745342136,0.006665196718863991,0.9933789339885907,,,,,,,,,
forward,F_easy_013,easy,gpt-4o,0.05508553772471531,0.05509,112.64398049623206,115.432,4.462275284687622e-06,2.7880195037679414,0.11161002565641141,0.8995960605964263,,,,,,,,,
forward,F_easy_014,easy,gpt-4o,0.018999999999999996,0.019,105.75007160115695,108.5,3.469446951953614e-18,2.7499283988430534,0.10999713595372221,0.9009032254311077,,,,,,,,,
forward,F_easy_015,easy,gpt-4o,0.16757639902074056,0.16758,123.14382463532182,123.2,3.600979259443804e-06,0.056175364678182405,0.0023190341723161724,0.9976863313044522,,,,,,,,,
forward,F_easy_016,easy,gpt-4o,0.1386589316351216,0.13866,126.01497961068993,126.5,1.0683648783982314e-06,0.4850203893100655,0.019422182869970585,0.9809478514433623,,,,,,,,,
forward,F_easy_017,easy,gpt-4o,0.1253728856201154,0.12537,119.84079669080968,120.432,2.8856201153837358e-06,0.5912033091903197,0.023705844769920464,0.976843108895946,,,,,,,,,
forward,F_medium_018,medium,gpt-4o,0.0940430751084044,0.09404,124.80216915681918,126.5,3.0751084044017274e-06,1.6978308431808244,0.067974735895321,0.9363517379104146,,,,,,,,,
forward,F_medium_019,medium,gpt-4o,0.16411014959759695,0.16411,132.7335927878664,133.5,1.4959759694899155e-07,0.7664072121336005,0.030659280437283002,0.9702527488771314,,,,,,,,,
forward,F_medium_020,medium,gpt-4o,0.1585024578453902,0.1585,152.64597326457564,153.2,2.4578453901857866e-06,0.554026735424344,0.022210226324777475,0.9782723497057632,,,,,,,,,
forward,F_medium_021,medium,gpt-4o,0.31403813028916355,0.31404,212.68472879435004,217.5,1.8697108364329473e-06,4.815271205649964,0.1926482424427272,0.8384701913045595,,,,,,,,,
forward,F_medium_022,medium,gpt-4o,0.22201190224425493,0.22201,175.103607424224,173.892,1.9022442549199159e-06,1.2116074242240131,0.048502341854058925,0.9537413128059471,,,,,,,,,
forward,F_medium_023,medium,gpt-4o,0.10328045990875126,0.10328,132.51885544319478,132.892,4.599087512630051e-07,0.3731445568052152,0.014934980447233868,0.985284790912761,,,,,,,,,
forward,F_medium_024,medium,gpt-4o,0.0396,0.0396,112.49498091000886,113.5,0.0,1.005019089991137,0.040200763599645487,0.9613528801300534,,,,,,,,,
forward,F_medium_025,medium,gpt-4o,0.2107286426698442,0.21073,153.6574664508119,153.5,1.3573301557989748e-06,0.1574664508119099,0.006325804635592376,0.9937139596277341,,,,,,,,,
forward,F_medium_026,medium,gpt-4o,0.22072941120010964,0.22073,156.210245165104,155.982,5.887998903719716e-07,0.22824516510399917,0.009141582601967407,0.9909412289022946,,,,,,,,,
forward,F_medium_027,medium,gpt-4o,0.16109012941004777,0.16109,153.6177973663908,150.5,1.2941004776112486e-07,3.117797366390789,0.12471448285658679,0.8891145399498789,,,,,,,,,
forward,F_medium_028,medium,gpt-4o,0.07729259571318431,0.07729,134.5799381188135,132.5,2.595713184311288e-06,2.0799381188134873,0.08324943901622572,0.9231484125282997,,,,,,,,,
forward,F_medium_029,medium,gpt-4o,0.2583970381394235,0.2584,160.6924215147807,156.789,2.9618605765224792e-06,3.9034215147807174,0.15619609780275914,0.8649051851155742,,,,,,,,,
forward,F_medium_030,medium,gpt-4o,0.14241648065548335,0.14242,143.93016091974255,143.5,3.519344516644818e-06,0.4301609197425478,0.017276823680034806,0.9830165956032151,,,,,,,,,
forward,F_medium_031,medium,gpt-4o,0.0938,0.0938,126.77304058972169,123.5,0.0,3.2730405897216883,0.13092162358886753,0.8842345739456279,,,,,,,,,
forward,F_medium_032,medium,gpt-4o,0.19532023775434418,0.19532,161.23166394899565,160.512,2.3775434418449315e-07,0.7196639489956453,0.028791313046709503,0.9720144283086474,,,,,,,,,
forward,F_medium_033,medium,gpt-4o,0.3624882300417855,0.36249,187.4221531752998,182.5,1.7699582144925508e-06,4.922153175299798,0.19692152617628175,0.8354766608589849,,,,,,,,,
forward,F_medium_034,medium,gpt-4o,0.11929999999999999,0.1193,135.61538056266866,138.752,1.3877787807814457e-17,3.1366194373313476,0.1254647774932542,0.8885218089430558,,,,,,,,,
forward,F_medium_035,medium,gpt-4o,0.1511766449122315,0.15118,144.22919155314077,145.732,3.3550877684973557e-06,1.502808446859234,0.060179439629739304,0.9432365528134025,,,,,,,,,
forward,F_hard_036,hard,gpt-4o,0.365727079877854,0.36573,310.8399502573211,303.5,2.9201221459773663e-06,7.339950257321107,0.2936564127357638,0.7730027773643908,,,,,,,,,
forward,F_hard_037,hard,gpt-4o,0.11150089776017444,0.1115,157.63711611272504,151.672,8.977601744369901e-07,5.965116112725042,0.23862259971249042,0.8073484209250827,,,,,,,,,
forward,F_hard_038,hard,gpt-4o,0.4,0.4754,355.142090855192,359.5,0.07539999999999997,4.357909144807991,1.682316365792319,0.3728121010455878,,,,,,,,,
forward,F_hard_039,hard,gpt-4o,0.35900000000000004,0.359,325.6176518142142,324.5,5.551115123125783e-17,1.1176518142141845,0.04470607256856849,0.9572070329230004,,,,,,,,,
forward,F_hard_040,hard,gpt-4o,0.3161603705255337,0.31616,284.49200054124526,280.5,3.705255336994284e-07,3.992000541245261,0.15968743216048442,0.8623013169479741,,,,,,,,,
forward,F_hard_041,hard,gpt-4o,0.3704,0.3704,372.46828331471414,359.5,0.0,12.968283314714142,0.5187313325885657,0.6584443071280907,,,,,,,,,
forward,F_hard_042,hard,gpt-4o,0.24505449613885258,0.24505,318.0992411516853,320.5,4.496138852588816e-06,2.4007588483146947,0.09612027670963956,0.9123086409840206,,,,,,,,,
forward,F_hard_043,hard,gpt-4o,0.3122551352294989,0.31226,260.03498963829077,252.5,4.864770501100679e-06,7.534989638290767,0.3014968809416527,0.768346059559117,,,,,,,,,
forward,F_hard_044,hard,gpt-4o,0.4,0.439,372.0908871945794,355.5,0.03899999999999998,16.59088719457941,1.443635487783176,0.4092263371519386,,,,,,,,,
forward,F_hard_045,hard,gpt-4o,0.3146,0.3146,240.8777854652683,239.5,0.0,1.377785465268289,0.055111418610731565,0.9477672048291385,,,,,,,,,
forward,F_hard_046,hard,gpt-4o,0.4,0.4163,331.0377391287495,315.5,0.01629999999999998,15.537739128749479,0.9475095651499787,0.5134762970589002,,,,,,,,,
forward,F_hard_047,hard,gpt-4o,0.30870000000000003,0.3087,311.9843602231001,313.5,5.551115123125783e-17,1.5156397768998886,0.06062559107599665,0.9428397809876599,,,,,,,,,
forward,F_hard_048,hard,gpt-4o,0.335969644111045,0.33597,357.27296051720157,355.5,3.558889549726274e-07,1.772960517201568,0.07092553846716218,0.9337717367645567,,,,,,,,,
forward,F_hard_049,hard,gpt-4o,0.2352866227050835,0.23529,280.08867047079013,276.5,3.3772949165067345e-06,3.5886704707901345,0.14361436472993552,0.8744206358724341,,,,,,,,,
forward,F_hard_050,hard,gpt-4o,0.2455265936587794,0.24553,280.34567853702436,280.5,3.406341220590914e-06,0.15432146297564486,0.006240985343437613,0.9937977229765617,,,,,,,,,
forward,F_hard_051,hard,gpt-4o,0.3972239545087054,0.39722,353.346483064902,343.512,3.95450870538383e-06,9.834483064901974,0.3934584127701866,0.7176389268855224,,,,,,,,,
forward,F_hard_052,hard,gpt-4o,0.2938096170935151,0.29381,317.158084446843,315.5,3.8290648490812984e-07,1.65808444684302,0.06633103600341897,0.9377950807358791,,,,,,,,,
forward,F_hard_053,hard,gpt-4o,0.325995339132217,0.326,330.49323833943544,320.5,4.6608677830017875e-06,9.993238339435436,0.39982275093307745,0.714376158934002,,,,,,,,,
inverse,I_easy_000,easy,gpt-4o,,,,,,,2.0185640966730696,0.3312833413417183,0.11965604437003671,0.15,0.17949905957768472,0.05,0.030343955629963282,0.1294990595776847,,,
inverse,I_easy_001,easy,gpt-4o,,,,,,,2.135062906039945,0.3189728659266841,0.0506626042775905,0.15,0.21082319397519247,0.1,0.09933739572240949,0.11082319397519247,,,
inverse,I_easy_002,easy,gpt-4o,,,,,,,2.954418774272869,0.2528816640528615,0.07392829653135677,0.15,0.22722587396129515,0.05,0.07607170346864323,0.17722587396129513,,,
inverse,I_easy_003,easy,gpt-4o,,,,,,,0.9895634366744581,0.5026228274839496,0.09986325291851446,0.15,0.14977181670218992,0.1,0.050136747081485536,0.049771816702189914,,,
inverse,I_easy_004,easy,gpt-4o,,,,,,,1.415288021699983,0.41402929630568747,0.05125426589373814,0.15,0.16066904269989699,0.1,0.09874573410626186,0.06066904269989698,,,
inverse,I_easy_005,easy,gpt-4o,,,,,,,1.8038511112645743,0.35665231865645913,0.11714128522191018,0.15,0.21349118870815195,0.1,0.03285871477808981,0.11349118870815195,,,
inverse,I_easy_006,easy,gpt-4o,,,,,,,1.7567350133816628,0.36274795914218416,0.08465805464903182,0.15,0.19756069441133992,0.1,0.06534194535096817,0.09756069441133991,,,
inverse,I_easy_007,easy,gpt-4o,,,,,,,1.3601301887536454,0.42370543996477045,0.121932024486086,0.15,0.18429378940178864,0.1,0.02806797551391399,0.08429378940178864,,,
inverse,I_easy_008,easy,gpt-4o,,,,,,,2.358337585943885,0.297766372322258,0.05957775786842446,0.15,0.22991942574268148,0.1,0.09042224213157554,0.12991942574268148,,,
inverse,I_easy_009,easy,gpt-4o,,,,,,,1.544739720162772,0.3929674976488503,0.10727675078969992,0.15,0.19151718349627736,0.1,0.042723249210300074,0.09151718349627735,,,
inverse,I_easy_010,easy,gpt-4o,,,,,,,2.173517253355536,0.31510778740611683,0.05648532323656494,0.15,0.2157793889935517,0.1,0.09351467676343506,0.1157793889935517,,,
inverse,I_easy_011,easy,gpt-4o,,,,,,,2.8040497517938228,0.2628777395796267,0.07193007086501423,0.15,0.2159229546286287,0.05,0.07806992913498577,0.16592295462862872,,,
inverse,I_easy_012,easy,gpt-4o,,,,,,,1.907962673329145,0.3438833686455688,0.13728336050350126,0.15,0.22861202732884622,0.1,0.012716639496498733,0.12861202732884622,,,
inverse,I_easy_013,easy,gpt-4o,,,,,,,1.5241986809249517,0.39616532864741305,0.05763304321121868,0.15,0.17077342446910945,0.1,0.09236695678878132,0.07077342446910945,,,
inverse,I_easy_014,easy,gpt-4o,,,,,,,0.9712769380954729,0.5072853949004947,0.12088308526064054,0.15,0.1566661410458211,0.1,0.029116914739359456,0.0566661410458211,,,
inverse,I_easy_015,easy,gpt-4o,,,,,,,1.3644824894024463,0.4229255257681019,0.05083338036390111,0.15,0.1569489777330217,0.1,0.09916661963609888,0.05694897773302168,,,
inverse,I_easy_016,easy,gpt-4o,,,,,,,1.3761945080634774,0.4208409692921006,0.12923422701149231,0.15,0.1882580371800238,0.1,0.02076577298850768,0.08825803718002379,,,
inverse,I_easy_017,easy,gpt-4o,,,,,,,1.5706157368530411,0.38901185644502606,0.12182876922364999,0.15,0.14898762294446566,0.05,0.028171230776350004,0.09898762294446566,,,
inverse,I_medium_018,medium,gpt-4o,,,,,,,0.8490486581052588,0.5408186505079382,0.21480397476568594,0.15,0.11423186032515692,0.08,0.06480397476568595,0.03423186032515692,,,
inverse,I_medium_019,medium,gpt-4o,,,,,,,0.4024904019052645,0.713017357296359,0.19738910560327708,0.15,0.09025476849012813,0.1,0.04738910560327708,0.009745231509871874,,,
inverse,I_medium_020,medium,gpt-4o,,,,,,,2.090464524011873,0.32357595184488785,0.32064778414371875,0.15,0.1299694895138294,0.05,0.17064778414371876,0.07996948951382939,,,
inverse,I_medium_021,medium,gpt-4o,,,,,,,1.4588605844413458,0.4066924356458382,0.26984093999798425,0.15,0.10551543091167812,0.05,0.11984093999798426,0.05551543091167811,,,
inverse,I_medium_022,medium,gpt-4o,,,,,,,1.1151061204703332,0.4727895164795,0.3098552712863213,0.15,0.08410851040064607,0.1,0.1598552712863213,0.015891489599353936,,,
inverse,I_medium_023,medium,gpt-4o,,,,,,,0.9555171607214669,0.5113736765322279,0.2954192045980395,0.15,0.1103342883512651,0.1,0.1454192045980395,0.010334288351265097,,,
inverse,I_medium_024,medium,gpt-4o,,,,,,,0.816389006719571,0.550542860753169,0.19095286334866413,0.15,0.14122111694588949,0.1,0.04095286334866413,0.04122111694588948,,,
inverse,I_medium_025,medium,gpt-4o,,,,,,,0.8831649790475598,0.5310209201669446,0.2177954127541339,0.15,0.08545666579561045,0.05,0.0677954127541339,0.03545666579561045,,,
inverse,I_medium_026,medium,gpt-4o,,,,,,,0.6458480409772721,0.6075895071128314,0.22715090576044955,0.15,0.11520623285045645,0.1,0.07715090576044956,0.015206232850456441,,,
inverse,I_medium_027,medium,gpt-4o,,,,,,,1.2232325668301736,0.44979549819467324,0.31685363561341856,0.15,0.12073875471733826,0.1,0.16685363561341857,0.020738754717338256,,,
inverse,I_medium_028,medium,gpt-4o,,,,,,,0.9166515627652686,0.5217432419261641,0.3003765718970161,0.15,0.1056858314336181,0.1,0.15037657189701611,0.005685831433618088,,,
inverse,I_medium_029,medium,gpt-4o,,,,,,,1.3012347793977423,0.4345493162856293,0.24603038453316958,0.15,0.10374128501716491,0.05,0.09603038453316959,0.05374128501716491,,,
inverse,I_medium_030,medium,gpt-4o,,,,,,,0.6470016757037835,0.6071639238452432,0.21549997671151197,0.15,0.08018209586632315,0.1,0.06549997671151198,0.01981790413367686,,,
inverse,I_medium_031,medium,gpt-4o,,,,,,,0.4003739370533191,0.7140949810192913,0.21658262967338288,0.15,0.10213293072075011,0.1,0.06658262967338288,0.0021329307207501036,,,
inverse,I_medium_032,medium,gpt-4o,,,,,,,1.0582673507126934,0.48584553394083674,0.27560543534223886,0.15,0.1252321563612401,0.1,0.12560543534223886,0.0252321563612401,,,
inverse,I_medium_033,medium,gpt-4o,,,,,,,0.7638034612103737,0.5669565923823342,0.21181387768866772,0.15,0.0794275120724665,0.05,0.06181387768866772,0.029427512072466494,,,
inverse,I_medium_034,medium,gpt-4o,,,,,,,2.0605277922342164,0.3267410289615406,0.31598958978766106,0.15,0.1296854383167492,0.05,0.16598958978766107,0.0796854383167492,,,
inverse,I_medium_035,medium,gpt-4o,,,,,,,1.5607129022966313,0.3905162500267516,0.3115726273190032,0.15,0.09641610364781851,0.05,0.1615726273190032,0.04641610364781851,,,
inverse,I_hard_036,hard,gpt-4o,,,,,,,0.788292630689125,0.5591925968037157,0.3601249884369678,0.35,0.048757011355026504,0.1,0.010124988436967797,0.0512429886449735,,,
inverse,I_hard_037,hard,gpt-4o,,,,,,,1.3480961375495173,0.4258769409005561,0.4015166862063622,0.18,0.07177864834067467,0.08,0.22151668620636222,0.008221351659325332,,,
inverse,I_hard_038,hard,gpt-4o,,,,,,,1.7905122224573387,0.35835714746283936,0.4140245285380793,0.15,0.02734034997057271,0.05,0.26402452853807934,0.022659650029427294,,,
inverse,I_hard_039,hard,gpt-4o,,,,,,,2.3527008686988555,0.29826699105073706,0.39313162319346073,0.15,0.029862125988537092,0.1,0.24313162319346074,0.07013787401146292,,,
inverse,I_hard_040,hard,gpt-4o,,,,,,,1.7764156472503287,0.3601766187243496,0.4226576695029757,0.15,0.06831555716747692,0.05,0.27265766950297565,0.018315557167476917,,,
inverse,I_hard_041,hard,gpt-4o,,,,,,,2.301008021194875,0.30293776736659583,0.5475769981886789,0.15,0.05645728441026615,0.05,0.39757699818867887,0.006457284410266148,,,
inverse,I_hard_042,hard,gpt-4o,,,,,,,2.541788597918384,0.28234322076357976,0.5287126249835834,0.15,0.06935193008377333,0.1,0.3787126249835834,0.030648069916226678,,,
inverse,I_hard_043,hard,gpt-4o,,,,,,,1.8402772020776217,0.35207831097208203,0.372946678213135,0.15,0.0578820818263412,0.1,0.222946678213135,0.04211791817365881,,,
inverse,I_hard_044,hard,gpt-4o,,,,,,,1.8407371759202575,0.35202130224386197,0.44490268412190725,0.15,0.035832774844101446,0.05,0.29490268412190723,0.014167225155898557,,,
inverse,I_hard_045,hard,gpt-4o,,,,,,,1.4302090642983072,0.4114872315681769,0.3686951961118507,0.15,0.06506650267960623,0.05,0.2186951961118507,0.015066502679606228,,,
inverse,I_hard_046,hard,gpt-4o,,,,,,,2.635832314681619,0.27504018707407507,0.5497605160898316,0.15,0.07095416089611004,0.1,0.39976051608983154,0.02904583910388997,,,
inverse,I_hard_047,hard,gpt-4o,,,,,,,1.6580396293986766,0.3762171146508557,0.40168808098118747,0.15,0.03181592410144332,0.05,0.25168808098118745,0.01818407589855668,,,
inverse,I_hard_048,hard,gpt-4o,,,,,,,2.4908310204675006,0.2864647398103153,0.48825521765442337,0.15,0.05718552432177295,0.1,0.33825521765442335,0.042814475678227056,,,
inverse,I_hard_049,hard,gpt-4o,,,,,,,2.8208770174069393,0.261720017536355,0.4696920084462678,0.15,0.02686327873284061,0.1,0.3196920084462678,0.0731367212671594,,,
inverse,I_hard_050,hard,gpt-4o,,,,,,,1.8658599887363334,0.34893539947181373,0.4795280187719105,0.15,0.05246041413357814,0.05,0.3295280187719105,0.0024604141335781357,,,
inverse,I_hard_051,hard,gpt-4o,,,,,,,1.9841026587639736,0.33510911464895904,0.5068273153817354,0.15,0.050121007909469946,0.05,0.3568273153817354,0.00012100790946994316,,,
inverse,I_hard_052,hard,gpt-4o,,,,,,,2.389336599075866,0.2950429887290213,0.5390614504161054,0.15,0.06595188677349184,0.05,0.3890614504161054,0.01595188677349184,,,
inverse,I_hard_053,hard,gpt-4o,,,,,,,2.3598413630737927,0.29763309988098297,0.5387053282234628,0.15,0.06402571221715216,0.05,0.3887053282234628,0.014025712217152153,,,
rollout,R_easy_000,easy,gpt-4o,,,,,,,0.11286320982376856,0.8985830344399278,,,,,,,30.0,0.000759953639292842,3.5069060542444084
rollout,R_easy_001,easy,gpt-4o,,,,,,,0.06674999157647064,0.9374267709364349,,,,,,,30.0,3.2276283043150323e-06,2.334366921998955
rollout,R_easy_002,easy,gpt-4o,,,,,,,0.03804767721150453,0.963346888542045,,,,,,,30.0,3.5691264093499117e-06,1.3295867119972045
rollout,R_easy_003,easy,gpt-4o,,,,,,,0.16378185199081172,0.8592675665884978,,,,,,,30.0,3.525519063156633e-07,5.732159164399726
rollout,R_easy_004,easy,gpt-4o,,,,,,,0.024597129298642124,0.9759933650063226,,,,,,,30.0,3.582518054342602e-06,0.8588097232541079
rollout,R_easy_005,easy,gpt-4o,,,,,,,0.18111030626351624,0.8466609720505572,,,,,,,30.0,2.2898349882893852e-17,6.338860719223055
rollout,R_easy_006,easy,gpt-4o,,,,,,,0.0662110730763758,0.9379005951557652,,,,,,,30.0,4.728979475092839e-06,2.314628986312682
rollout,R_easy_007,easy,gpt-4o,,,,,,,0.25579002410568974,0.7963114699148447,,,,,,,30.0,2.544261098099317e-17,8.952650843699125
rollout,R_easy_008,easy,gpt-4o,,,,,,,0.11328939471441082,0.8982390425595739,,,,,,,30.0,2.4256983396026927e-06,3.9637138243062773
rollout,R_easy_009,easy,gpt-4o,,,,,,,0.08048977084669484,0.9255062167005789,,,,,,,30.0,7.100080596968706e-05,2.7757248428186685
rollout,R_easy_010,easy,gpt-4o,,,,,,,0.1262985999463915,0.8878640176304908,,,,,,,30.0,1.599034026637571e-06,4.419518228274831
rollout,R_easy_011,easy,gpt-4o,,,,,,,0.13332680300708005,0.882358025369804,,,,,,,30.0,4.15209645105626e-06,4.664016048984686
rollout,R_easy_012,easy,gpt-4o,,,,,,,0.25664363598383766,0.7957705521001514,,,,,,,30.0,2.3024868747237304e-06,8.98118414209073
rollout,R_easy_013,easy,gpt-4o,,,,,,,0.5183391392014651,0.6586143860626069,,,,,,,30.0,0.025416297485018956,3.3156963391235523
rollout,R_easy_014,easy,gpt-4o,,,,,,,0.05526135293239488,0.9476325435601022,,,,,,,30.0,1.666666666670762e-06,1.9331751304115963
rollout,R_easy_015,easy,gpt-4o,,,,,,,0.3157290164740137,0.7600349216891733,,,,,,,30.0,0.013215680456987742,3.341368643347629
rollout,R_easy_016,easy,gpt-4o,,,,,,,0.1904110357790626,0.8400459756705394,,,,,,,30.0,1.0683648784102588e-06,6.663763039421452
rollout,R_easy_017,easy,gpt-4o,,,,,,,0.07613748468504827,0.9292492959602358,,,,,,,30.0,2.885620115390458e-06,2.663128685576045
rollout,R_medium_018,medium,gpt-4o,,,,,,,0.22845423763410933,0.8140311371516032,,,,,,,30.0,3.0751084043897e-06,7.994104503957933
rollout,R_medium_019,medium,gpt-4o,,,,,,,0.43676045605858815,0.6960102470687862,,,,,,,30.0,1.4959759696009377e-07,15.286528696785691
rollout,R_medium_020,medium,gpt-4o,,,,,,,0.25609303021041424,0.7961193764704555,,,,,,,30.0,2.457845390179773e-06,8.961822314220226
rollout,R_medium_021,medium,gpt-4o,,,,,,,1.771828187102902,0.36077272200813926,,,,,,,30.0,0.00019813028916353115,61.89841054658951
rollout,R_medium_022,medium,gpt-4o,,,,,,,1.104947918593048,0.47507113651933125,,,,,,,30.0,1.9022442549939307e-06,38.6720675082746
rollout,R_medium_023,medium,gpt-4o,,,,,,,0.7278647596294118,0.5787489989751731,,,,,,,30.0,4.59908751217671e-07,25.474998306924537
rollout,R_medium_024,medium,gpt-4o,,,,,,,0.3640505587747752,0.7331106560289271,,,,,,,30.0,1.1232334506949825e-17,12.741769557117127
rollout,R_medium_025,medium,gpt-4o,,,,,,,0.21316567373461992,0.8242897253444298,,,,,,,30.0,1.3573301557855597e-06,7.460006804787489
rollout,R_medium_026,medium,gpt-4o,,,,,,,0.3478368117283766,0.7419295802714175,,,,,,,30.0,0.0005075299199013489,11.878229290550726
rollout,R_medium_027,medium,gpt-4o,,,,,,,0.55293595740806,0.6439415580723997,,,,,,,30.0,0.0016230819596969217,18.405960699458895
rollout,R_medium_028,medium,gpt-4o,,,,,,,1.1050238349280253,0.47505400338338294,,,,,,,30.0,6.891628475970505e-05,38.63563305637106
rollout,R_medium_029,medium,gpt-4o,,,,,,,1.0351500509394975,0.4913642606049438,,,,,,,30.0,0.000702961860576537,35.8201906975461
rollout,R_medium_030,medium,gpt-4o,,,,,,,0.5844967913385315,0.6311151940896216,,,,,,,30.0,3.5193445166471307e-06,20.45533474588056
rollout,R_medium_031,medium,gpt-4o,,,,,,,0.36622685806875377,0.7319428644621743,,,,,,,30.0,1.9197606467476665e-17,12.817940032406371
rollout,R_medium_032,medium,gpt-4o,,,,,,,0.4172378536315739,0.7055978623754433,,,,,,,30.0,2.377543441613635e-07,14.603186187070992
rollout,R_medium_033,medium,gpt-4o,,,,,,,1.4016815455935931,0.4163749360670724,,,,,,,30.0,0.02421705899860713,34.93223634658827
rollout,R_medium_034,medium,gpt-4o,,,,,,,0.9557496743018076,0.5113128807535119,,,,,,,30.0,2.474872159060245e-17,33.45123860056325
rollout,R_medium_035,medium,gpt-4o,,,,,,,0.5292561572005587,0.6539126851256823,,,,,,,30.0,3.3550877685026755e-06,18.52200836748793
rollout,R_hard_036,hard,gpt-4o,,,,,,,6.4752010914285005,0.13377566539937744,,,,,,,30.0,0.3014157640040715,50.806175864289145
rollout,R_hard_037,hard,gpt-4o,,,,,,,3.7615439441279617,0.21001591326973293,,,,,,,30.0,8.977601744027582e-07,131.65351435104358
rollout,R_hard_038,hard,gpt-4o,,,,,,,4.797053816704043,0.17250141737834637,,,,,,,30.0,0.11947666666666666,98.20216136241928
rollout,R_hard_039,hard,gpt-4o,,,,,,,2.6097006687931654,0.27703128091624585,,,,,,,30.0,0.0003000000000000586,91.16452340776077
rollout,R_hard_040,hard,gpt-4o,,,,,,,5.267643088719676,0.15954960833678794,,,,,,,30.0,0.019180123508511237,173.17910272522374
rollout,R_hard_041,hard,gpt-4o,,,,,,,4.479373204952348,0.18250262623034755,,,,,,,30.0,1.295260195396016e-17,156.7780621733322
rollout,R_hard_042,hard,gpt-4o,,,,,,,6.346973038373316,0.13611047635223236,,,,,,,30.0,0.0588024160231421,187.84264699623319
rollout,R_hard_043,hard,gpt-4o,,,,,,,4.711931970612485,0.17507211310375093,,,,,,,30.0,0.07471931530273347,121.33135171150911
rollout,R_hard_044,hard,gpt-4o,,,,,,,4.309242507675398,0.18835078611578446,,,,,,,30.0,0.13899000000000003,69.7459877686389
rollout,R_hard_045,hard,gpt-4o,,,,,,,2.398981957552784,0.29420573939144556,,,,,,,30.0,0.02181333333333333,71.239924069903
rollout,R_hard_046,hard,gpt-4o,,,,,,,3.131191871096663,0.24206089458017374,,,,,,,30.0,0.01651666666666666,99.95699326616099
rollout,R_hard_047,hard,gpt-4o,,,,,,,4.836813688555143,0.17132635258870874,,,,,,,30.0,0.04388666666666667,143.68792354387443
rollout,R_hard_048,hard,gpt-4o,,,,,,,4.997912182307087,0.1667246817900811,,,,,,,30.0,0.02953374970742282,157.69890571808475
rollout,R_hard_049,hard,gpt-4o,,,,,,,6.081865088462397,0.14120573994401217,,,,,,,30.0,0.07483023394531108,169.21430829475244
rollout,R_hard_050,hard,gpt-4o,,,,,,,7.038473927726407,0.12440172214166015,,,,,,,30.0,0.07550890105687008,202.29972852058333
rollout,R_hard_051,hard,gpt-4o,,,,,,,5.290150167117644,0.15897871647446427,,,,,,,30.0,0.19950279848362354,68.77862340033714
rollout,R_hard_052,hard,gpt-4o,,,,,,,5.7419250432373845,0.14832558855027156,,,,,,,30.0,0.07735711487194542,155.84239283800696
rollout,R_hard_053,hard,gpt-4o,,,,,,,6.576627501534482,0.1319848441536121,,,,,,,30.0,0.009733488695592726,224.50409414794441
